<?xml version="1.0" encoding="UTF-8"?>
<gpx xmlns="http://www.topografix.com/GPX/1/1" xmlns:gpxtpx="http://www.garmin.com/xmlschemas/TrackPointExtension/v1" xmlns:xsi="http://www.w3.org/2001/XMLSchema-instance" xsi:schemaLocation="http://www.topografix.com/GPX/1/1 http://www.topografix.com/GPX/1/1/gpx.xsd" version="1.1" creator="gpx.py -- https://github.com/tkrajina/gpxpy">
  <trk>
    <name>gpx from keep</name>
    <type>Run</type>
    <trkseg>
      <trkpt lat="40.00668709251689" lon="116.45692013974183">
        <ele>38.088885840028524</ele>
        <time>7632-09-01T00:13:03.799988Z</time>
      </trkpt>
      <trkpt lat="40.006655806244694" lon="116.45692468194144">
        <ele>38.090405859053135</ele>
        <time>1970-01-01T00:00:01.400000Z</time>
      </trkpt>
      <trkpt lat="40.00663237038619" lon="116.45692811353564">
        <ele>38.09421817865223</ele>
        <time>1970-01-01T00:00:02.400000Z</time>
      </trkpt>
      <trkpt lat="40.00660837385742" lon="116.45693172216647">
        <ele>38.09729190170765</ele>
        <time>1970-01-01T00:00:03.400000Z</time>
      </trkpt>
      <trkpt lat="40.0065839796405" lon="116.45693534790122">
        <ele>38.098898640833795</ele>
        <time>1970-01-01T00:00:04.400000Z</time>
      </trkpt>
      <trkpt lat="40.00655929393399" lon="116.45693880517791">
        <ele>38.10064641200006</ele>
        <time>1970-01-01T00:00:05.400000Z</time>
      </trkpt>
      <trkpt lat="40.006534293388164" lon="116.456942059387">
        <ele>38.0150881530717</ele>
        <time>1970-01-01T00:00:06.400000Z</time>
      </trkpt>
      <trkpt lat="40.00650884839336" lon="116.45694509402458">
        <ele>38.207110851071775</ele>
        <time>1970-01-01T00:00:07.400000Z</time>
      </trkpt>
      <trkpt lat="40.0064831113582" lon="116.45694787169424">
        <ele>38.23207124695182</ele>
        <time>1970-01-01T00:00:08.400000Z</time>
      </trkpt>
      <trkpt lat="40.0064573818273" lon="116.45695032407518">
        <ele>38.2284655245021</ele>
        <time>1970-01-01T00:00:09.400000Z</time>
      </trkpt>
      <trkpt lat="40.00643193036714" lon="116.45695242907762">
        <ele>38.22001067083329</ele>
        <time>1970-01-01T00:00:10.400000Z</time>
      </trkpt>
      <trkpt lat="40.00640704820056" lon="116.45695419307818">
        <ele>38.208531006239355</ele>
        <time>1970-01-01T00:00:11.400000Z</time>
      </trkpt>
      <trkpt lat="40.00638274544855" lon="116.45695564401375">
        <ele>38.201732125133276</ele>
        <time>1970-01-01T00:00:12.400000Z</time>
      </trkpt>
      <trkpt lat="40.006358767264956" lon="116.45695682521267">
        <ele>38.197651457972825</ele>
        <time>1970-01-01T00:00:13.400000Z</time>
      </trkpt>
      <trkpt lat="40.00633494074603" lon="116.45695778788287">
        <ele>38.194543121382594</ele>
        <time>1970-01-01T00:00:14.400000Z</time>
      </trkpt>
      <trkpt lat="40.006311173620034" lon="116.45695855342491">
        <ele>38.192092846147716</ele>
        <time>1970-01-01T00:00:15.400000Z</time>
      </trkpt>
      <trkpt lat="40.006287560620954" lon="116.45695915676905">
        <ele>38.19295899383724</ele>
        <time>1970-01-01T00:00:16.400000Z</time>
      </trkpt>
      <trkpt lat="40.00626435358471" lon="116.45695959084433">
        <ele>38.1945176217705</ele>
        <time>1970-01-01T00:00:17.400000Z</time>
      </trkpt>
      <trkpt lat="40.00624207397004" lon="116.45695984250574">
        <ele>38.196619750000536</ele>
        <time>1970-01-01T00:00:18.400000Z</time>
      </trkpt>
      <trkpt lat="40.00622159408048" lon="116.45695986151982">
        <ele>38.19835512526333</ele>
        <time>1970-01-01T00:00:19.400000Z</time>
      </trkpt>
      <trkpt lat="40.00620306563974" lon="116.45695964873687">
        <ele>38.200338523834944</ele>
        <time>1970-01-01T00:00:20.400000Z</time>
        <extensions>
          <gpxtpx:TrackPointExtension>
            <gpxtpx:hr>105</gpxtpx:hr>
          </gpxtpx:TrackPointExtension>
        </extensions>
      </trkpt>
      <trkpt lat="40.00618484606214" lon="116.45695926268516">
        <ele>38.20181223936379</ele>
        <time>1970-01-01T00:00:21.400000Z</time>
        <extensions>
          <gpxtpx:TrackPointExtension>
            <gpxtpx:hr>105</gpxtpx:hr>
          </gpxtpx:TrackPointExtension>
        </extensions>
      </trkpt>
      <trkpt lat="40.006165442786056" lon="116.45695871766">
        <ele>38.20491696707904</ele>
        <time>1970-01-01T00:00:22.400000Z</time>
        <extensions>
          <gpxtpx:TrackPointExtension>
            <gpxtpx:hr>105</gpxtpx:hr>
          </gpxtpx:TrackPointExtension>
        </extensions>
      </trkpt>
      <trkpt lat="40.006144677204645" lon="116.45695806406233">
        <ele>38.2085118573159</ele>
        <time>1970-01-01T00:00:23.400000Z</time>
        <extensions>
          <gpxtpx:TrackPointExtension>
            <gpxtpx:hr>105</gpxtpx:hr>
          </gpxtpx:TrackPointExtension>
        </extensions>
      </trkpt>
      <trkpt lat="40.00612263686698" lon="116.45695729849373">
        <ele>38.21222745068371</ele>
        <time>1970-01-01T00:00:24.400000Z</time>
        <extensions>
          <gpxtpx:TrackPointExtension>
            <gpxtpx:hr>105</gpxtpx:hr>
          </gpxtpx:TrackPointExtension>
        </extensions>
      </trkpt>
      <trkpt lat="40.00609947408743" lon="116.45695639941074">
        <ele>38.21636492293328</ele>
        <time>1970-01-01T00:00:25.400000Z</time>
        <extensions>
          <gpxtpx:TrackPointExtension>
            <gpxtpx:hr>105</gpxtpx:hr>
          </gpxtpx:TrackPointExtension>
        </extensions>
      </trkpt>
      <trkpt lat="40.00607550386542" lon="116.45695537442539">
        <ele>38.220967159606516</ele>
        <time>1970-01-01T00:00:26.400000Z</time>
        <extensions>
          <gpxtpx:TrackPointExtension>
            <gpxtpx:hr>105</gpxtpx:hr>
          </gpxtpx:TrackPointExtension>
        </extensions>
      </trkpt>
      <trkpt lat="40.00605123208316" lon="116.4569542233304">
        <ele>38.226358994841576</ele>
        <time>1970-01-01T00:00:27.400000Z</time>
        <extensions>
          <gpxtpx:TrackPointExtension>
            <gpxtpx:hr>105</gpxtpx:hr>
          </gpxtpx:TrackPointExtension>
        </extensions>
      </trkpt>
      <trkpt lat="40.006027201510435" lon="116.45695287181789">
        <ele>38.23036840651184</ele>
        <time>1970-01-01T00:00:28.400000Z</time>
        <extensions>
          <gpxtpx:TrackPointExtension>
            <gpxtpx:hr>105</gpxtpx:hr>
          </gpxtpx:TrackPointExtension>
        </extensions>
      </trkpt>
      <trkpt lat="40.00600402424079" lon="116.45695129033925">
        <ele>38.23400207422674</ele>
        <time>1970-01-01T00:00:29.400000Z</time>
        <extensions>
          <gpxtpx:TrackPointExtension>
            <gpxtpx:hr>105</gpxtpx:hr>
          </gpxtpx:TrackPointExtension>
        </extensions>
      </trkpt>
      <trkpt lat="40.00598255105881" lon="116.4569496095317">
        <ele>38.23832280468196</ele>
        <time>1970-01-01T00:00:30.400000Z</time>
        <extensions>
          <gpxtpx:TrackPointExtension>
            <gpxtpx:hr>105</gpxtpx:hr>
          </gpxtpx:TrackPointExtension>
        </extensions>
      </trkpt>
      <trkpt lat="40.005963895992195" lon="116.45694803271567">
        <ele>38.242351127788424</ele>
        <time>1970-01-01T00:00:31.400000Z</time>
        <extensions>
          <gpxtpx:TrackPointExtension>
            <gpxtpx:hr>105</gpxtpx:hr>
          </gpxtpx:TrackPointExtension>
        </extensions>
      </trkpt>
      <trkpt lat="40.00594635613124" lon="116.45694648952013">
        <ele>38.246073194779456</ele>
        <time>1970-01-01T00:00:32.400000Z</time>
        <extensions>
          <gpxtpx:TrackPointExtension>
            <gpxtpx:hr>105</gpxtpx:hr>
          </gpxtpx:TrackPointExtension>
        </extensions>
      </trkpt>
      <trkpt lat="40.005928099120986" lon="116.45694489416803">
        <ele>38.249011606909335</ele>
        <time>1970-01-01T00:00:33.400000Z</time>
        <extensions>
          <gpxtpx:TrackPointExtension>
            <gpxtpx:hr>105</gpxtpx:hr>
          </gpxtpx:TrackPointExtension>
        </extensions>
      </trkpt>
      <trkpt lat="40.00590925770028" lon="116.45694332398443">
        <ele>38.25203921459615</ele>
        <time>1970-01-01T00:00:34.400000Z</time>
        <extensions>
          <gpxtpx:TrackPointExtension>
            <gpxtpx:hr>105</gpxtpx:hr>
          </gpxtpx:TrackPointExtension>
        </extensions>
      </trkpt>
      <trkpt lat="40.00588976618264" lon="116.45694178345227">
        <ele>38.255138946697116</ele>
        <time>1970-01-01T00:00:35.400000Z</time>
        <extensions>
          <gpxtpx:TrackPointExtension>
            <gpxtpx:hr>106</gpxtpx:hr>
          </gpxtpx:TrackPointExtension>
        </extensions>
      </trkpt>
      <trkpt lat="40.00587063597721" lon="116.45694048792456">
        <ele>38.258892487734556</ele>
        <time>1970-01-01T00:00:36.400000Z</time>
        <extensions>
          <gpxtpx:TrackPointExtension>
            <gpxtpx:hr>106</gpxtpx:hr>
          </gpxtpx:TrackPointExtension>
        </extensions>
      </trkpt>
      <trkpt lat="40.005852578785344" lon="116.45693950078103">
        <ele>38.26259298995137</ele>
        <time>1970-01-01T00:00:37.400000Z</time>
        <extensions>
          <gpxtpx:TrackPointExtension>
            <gpxtpx:hr>106</gpxtpx:hr>
          </gpxtpx:TrackPointExtension>
        </extensions>
      </trkpt>
      <trkpt lat="40.00583581456404" lon="116.45693873744362">
        <ele>38.26590892393142</ele>
        <time>1970-01-01T00:00:38.400000Z</time>
        <extensions>
          <gpxtpx:TrackPointExtension>
            <gpxtpx:hr>106</gpxtpx:hr>
          </gpxtpx:TrackPointExtension>
        </extensions>
      </trkpt>
      <trkpt lat="40.00581861847145" lon="116.45693815148867">
        <ele>38.26893127243966</ele>
        <time>1970-01-01T00:00:39.400000Z</time>
        <extensions>
          <gpxtpx:TrackPointExtension>
            <gpxtpx:hr>106</gpxtpx:hr>
          </gpxtpx:TrackPointExtension>
        </extensions>
      </trkpt>
      <trkpt lat="40.005799515194276" lon="116.45693767646031">
        <ele>38.27168964687735</ele>
        <time>1970-01-01T00:00:40.400000Z</time>
        <extensions>
          <gpxtpx:TrackPointExtension>
            <gpxtpx:hr>104</gpxtpx:hr>
          </gpxtpx:TrackPointExtension>
        </extensions>
      </trkpt>
      <trkpt lat="40.00577973117375" lon="116.45693742670376">
        <ele>38.27451122738421</ele>
        <time>1970-01-01T00:00:41.400000Z</time>
        <extensions>
          <gpxtpx:TrackPointExtension>
            <gpxtpx:hr>104</gpxtpx:hr>
          </gpxtpx:TrackPointExtension>
        </extensions>
      </trkpt>
      <trkpt lat="40.00576071962631" lon="116.45693748530721">
        <ele>38.2768468959257</ele>
        <time>1970-01-01T00:00:42.400000Z</time>
        <extensions>
          <gpxtpx:TrackPointExtension>
            <gpxtpx:hr>104</gpxtpx:hr>
          </gpxtpx:TrackPointExtension>
        </extensions>
      </trkpt>
      <trkpt lat="40.00574148899168" lon="116.4569378594704">
        <ele>38.27911299094558</ele>
        <time>1970-01-01T00:00:43.400000Z</time>
        <extensions>
          <gpxtpx:TrackPointExtension>
            <gpxtpx:hr>104</gpxtpx:hr>
          </gpxtpx:TrackPointExtension>
        </extensions>
      </trkpt>
      <trkpt lat="40.005721025378584" lon="116.4569384360837">
        <ele>38.280774413608015</ele>
        <time>1970-01-01T00:00:44.400000Z</time>
        <extensions>
          <gpxtpx:TrackPointExtension>
            <gpxtpx:hr>104</gpxtpx:hr>
          </gpxtpx:TrackPointExtension>
        </extensions>
      </trkpt>
      <trkpt lat="40.00570073061392" lon="116.45693898552071">
        <ele>38.28196852374822</ele>
        <time>1970-01-01T00:00:45.400000Z</time>
        <extensions>
          <gpxtpx:TrackPointExtension>
            <gpxtpx:hr>102</gpxtpx:hr>
          </gpxtpx:TrackPointExtension>
        </extensions>
      </trkpt>
      <trkpt lat="40.00567906012897" lon="116.45693947583358">
        <ele>38.28265341836959</ele>
        <time>1970-01-01T00:00:46.400000Z</time>
        <extensions>
          <gpxtpx:TrackPointExtension>
            <gpxtpx:hr>102</gpxtpx:hr>
          </gpxtpx:TrackPointExtension>
        </extensions>
      </trkpt>
      <trkpt lat="40.0056541898318" lon="116.45694014183233">
        <ele>38.28265275340527</ele>
        <time>1970-01-01T00:00:47.400000Z</time>
        <extensions>
          <gpxtpx:TrackPointExtension>
            <gpxtpx:hr>102</gpxtpx:hr>
          </gpxtpx:TrackPointExtension>
        </extensions>
      </trkpt>
      <trkpt lat="40.00562702570893" lon="116.45694112179866">
        <ele>38.281767019070685</ele>
        <time>1970-01-01T00:00:48.400000Z</time>
        <extensions>
          <gpxtpx:TrackPointExtension>
            <gpxtpx:hr>102</gpxtpx:hr>
          </gpxtpx:TrackPointExtension>
        </extensions>
      </trkpt>
      <trkpt lat="40.00559849250998" lon="116.45694246200858">
        <ele>38.27982448134571</ele>
        <time>1970-01-01T00:00:49.400000Z</time>
        <extensions>
          <gpxtpx:TrackPointExtension>
            <gpxtpx:hr>101</gpxtpx:hr>
          </gpxtpx:TrackPointExtension>
        </extensions>
      </trkpt>
      <trkpt lat="40.005568935918426" lon="116.45694433257333">
        <ele>38.27660164516419</ele>
        <time>1970-01-01T00:00:50.400000Z</time>
        <extensions>
          <gpxtpx:TrackPointExtension>
            <gpxtpx:hr>101</gpxtpx:hr>
          </gpxtpx:TrackPointExtension>
        </extensions>
      </trkpt>
      <trkpt lat="40.005538622369556" lon="116.45694666286808">
        <ele>38.271626491099596</ele>
        <time>1970-01-01T00:00:51.400000Z</time>
        <extensions>
          <gpxtpx:TrackPointExtension>
            <gpxtpx:hr>101</gpxtpx:hr>
          </gpxtpx:TrackPointExtension>
        </extensions>
      </trkpt>
      <trkpt lat="40.00550820304704" lon="116.45694905590726">
        <ele>38.26433533523232</ele>
        <time>1970-01-01T00:00:52.400000Z</time>
        <extensions>
          <gpxtpx:TrackPointExtension>
            <gpxtpx:hr>101</gpxtpx:hr>
          </gpxtpx:TrackPointExtension>
        </extensions>
      </trkpt>
      <trkpt lat="40.00547831270241" lon="116.45695110408498">
        <ele>38.25414037890732</ele>
        <time>1970-01-01T00:00:53.400000Z</time>
        <extensions>
          <gpxtpx:TrackPointExtension>
            <gpxtpx:hr>101</gpxtpx:hr>
          </gpxtpx:TrackPointExtension>
        </extensions>
      </trkpt>
      <trkpt lat="40.005449703692925" lon="116.45695256045416">
        <ele>38.24031091760844</ele>
        <time>1970-01-01T00:00:54.400000Z</time>
        <extensions>
          <gpxtpx:TrackPointExtension>
            <gpxtpx:hr>101</gpxtpx:hr>
          </gpxtpx:TrackPointExtension>
        </extensions>
      </trkpt>
      <trkpt lat="40.00542322442757" lon="116.45695352024035">
        <ele>38.22159087751061</ele>
        <time>1970-01-01T00:00:55.400000Z</time>
        <extensions>
          <gpxtpx:TrackPointExtension>
            <gpxtpx:hr>107</gpxtpx:hr>
          </gpxtpx:TrackPointExtension>
        </extensions>
      </trkpt>
      <trkpt lat="40.00539980466066" lon="116.4569542360964">
        <ele>38.19658591598272</ele>
        <time>1970-01-01T00:00:56.400000Z</time>
        <extensions>
          <gpxtpx:TrackPointExtension>
            <gpxtpx:hr>107</gpxtpx:hr>
          </gpxtpx:TrackPointExtension>
        </extensions>
      </trkpt>
      <trkpt lat="40.005379458630316" lon="116.45695483103759">
        <ele>38.16297351103276</ele>
        <time>1970-01-01T00:00:57.400000Z</time>
        <extensions>
          <gpxtpx:TrackPointExtension>
            <gpxtpx:hr>107</gpxtpx:hr>
          </gpxtpx:TrackPointExtension>
        </extensions>
      </trkpt>
      <trkpt lat="40.005361137362726" lon="116.4569553891096">
        <ele>38.118979590944946</ele>
        <time>1970-01-01T00:00:58.400000Z</time>
        <extensions>
          <gpxtpx:TrackPointExtension>
            <gpxtpx:hr>107</gpxtpx:hr>
          </gpxtpx:TrackPointExtension>
        </extensions>
      </trkpt>
      <trkpt lat="40.005342850391976" lon="116.45695615798085">
        <ele>38.065390137955546</ele>
        <time>1970-01-01T00:00:59.400000Z</time>
        <extensions>
          <gpxtpx:TrackPointExtension>
            <gpxtpx:hr>107</gpxtpx:hr>
          </gpxtpx:TrackPointExtension>
        </extensions>
      </trkpt>
      <trkpt lat="40.00532314841732" lon="116.45695727953982">
        <ele>38.00532419979572</ele>
        <time>1970-01-01T00:01:00.400000Z</time>
        <extensions>
          <gpxtpx:TrackPointExtension>
            <gpxtpx:hr>107</gpxtpx:hr>
          </gpxtpx:TrackPointExtension>
        </extensions>
      </trkpt>
      <trkpt lat="40.005301886465524" lon="116.45695848367586">
        <ele>37.9424488870427</ele>
        <time>1970-01-01T00:01:01.400000Z</time>
        <extensions>
          <gpxtpx:TrackPointExtension>
            <gpxtpx:hr>114</gpxtpx:hr>
          </gpxtpx:TrackPointExtension>
        </extensions>
      </trkpt>
      <trkpt lat="40.005279380202545" lon="116.45695928561227">
        <ele>37.87977663334459</ele>
        <time>1970-01-01T00:01:02.400000Z</time>
        <extensions>
          <gpxtpx:TrackPointExtension>
            <gpxtpx:hr>114</gpxtpx:hr>
          </gpxtpx:TrackPointExtension>
        </extensions>
      </trkpt>
      <trkpt lat="40.0052563161233" lon="116.45695951296955">
        <ele>37.819710886105895</ele>
        <time>1970-01-01T00:01:03.400000Z</time>
        <extensions>
          <gpxtpx:TrackPointExtension>
            <gpxtpx:hr>114</gpxtpx:hr>
          </gpxtpx:TrackPointExtension>
        </extensions>
      </trkpt>
      <trkpt lat="40.00523290622838" lon="116.4569592776768">
        <ele>37.76389133371413</ele>
        <time>1970-01-01T00:01:04.400000Z</time>
        <extensions>
          <gpxtpx:TrackPointExtension>
            <gpxtpx:hr>114</gpxtpx:hr>
          </gpxtpx:TrackPointExtension>
        </extensions>
      </trkpt>
      <trkpt lat="40.00520946877219" lon="116.45695921203611">
        <ele>37.713436369784176</ele>
        <time>1970-01-01T00:01:05.400000Z</time>
        <extensions>
          <gpxtpx:TrackPointExtension>
            <gpxtpx:hr>114</gpxtpx:hr>
          </gpxtpx:TrackPointExtension>
        </extensions>
      </trkpt>
      <trkpt lat="40.00518645990626" lon="116.4569594329093">
        <ele>37.66904920525849</ele>
        <time>1970-01-01T00:01:06.400000Z</time>
        <extensions>
          <gpxtpx:TrackPointExtension>
            <gpxtpx:hr>113</gpxtpx:hr>
          </gpxtpx:TrackPointExtension>
        </extensions>
      </trkpt>
      <trkpt lat="40.00516418839873" lon="116.45695960653202">
        <ele>37.63110738992691</ele>
        <time>1970-01-01T00:01:07.400000Z</time>
        <extensions>
          <gpxtpx:TrackPointExtension>
            <gpxtpx:hr>113</gpxtpx:hr>
          </gpxtpx:TrackPointExtension>
        </extensions>
      </trkpt>
      <trkpt lat="40.005142659712675" lon="116.45696004045593">
        <ele>37.599757531657815</ele>
        <time>1970-01-01T00:01:08.400000Z</time>
        <extensions>
          <gpxtpx:TrackPointExtension>
            <gpxtpx:hr>113</gpxtpx:hr>
          </gpxtpx:TrackPointExtension>
        </extensions>
      </trkpt>
      <trkpt lat="40.00512169059283" lon="116.45696104266213">
        <ele>37.57506983540952</ele>
        <time>1970-01-01T00:01:09.400000Z</time>
        <extensions>
          <gpxtpx:TrackPointExtension>
            <gpxtpx:hr>113</gpxtpx:hr>
          </gpxtpx:TrackPointExtension>
        </extensions>
      </trkpt>
      <trkpt lat="40.00510136497159" lon="116.4569626638119">
        <ele>37.55732831545174</ele>
        <time>1970-01-01T00:01:10.400000Z</time>
        <extensions>
          <gpxtpx:TrackPointExtension>
            <gpxtpx:hr>110</gpxtpx:hr>
          </gpxtpx:TrackPointExtension>
        </extensions>
      </trkpt>
      <trkpt lat="40.00508120939848" lon="116.45696483549625">
        <ele>37.54668178036809</ele>
        <time>1970-01-01T00:01:11.400000Z</time>
        <extensions>
          <gpxtpx:TrackPointExtension>
            <gpxtpx:hr>110</gpxtpx:hr>
          </gpxtpx:TrackPointExtension>
        </extensions>
      </trkpt>
      <trkpt lat="40.00506024922494" lon="116.45696739413061">
        <ele>37.54286636132747</ele>
        <time>1970-01-01T00:01:12.400000Z</time>
        <extensions>
          <gpxtpx:TrackPointExtension>
            <gpxtpx:hr>110</gpxtpx:hr>
          </gpxtpx:TrackPointExtension>
        </extensions>
      </trkpt>
      <trkpt lat="40.00503845148477" lon="116.45697014069641">
        <ele>37.545335623435676</ele>
        <time>1970-01-01T00:01:13.400000Z</time>
        <extensions>
          <gpxtpx:TrackPointExtension>
            <gpxtpx:hr>110</gpxtpx:hr>
          </gpxtpx:TrackPointExtension>
        </extensions>
      </trkpt>
      <trkpt lat="40.005016347168464" lon="116.45697296228074">
        <ele>37.55348694417626</ele>
        <time>1970-01-01T00:01:14.400000Z</time>
        <extensions>
          <gpxtpx:TrackPointExtension>
            <gpxtpx:hr>110</gpxtpx:hr>
          </gpxtpx:TrackPointExtension>
        </extensions>
      </trkpt>
      <trkpt lat="40.00499424772974" lon="116.45697538952481">
        <ele>37.566461401991546</ele>
        <time>1970-01-01T00:01:15.400000Z</time>
        <extensions>
          <gpxtpx:TrackPointExtension>
            <gpxtpx:hr>110</gpxtpx:hr>
          </gpxtpx:TrackPointExtension>
        </extensions>
      </trkpt>
      <trkpt lat="40.00497234277538" lon="116.45697733502186">
        <ele>37.58343708794564</ele>
        <time>1970-01-01T00:01:16.400000Z</time>
        <extensions>
          <gpxtpx:TrackPointExtension>
            <gpxtpx:hr>110</gpxtpx:hr>
          </gpxtpx:TrackPointExtension>
        </extensions>
      </trkpt>
      <trkpt lat="40.00495084221383" lon="116.45697918816886">
        <ele>37.60391270555556</ele>
        <time>1970-01-01T00:01:17.400000Z</time>
        <extensions>
          <gpxtpx:TrackPointExtension>
            <gpxtpx:hr>110</gpxtpx:hr>
          </gpxtpx:TrackPointExtension>
        </extensions>
      </trkpt>
      <trkpt lat="40.004929852372086" lon="116.45698120946832">
        <ele>37.62759303487837</ele>
        <time>1970-01-01T00:01:18.400000Z</time>
        <extensions>
          <gpxtpx:TrackPointExtension>
            <gpxtpx:hr>110</gpxtpx:hr>
          </gpxtpx:TrackPointExtension>
        </extensions>
      </trkpt>
      <trkpt lat="40.004909181856036" lon="116.4569835054858">
        <ele>37.65462467819452</ele>
        <time>1970-01-01T00:01:19.400000Z</time>
        <extensions>
          <gpxtpx:TrackPointExtension>
            <gpxtpx:hr>110</gpxtpx:hr>
          </gpxtpx:TrackPointExtension>
        </extensions>
      </trkpt>
      <trkpt lat="40.00488858569203" lon="116.4569861176305">
        <ele>37.68512197583914</ele>
        <time>1970-01-01T00:01:20.400000Z</time>
        <extensions>
          <gpxtpx:TrackPointExtension>
            <gpxtpx:hr>113</gpxtpx:hr>
          </gpxtpx:TrackPointExtension>
        </extensions>
      </trkpt>
      <trkpt lat="40.00486814031707" lon="116.45698912515769">
        <ele>37.71903589274734</ele>
        <time>1970-01-01T00:01:21.400000Z</time>
        <extensions>
          <gpxtpx:TrackPointExtension>
            <gpxtpx:hr>113</gpxtpx:hr>
          </gpxtpx:TrackPointExtension>
        </extensions>
      </trkpt>
      <trkpt lat="40.004848003535706" lon="116.45699186556611">
        <ele>37.75668796617538</ele>
        <time>1970-01-01T00:01:22.400000Z</time>
        <extensions>
          <gpxtpx:TrackPointExtension>
            <gpxtpx:hr>113</gpxtpx:hr>
          </gpxtpx:TrackPointExtension>
        </extensions>
      </trkpt>
      <trkpt lat="40.00482833170818" lon="116.45699378056163">
        <ele>37.79800185281783</ele>
        <time>1970-01-01T00:01:23.400000Z</time>
        <extensions>
          <gpxtpx:TrackPointExtension>
            <gpxtpx:hr>113</gpxtpx:hr>
          </gpxtpx:TrackPointExtension>
        </extensions>
      </trkpt>
      <trkpt lat="40.00480891711982" lon="116.45699514705555">
        <ele>37.84315807931125</ele>
        <time>1970-01-01T00:01:24.400000Z</time>
        <extensions>
          <gpxtpx:TrackPointExtension>
            <gpxtpx:hr>113</gpxtpx:hr>
          </gpxtpx:TrackPointExtension>
        </extensions>
      </trkpt>
      <trkpt lat="40.00478887842923" lon="116.45699605707053">
        <ele>37.89174784719944</ele>
        <time>1970-01-01T00:01:25.400000Z</time>
        <extensions>
          <gpxtpx:TrackPointExtension>
            <gpxtpx:hr>113</gpxtpx:hr>
          </gpxtpx:TrackPointExtension>
        </extensions>
      </trkpt>
      <trkpt lat="40.004767825598584" lon="116.4569966327684">
        <ele>37.94271232187748</ele>
        <time>1970-01-01T00:01:26.400000Z</time>
        <extensions>
          <gpxtpx:TrackPointExtension>
            <gpxtpx:hr>113</gpxtpx:hr>
          </gpxtpx:TrackPointExtension>
        </extensions>
      </trkpt>
      <trkpt lat="40.004746237382236" lon="116.45699673741981">
        <ele>37.994546693749726</ele>
        <time>1970-01-01T00:01:27.400000Z</time>
        <extensions>
          <gpxtpx:TrackPointExtension>
            <gpxtpx:hr>114</gpxtpx:hr>
          </gpxtpx:TrackPointExtension>
        </extensions>
      </trkpt>
      <trkpt lat="40.00472461684307" lon="116.45699604747293">
        <ele>38.045678827911615</ele>
        <time>1970-01-01T00:01:28.400000Z</time>
        <extensions>
          <gpxtpx:TrackPointExtension>
            <gpxtpx:hr>114</gpxtpx:hr>
          </gpxtpx:TrackPointExtension>
        </extensions>
      </trkpt>
      <trkpt lat="40.00470327852339" lon="116.45699442601585">
        <ele>38.09435603860766</ele>
        <time>1970-01-01T00:01:29.400000Z</time>
        <extensions>
          <gpxtpx:TrackPointExtension>
            <gpxtpx:hr>114</gpxtpx:hr>
          </gpxtpx:TrackPointExtension>
        </extensions>
      </trkpt>
      <trkpt lat="40.004682467543475" lon="116.45699177858882">
        <ele>38.13983894325793</ele>
        <time>1970-01-01T00:01:30.400000Z</time>
        <extensions>
          <gpxtpx:TrackPointExtension>
            <gpxtpx:hr>114</gpxtpx:hr>
          </gpxtpx:TrackPointExtension>
        </extensions>
      </trkpt>
      <trkpt lat="40.00466213897111" lon="116.45698794431054">
        <ele>38.1814931742847</ele>
        <time>1970-01-01T00:01:31.400000Z</time>
        <extensions>
          <gpxtpx:TrackPointExtension>
            <gpxtpx:hr>114</gpxtpx:hr>
          </gpxtpx:TrackPointExtension>
        </extensions>
      </trkpt>
      <trkpt lat="40.004642381740574" lon="116.45698217824055">
        <ele>38.216737429611385</ele>
        <time>1970-01-01T00:01:32.400000Z</time>
        <extensions>
          <gpxtpx:TrackPointExtension>
            <gpxtpx:hr>114</gpxtpx:hr>
          </gpxtpx:TrackPointExtension>
        </extensions>
      </trkpt>
      <trkpt lat="40.004623749026635" lon="116.4569728992946">
        <ele>38.24567767512053</ele>
        <time>1970-01-01T00:01:33.400000Z</time>
        <extensions>
          <gpxtpx:TrackPointExtension>
            <gpxtpx:hr>114</gpxtpx:hr>
          </gpxtpx:TrackPointExtension>
        </extensions>
      </trkpt>
      <trkpt lat="40.00460769285074" lon="116.45695775803367">
        <ele>38.267179081216455</ele>
        <time>1970-01-01T00:01:34.400000Z</time>
        <extensions>
          <gpxtpx:TrackPointExtension>
            <gpxtpx:hr>114</gpxtpx:hr>
          </gpxtpx:TrackPointExtension>
        </extensions>
      </trkpt>
      <trkpt lat="40.004595887966545" lon="116.45693609466929">
        <ele>38.28160050883889</ele>
        <time>1970-01-01T00:01:35.400000Z</time>
        <extensions>
          <gpxtpx:TrackPointExtension>
            <gpxtpx:hr>114</gpxtpx:hr>
          </gpxtpx:TrackPointExtension>
        </extensions>
      </trkpt>
      <trkpt lat="40.00458906906577" lon="116.45690981605918">
        <ele>38.28920420818031</ele>
        <time>1970-01-01T00:01:36.400000Z</time>
        <extensions>
          <gpxtpx:TrackPointExtension>
            <gpxtpx:hr>116</gpxtpx:hr>
          </gpxtpx:TrackPointExtension>
        </extensions>
      </trkpt>
      <trkpt lat="40.00458636187462" lon="116.4568814367683">
        <ele>38.29095673840493</ele>
        <time>1970-01-01T00:01:37.400000Z</time>
        <extensions>
          <gpxtpx:TrackPointExtension>
            <gpxtpx:hr>116</gpxtpx:hr>
          </gpxtpx:TrackPointExtension>
        </extensions>
      </trkpt>
      <trkpt lat="40.00458606820402" lon="116.45685266511262">
        <ele>38.28780129086226</ele>
        <time>1970-01-01T00:01:38.400000Z</time>
        <extensions>
          <gpxtpx:TrackPointExtension>
            <gpxtpx:hr>116</gpxtpx:hr>
          </gpxtpx:TrackPointExtension>
        </extensions>
      </trkpt>
      <trkpt lat="40.00458694629349" lon="116.45682426304448">
        <ele>38.281039231456816</ele>
        <time>1970-01-01T00:01:39.400000Z</time>
        <extensions>
          <gpxtpx:TrackPointExtension>
            <gpxtpx:hr>116</gpxtpx:hr>
          </gpxtpx:TrackPointExtension>
        </extensions>
      </trkpt>
      <trkpt lat="40.00458837560513" lon="116.45679623891944">
        <ele>38.27179275266826</ele>
        <time>1970-01-01T00:01:40.400000Z</time>
        <extensions>
          <gpxtpx:TrackPointExtension>
            <gpxtpx:hr>116</gpxtpx:hr>
          </gpxtpx:TrackPointExtension>
        </extensions>
      </trkpt>
      <trkpt lat="40.0045901472564" lon="116.45676760238628">
        <ele>38.26072959136218</ele>
        <time>1970-01-01T00:01:41.400000Z</time>
        <extensions>
          <gpxtpx:TrackPointExtension>
            <gpxtpx:hr>116</gpxtpx:hr>
          </gpxtpx:TrackPointExtension>
        </extensions>
      </trkpt>
      <trkpt lat="40.004591869726625" lon="116.45673755835989">
        <ele>38.24854048527777</ele>
        <time>1970-01-01T00:01:42.400000Z</time>
        <extensions>
          <gpxtpx:TrackPointExtension>
            <gpxtpx:hr>122</gpxtpx:hr>
          </gpxtpx:TrackPointExtension>
        </extensions>
      </trkpt>
      <trkpt lat="40.00459301220932" lon="116.45670688545839">
        <ele>38.2361278757453</ele>
        <time>1970-01-01T00:01:43.400000Z</time>
        <extensions>
          <gpxtpx:TrackPointExtension>
            <gpxtpx:hr>122</gpxtpx:hr>
          </gpxtpx:TrackPointExtension>
        </extensions>
      </trkpt>
      <trkpt lat="40.00459274691202" lon="116.456676539025">
        <ele>38.223962692543864</ele>
        <time>1970-01-01T00:01:44.400000Z</time>
        <extensions>
          <gpxtpx:TrackPointExtension>
            <gpxtpx:hr>122</gpxtpx:hr>
          </gpxtpx:TrackPointExtension>
        </extensions>
      </trkpt>
      <trkpt lat="40.00458989782073" lon="116.45664742761251">
        <ele>38.211263733915985</ele>
        <time>1970-01-01T00:01:45.400000Z</time>
        <extensions>
          <gpxtpx:TrackPointExtension>
            <gpxtpx:hr>122</gpxtpx:hr>
          </gpxtpx:TrackPointExtension>
        </extensions>
      </trkpt>
      <trkpt lat="40.00458376048692" lon="116.45662017870636">
        <ele>38.19779357779771</ele>
        <time>1970-01-01T00:01:46.400000Z</time>
        <extensions>
          <gpxtpx:TrackPointExtension>
            <gpxtpx:hr>122</gpxtpx:hr>
          </gpxtpx:TrackPointExtension>
        </extensions>
      </trkpt>
      <trkpt lat="40.00457493556893" lon="116.45659393330723">
        <ele>38.18354871775955</ele>
        <time>1970-01-01T00:01:47.400000Z</time>
        <extensions>
          <gpxtpx:TrackPointExtension>
            <gpxtpx:hr>122</gpxtpx:hr>
          </gpxtpx:TrackPointExtension>
        </extensions>
      </trkpt>
      <trkpt lat="40.00456462535747" lon="116.45656852549699">
        <ele>38.168729493394494</ele>
        <time>1970-01-01T00:01:48.400000Z</time>
        <extensions>
          <gpxtpx:TrackPointExtension>
            <gpxtpx:hr>123</gpxtpx:hr>
          </gpxtpx:TrackPointExtension>
        </extensions>
      </trkpt>
      <trkpt lat="40.004552900351754" lon="116.45654456408035">
        <ele>38.153475287370384</ele>
        <time>1970-01-01T00:01:49.400000Z</time>
        <extensions>
          <gpxtpx:TrackPointExtension>
            <gpxtpx:hr>123</gpxtpx:hr>
          </gpxtpx:TrackPointExtension>
        </extensions>
      </trkpt>
      <trkpt lat="40.00453961807073" lon="116.45652187929558">
        <ele>38.13787821959704</ele>
        <time>1970-01-01T00:01:50.400000Z</time>
        <extensions>
          <gpxtpx:TrackPointExtension>
            <gpxtpx:hr>123</gpxtpx:hr>
          </gpxtpx:TrackPointExtension>
        </extensions>
      </trkpt>
      <trkpt lat="40.0045254760973" lon="116.4564996969107">
        <ele>38.121622691862285</ele>
        <time>1970-01-01T00:01:51.400000Z</time>
        <extensions>
          <gpxtpx:TrackPointExtension>
            <gpxtpx:hr>123</gpxtpx:hr>
          </gpxtpx:TrackPointExtension>
        </extensions>
      </trkpt>
      <trkpt lat="40.00451164149378" lon="116.45647677289034">
        <ele>38.104444288648665</ele>
        <time>1970-01-01T00:01:52.400000Z</time>
        <extensions>
          <gpxtpx:TrackPointExtension>
            <gpxtpx:hr>124</gpxtpx:hr>
          </gpxtpx:TrackPointExtension>
        </extensions>
      </trkpt>
      <trkpt lat="40.00449905083029" lon="116.45645235622457">
        <ele>38.08617921825498</ele>
        <time>1970-01-01T00:01:53.400000Z</time>
        <extensions>
          <gpxtpx:TrackPointExtension>
            <gpxtpx:hr>124</gpxtpx:hr>
          </gpxtpx:TrackPointExtension>
        </extensions>
      </trkpt>
      <trkpt lat="40.00448781045103" lon="116.45642671222458">
        <ele>38.06672116089612</ele>
        <time>1970-01-01T00:01:54.400000Z</time>
        <extensions>
          <gpxtpx:TrackPointExtension>
            <gpxtpx:hr>124</gpxtpx:hr>
          </gpxtpx:TrackPointExtension>
        </extensions>
      </trkpt>
      <trkpt lat="40.004477454129365" lon="116.45640022888072">
        <ele>38.04565347451717</ele>
        <time>1970-01-01T00:01:55.400000Z</time>
        <extensions>
          <gpxtpx:TrackPointExtension>
            <gpxtpx:hr>124</gpxtpx:hr>
          </gpxtpx:TrackPointExtension>
        </extensions>
      </trkpt>
      <trkpt lat="40.0044681414101" lon="116.45637274123385">
        <ele>38.0228232042864</ele>
        <time>1970-01-01T00:01:56.400000Z</time>
        <extensions>
          <gpxtpx:TrackPointExtension>
            <gpxtpx:hr>124</gpxtpx:hr>
          </gpxtpx:TrackPointExtension>
        </extensions>
      </trkpt>
      <trkpt lat="40.00446047831432" lon="116.45634422033767">
        <ele>37.998245655559</ele>
        <time>1970-01-01T00:01:57.400000Z</time>
        <extensions>
          <gpxtpx:TrackPointExtension>
            <gpxtpx:hr>124</gpxtpx:hr>
          </gpxtpx:TrackPointExtension>
        </extensions>
      </trkpt>
      <trkpt lat="40.00445444596276" lon="116.45631469894336">
        <ele>37.9718513796106</ele>
        <time>1970-01-01T00:01:58.400000Z</time>
        <extensions>
          <gpxtpx:TrackPointExtension>
            <gpxtpx:hr>124</gpxtpx:hr>
          </gpxtpx:TrackPointExtension>
        </extensions>
      </trkpt>
      <trkpt lat="40.00445047627989" lon="116.45628422154427">
        <ele>37.94376149494201</ele>
        <time>1970-01-01T00:01:59.400000Z</time>
        <extensions>
          <gpxtpx:TrackPointExtension>
            <gpxtpx:hr>124</gpxtpx:hr>
          </gpxtpx:TrackPointExtension>
        </extensions>
      </trkpt>
      <trkpt lat="40.004448711715916" lon="116.45625334233517">
        <ele>37.914066162891686</ele>
        <time>1970-01-01T00:02:00.400000Z</time>
        <extensions>
          <gpxtpx:TrackPointExtension>
            <gpxtpx:hr>124</gpxtpx:hr>
          </gpxtpx:TrackPointExtension>
        </extensions>
      </trkpt>
      <trkpt lat="40.00444834549343" lon="116.45622257835299">
        <ele>37.883002772927284</ele>
        <time>1970-01-01T00:02:01.400000Z</time>
        <extensions>
          <gpxtpx:TrackPointExtension>
            <gpxtpx:hr>123</gpxtpx:hr>
          </gpxtpx:TrackPointExtension>
        </extensions>
      </trkpt>
      <trkpt lat="40.004449148527755" lon="116.456191968253">
        <ele>37.85067593213171</ele>
        <time>1970-01-01T00:02:02.400000Z</time>
        <extensions>
          <gpxtpx:TrackPointExtension>
            <gpxtpx:hr>123</gpxtpx:hr>
          </gpxtpx:TrackPointExtension>
        </extensions>
      </trkpt>
      <trkpt lat="40.00445114447585" lon="116.45616143813122">
        <ele>37.8172425609082</ele>
        <time>1970-01-01T00:02:03.400000Z</time>
        <extensions>
          <gpxtpx:TrackPointExtension>
            <gpxtpx:hr>123</gpxtpx:hr>
          </gpxtpx:TrackPointExtension>
        </extensions>
      </trkpt>
      <trkpt lat="40.004453993902" lon="116.4561309809505">
        <ele>37.78286254964769</ele>
        <time>1970-01-01T00:02:04.400000Z</time>
        <extensions>
          <gpxtpx:TrackPointExtension>
            <gpxtpx:hr>123</gpxtpx:hr>
          </gpxtpx:TrackPointExtension>
        </extensions>
      </trkpt>
      <trkpt lat="40.004457378934134" lon="116.45610078838942">
        <ele>37.747967168688774</ele>
        <time>1970-01-01T00:02:05.400000Z</time>
        <extensions>
          <gpxtpx:TrackPointExtension>
            <gpxtpx:hr>123</gpxtpx:hr>
          </gpxtpx:TrackPointExtension>
        </extensions>
      </trkpt>
      <trkpt lat="40.00446103073241" lon="116.45607094494156">
        <ele>37.7133156331256</ele>
        <time>1970-01-01T00:02:06.400000Z</time>
        <extensions>
          <gpxtpx:TrackPointExtension>
            <gpxtpx:hr>123</gpxtpx:hr>
          </gpxtpx:TrackPointExtension>
        </extensions>
      </trkpt>
      <trkpt lat="40.0044652881253" lon="116.45603815412915">
        <ele>37.676267384551466</ele>
        <time>1970-01-01T00:02:07.600000Z</time>
        <extensions>
          <gpxtpx:TrackPointExtension>
            <gpxtpx:hr>123</gpxtpx:hr>
          </gpxtpx:TrackPointExtension>
        </extensions>
      </trkpt>
      <trkpt lat="40.00446917251898" lon="116.4560096535801">
        <ele>37.64576871227473</ele>
        <time>1970-01-01T00:02:08.600000Z</time>
        <extensions>
          <gpxtpx:TrackPointExtension>
            <gpxtpx:hr>123</gpxtpx:hr>
          </gpxtpx:TrackPointExtension>
        </extensions>
      </trkpt>
      <trkpt lat="40.00447320976458" lon="116.45598079009073">
        <ele>37.618421979248524</ele>
        <time>1970-01-01T00:02:09.600000Z</time>
        <extensions>
          <gpxtpx:TrackPointExtension>
            <gpxtpx:hr>123</gpxtpx:hr>
          </gpxtpx:TrackPointExtension>
        </extensions>
      </trkpt>
      <trkpt lat="40.004477426809096" lon="116.4559507937646">
        <ele>37.59437820035964</ele>
        <time>1970-01-01T00:02:10.600000Z</time>
        <extensions>
          <gpxtpx:TrackPointExtension>
            <gpxtpx:hr>123</gpxtpx:hr>
          </gpxtpx:TrackPointExtension>
        </extensions>
      </trkpt>
      <trkpt lat="40.004481685004315" lon="116.45592019189888">
        <ele>37.5734907835722</ele>
        <time>1970-01-01T00:02:11.600000Z</time>
        <extensions>
          <gpxtpx:TrackPointExtension>
            <gpxtpx:hr>124</gpxtpx:hr>
          </gpxtpx:TrackPointExtension>
        </extensions>
      </trkpt>
      <trkpt lat="40.00448583086696" lon="116.45588948268978">
        <ele>37.555425863713026</ele>
        <time>1970-01-01T00:02:12.600000Z</time>
        <extensions>
          <gpxtpx:TrackPointExtension>
            <gpxtpx:hr>124</gpxtpx:hr>
          </gpxtpx:TrackPointExtension>
        </extensions>
      </trkpt>
      <trkpt lat="40.0044899346032" lon="116.45585883582407">
        <ele>37.53996543120593</ele>
        <time>1970-01-01T00:02:13.600000Z</time>
        <extensions>
          <gpxtpx:TrackPointExtension>
            <gpxtpx:hr>124</gpxtpx:hr>
          </gpxtpx:TrackPointExtension>
        </extensions>
      </trkpt>
      <trkpt lat="40.004494286557645" lon="116.45582795313685">
        <ele>37.52665301412344</ele>
        <time>1970-01-01T00:02:14.600000Z</time>
        <extensions>
          <gpxtpx:TrackPointExtension>
            <gpxtpx:hr>124</gpxtpx:hr>
          </gpxtpx:TrackPointExtension>
        </extensions>
      </trkpt>
      <trkpt lat="40.00449887664591" lon="116.45579676325313">
        <ele>37.51499862689525</ele>
        <time>1970-01-01T00:02:15.600000Z</time>
        <extensions>
          <gpxtpx:TrackPointExtension>
            <gpxtpx:hr>124</gpxtpx:hr>
          </gpxtpx:TrackPointExtension>
        </extensions>
      </trkpt>
      <trkpt lat="40.004503291537" lon="116.45576537624433">
        <ele>37.504463042132556</ele>
        <time>1970-01-01T00:02:16.600000Z</time>
        <extensions>
          <gpxtpx:TrackPointExtension>
            <gpxtpx:hr>125</gpxtpx:hr>
          </gpxtpx:TrackPointExtension>
        </extensions>
      </trkpt>
      <trkpt lat="40.00450734231867" lon="116.45573378267538">
        <ele>37.49446842446923</ele>
        <time>1970-01-01T00:02:17.600000Z</time>
        <extensions>
          <gpxtpx:TrackPointExtension>
            <gpxtpx:hr>125</gpxtpx:hr>
          </gpxtpx:TrackPointExtension>
        </extensions>
      </trkpt>
      <trkpt lat="40.00451096662884" lon="116.45570171029911">
        <ele>37.48459416255355</ele>
        <time>1970-01-01T00:02:18.600000Z</time>
        <extensions>
          <gpxtpx:TrackPointExtension>
            <gpxtpx:hr>125</gpxtpx:hr>
          </gpxtpx:TrackPointExtension>
        </extensions>
      </trkpt>
      <trkpt lat="40.004514111151266" lon="116.45566901402789">
        <ele>37.474450456909835</ele>
        <time>1970-01-01T00:02:19.600000Z</time>
        <extensions>
          <gpxtpx:TrackPointExtension>
            <gpxtpx:hr>125</gpxtpx:hr>
          </gpxtpx:TrackPointExtension>
        </extensions>
      </trkpt>
      <trkpt lat="40.004516993433974" lon="116.45563565289332">
        <ele>37.46409618202597</ele>
        <time>1970-01-01T00:02:20.600000Z</time>
        <extensions>
          <gpxtpx:TrackPointExtension>
            <gpxtpx:hr>125</gpxtpx:hr>
          </gpxtpx:TrackPointExtension>
        </extensions>
      </trkpt>
      <trkpt lat="40.004519585599176" lon="116.45560171536638">
        <ele>37.453470051288605</ele>
        <time>1970-01-01T00:02:21.600000Z</time>
        <extensions>
          <gpxtpx:TrackPointExtension>
            <gpxtpx:hr>128</gpxtpx:hr>
          </gpxtpx:TrackPointExtension>
        </extensions>
      </trkpt>
      <trkpt lat="40.00452186607328" lon="116.45556738764758">
        <ele>37.44284433312714</ele>
        <time>1970-01-01T00:02:22.600000Z</time>
        <extensions>
          <gpxtpx:TrackPointExtension>
            <gpxtpx:hr>128</gpxtpx:hr>
          </gpxtpx:TrackPointExtension>
        </extensions>
      </trkpt>
      <trkpt lat="40.004523929320534" lon="116.45553311958275">
        <ele>37.43284134473652</ele>
        <time>1970-01-01T00:02:23.600000Z</time>
        <extensions>
          <gpxtpx:TrackPointExtension>
            <gpxtpx:hr>128</gpxtpx:hr>
          </gpxtpx:TrackPointExtension>
        </extensions>
      </trkpt>
      <trkpt lat="40.00452583774197" lon="116.45549941205944">
        <ele>37.42469504941255</ele>
        <time>1970-01-01T00:02:24.600000Z</time>
        <extensions>
          <gpxtpx:TrackPointExtension>
            <gpxtpx:hr>128</gpxtpx:hr>
          </gpxtpx:TrackPointExtension>
        </extensions>
      </trkpt>
      <trkpt lat="40.004527520329745" lon="116.45546685297323">
        <ele>37.418908019550145</ele>
        <time>1970-01-01T00:02:25.600000Z</time>
        <extensions>
          <gpxtpx:TrackPointExtension>
            <gpxtpx:hr>128</gpxtpx:hr>
          </gpxtpx:TrackPointExtension>
        </extensions>
      </trkpt>
      <trkpt lat="40.00452882996778" lon="116.45543531686756">
        <ele>37.41617674380541</ele>
        <time>1970-01-01T00:02:26.600000Z</time>
        <extensions>
          <gpxtpx:TrackPointExtension>
            <gpxtpx:hr>128</gpxtpx:hr>
          </gpxtpx:TrackPointExtension>
        </extensions>
      </trkpt>
      <trkpt lat="40.00452955767172" lon="116.45540420496732">
        <ele>37.41662094369531</ele>
        <time>1970-01-01T00:02:27.600000Z</time>
        <extensions>
          <gpxtpx:TrackPointExtension>
            <gpxtpx:hr>128</gpxtpx:hr>
          </gpxtpx:TrackPointExtension>
        </extensions>
      </trkpt>
      <trkpt lat="40.00452963179131" lon="116.45537340707341">
        <ele>37.42042331211269</ele>
        <time>1970-01-01T00:02:28.600000Z</time>
        <extensions>
          <gpxtpx:TrackPointExtension>
            <gpxtpx:hr>128</gpxtpx:hr>
          </gpxtpx:TrackPointExtension>
        </extensions>
      </trkpt>
      <trkpt lat="40.00452905898525" lon="116.45534282679296">
        <ele>37.42704640328884</ele>
        <time>1970-01-01T00:02:29.600000Z</time>
        <extensions>
          <gpxtpx:TrackPointExtension>
            <gpxtpx:hr>128</gpxtpx:hr>
          </gpxtpx:TrackPointExtension>
        </extensions>
      </trkpt>
      <trkpt lat="40.00452777895154" lon="116.45531234771788">
        <ele>37.43491902388632</ele>
        <time>1970-01-01T00:02:30.600000Z</time>
        <extensions>
          <gpxtpx:TrackPointExtension>
            <gpxtpx:hr>128</gpxtpx:hr>
          </gpxtpx:TrackPointExtension>
        </extensions>
      </trkpt>
      <trkpt lat="40.00452576183586" lon="116.45528182144635">
        <ele>37.442773276008666</ele>
        <time>1970-01-01T00:02:31.600000Z</time>
        <extensions>
          <gpxtpx:TrackPointExtension>
            <gpxtpx:hr>128</gpxtpx:hr>
          </gpxtpx:TrackPointExtension>
        </extensions>
      </trkpt>
      <trkpt lat="40.00452286977178" lon="116.45525103466436">
        <ele>37.44948250800371</ele>
        <time>1970-01-01T00:02:32.600000Z</time>
        <extensions>
          <gpxtpx:TrackPointExtension>
            <gpxtpx:hr>128</gpxtpx:hr>
          </gpxtpx:TrackPointExtension>
        </extensions>
      </trkpt>
      <trkpt lat="40.00451892836485" lon="116.45522026141687">
        <ele>37.45448715053499</ele>
        <time>1970-01-01T00:02:33.600000Z</time>
        <extensions>
          <gpxtpx:TrackPointExtension>
            <gpxtpx:hr>128</gpxtpx:hr>
          </gpxtpx:TrackPointExtension>
        </extensions>
      </trkpt>
      <trkpt lat="40.004513687060744" lon="116.4551902138581">
        <ele>37.45742551237345</ele>
        <time>1970-01-01T00:02:34.600000Z</time>
        <extensions>
          <gpxtpx:TrackPointExtension>
            <gpxtpx:hr>128</gpxtpx:hr>
          </gpxtpx:TrackPointExtension>
        </extensions>
      </trkpt>
      <trkpt lat="40.004506873843326" lon="116.45516128595358">
        <ele>37.458236136473715</ele>
        <time>1970-01-01T00:02:35.600000Z</time>
        <extensions>
          <gpxtpx:TrackPointExtension>
            <gpxtpx:hr>128</gpxtpx:hr>
          </gpxtpx:TrackPointExtension>
        </extensions>
      </trkpt>
      <trkpt lat="40.00449803194637" lon="116.4551336811621">
        <ele>37.45760423131287</ele>
        <time>1970-01-01T00:02:36.600000Z</time>
        <extensions>
          <gpxtpx:TrackPointExtension>
            <gpxtpx:hr>128</gpxtpx:hr>
          </gpxtpx:TrackPointExtension>
        </extensions>
      </trkpt>
      <trkpt lat="40.00448695181521" lon="116.45510763818962">
        <ele>37.45650813635439</ele>
        <time>1970-01-01T00:02:37.600000Z</time>
        <extensions>
          <gpxtpx:TrackPointExtension>
            <gpxtpx:hr>128</gpxtpx:hr>
          </gpxtpx:TrackPointExtension>
        </extensions>
      </trkpt>
      <trkpt lat="40.00447453869712" lon="116.45508271397944">
        <ele>37.45582426059991</ele>
        <time>1970-01-01T00:02:38.600000Z</time>
        <extensions>
          <gpxtpx:TrackPointExtension>
            <gpxtpx:hr>128</gpxtpx:hr>
          </gpxtpx:TrackPointExtension>
        </extensions>
      </trkpt>
      <trkpt lat="40.00446195021285" lon="116.45505796008439">
        <ele>37.45563425961882</ele>
        <time>1970-01-01T00:02:39.600000Z</time>
        <extensions>
          <gpxtpx:TrackPointExtension>
            <gpxtpx:hr>128</gpxtpx:hr>
          </gpxtpx:TrackPointExtension>
        </extensions>
      </trkpt>
      <trkpt lat="40.00444929601242" lon="116.45503298346371">
        <ele>37.456187260337174</ele>
        <time>1970-01-01T00:02:40.600000Z</time>
        <extensions>
          <gpxtpx:TrackPointExtension>
            <gpxtpx:hr>128</gpxtpx:hr>
          </gpxtpx:TrackPointExtension>
        </extensions>
      </trkpt>
      <trkpt lat="40.004436581886786" lon="116.45500764193888">
        <ele>37.45765215344727</ele>
        <time>1970-01-01T00:02:41.600000Z</time>
        <extensions>
          <gpxtpx:TrackPointExtension>
            <gpxtpx:hr>128</gpxtpx:hr>
          </gpxtpx:TrackPointExtension>
        </extensions>
      </trkpt>
      <trkpt lat="40.004424758324284" lon="116.45498167035211">
        <ele>37.4600387038663</ele>
        <time>1970-01-01T00:02:42.600000Z</time>
        <extensions>
          <gpxtpx:TrackPointExtension>
            <gpxtpx:hr>128</gpxtpx:hr>
          </gpxtpx:TrackPointExtension>
        </extensions>
      </trkpt>
      <trkpt lat="40.00441438560181" lon="116.45495492863265">
        <ele>37.46288190037012</ele>
        <time>1970-01-01T00:02:43.600000Z</time>
        <extensions>
          <gpxtpx:TrackPointExtension>
            <gpxtpx:hr>128</gpxtpx:hr>
          </gpxtpx:TrackPointExtension>
        </extensions>
      </trkpt>
      <trkpt lat="40.00440501338832" lon="116.45492773261833">
        <ele>37.46654745750129</ele>
        <time>1970-01-01T00:02:44.600000Z</time>
        <extensions>
          <gpxtpx:TrackPointExtension>
            <gpxtpx:hr>128</gpxtpx:hr>
          </gpxtpx:TrackPointExtension>
        </extensions>
      </trkpt>
      <trkpt lat="40.004396295556425" lon="116.45490012815051">
        <ele>37.47108284011483</ele>
        <time>1970-01-01T00:02:45.600000Z</time>
        <extensions>
          <gpxtpx:TrackPointExtension>
            <gpxtpx:hr>128</gpxtpx:hr>
          </gpxtpx:TrackPointExtension>
        </extensions>
      </trkpt>
      <trkpt lat="40.00438813485223" lon="116.45487228705495">
        <ele>37.47664443962276</ele>
        <time>1970-01-01T00:02:46.600000Z</time>
        <extensions>
          <gpxtpx:TrackPointExtension>
            <gpxtpx:hr>128</gpxtpx:hr>
          </gpxtpx:TrackPointExtension>
        </extensions>
      </trkpt>
      <trkpt lat="40.00438032645277" lon="116.45484418972323">
        <ele>37.482329258695245</ele>
        <time>1970-01-01T00:02:47.600000Z</time>
        <extensions>
          <gpxtpx:TrackPointExtension>
            <gpxtpx:hr>128</gpxtpx:hr>
          </gpxtpx:TrackPointExtension>
        </extensions>
      </trkpt>
      <trkpt lat="40.00437267173192" lon="116.45481588814688">
        <ele>37.48805989418179</ele>
        <time>1970-01-01T00:02:48.600000Z</time>
        <extensions>
          <gpxtpx:TrackPointExtension>
            <gpxtpx:hr>128</gpxtpx:hr>
          </gpxtpx:TrackPointExtension>
        </extensions>
      </trkpt>
      <trkpt lat="40.00436513849185" lon="116.45478763906334">
        <ele>37.49406363721937</ele>
        <time>1970-01-01T00:02:49.600000Z</time>
        <extensions>
          <gpxtpx:TrackPointExtension>
            <gpxtpx:hr>128</gpxtpx:hr>
          </gpxtpx:TrackPointExtension>
        </extensions>
      </trkpt>
      <trkpt lat="40.0043576389376" lon="116.4547592534614">
        <ele>37.50046904757619</ele>
        <time>1970-01-01T00:02:50.600000Z</time>
        <extensions>
          <gpxtpx:TrackPointExtension>
            <gpxtpx:hr>128</gpxtpx:hr>
          </gpxtpx:TrackPointExtension>
        </extensions>
      </trkpt>
      <trkpt lat="40.004350051136946" lon="116.45473026091994">
        <ele>37.50686744507402</ele>
        <time>1970-01-01T00:02:51.600000Z</time>
        <extensions>
          <gpxtpx:TrackPointExtension>
            <gpxtpx:hr>129</gpxtpx:hr>
          </gpxtpx:TrackPointExtension>
        </extensions>
      </trkpt>
      <trkpt lat="40.00434222669172" lon="116.4547005453402">
        <ele>37.51410188432783</ele>
        <time>1970-01-01T00:02:52.600000Z</time>
        <extensions>
          <gpxtpx:TrackPointExtension>
            <gpxtpx:hr>129</gpxtpx:hr>
          </gpxtpx:TrackPointExtension>
        </extensions>
      </trkpt>
      <trkpt lat="40.00433417665918" lon="116.45467049707077">
        <ele>37.52230248320848</ele>
        <time>1970-01-01T00:02:53.600000Z</time>
        <extensions>
          <gpxtpx:TrackPointExtension>
            <gpxtpx:hr>129</gpxtpx:hr>
          </gpxtpx:TrackPointExtension>
        </extensions>
      </trkpt>
      <trkpt lat="40.00432612958794" lon="116.45464063143508">
        <ele>37.53180100489408</ele>
        <time>1970-01-01T00:02:54.600000Z</time>
        <extensions>
          <gpxtpx:TrackPointExtension>
            <gpxtpx:hr>129</gpxtpx:hr>
          </gpxtpx:TrackPointExtension>
        </extensions>
      </trkpt>
      <trkpt lat="40.00431812726766" lon="116.4546113961751">
        <ele>37.543169712647796</ele>
        <time>1970-01-01T00:02:55.600000Z</time>
        <extensions>
          <gpxtpx:TrackPointExtension>
            <gpxtpx:hr>129</gpxtpx:hr>
          </gpxtpx:TrackPointExtension>
        </extensions>
      </trkpt>
      <trkpt lat="40.004310200981074" lon="116.45458274711149">
        <ele>37.556258789263666</ele>
        <time>1970-01-01T00:02:56.600000Z</time>
        <extensions>
          <gpxtpx:TrackPointExtension>
            <gpxtpx:hr>129</gpxtpx:hr>
          </gpxtpx:TrackPointExtension>
        </extensions>
      </trkpt>
      <trkpt lat="40.00430245508527" lon="116.4545542730646">
        <ele>37.571774487383664</ele>
        <time>1970-01-01T00:02:57.600000Z</time>
        <extensions>
          <gpxtpx:TrackPointExtension>
            <gpxtpx:hr>129</gpxtpx:hr>
          </gpxtpx:TrackPointExtension>
        </extensions>
      </trkpt>
      <trkpt lat="40.004294918929354" lon="116.45452556236164">
        <ele>37.59033344313502</ele>
        <time>1970-01-01T00:02:58.600000Z</time>
        <extensions>
          <gpxtpx:TrackPointExtension>
            <gpxtpx:hr>129</gpxtpx:hr>
          </gpxtpx:TrackPointExtension>
        </extensions>
      </trkpt>
      <trkpt lat="40.00428749052796" lon="116.45449635152336">
        <ele>37.61244414560497</ele>
        <time>1970-01-01T00:02:59.600000Z</time>
        <extensions>
          <gpxtpx:TrackPointExtension>
            <gpxtpx:hr>129</gpxtpx:hr>
          </gpxtpx:TrackPointExtension>
        </extensions>
      </trkpt>
      <trkpt lat="40.00428006895586" lon="116.45446717517366">
        <ele>37.63837914355099</ele>
        <time>1970-01-01T00:03:00.600000Z</time>
        <extensions>
          <gpxtpx:TrackPointExtension>
            <gpxtpx:hr>129</gpxtpx:hr>
          </gpxtpx:TrackPointExtension>
        </extensions>
      </trkpt>
      <trkpt lat="40.00427271051184" lon="116.45443864674901">
        <ele>37.667444922961295</ele>
        <time>1970-01-01T00:03:01.600000Z</time>
        <extensions>
          <gpxtpx:TrackPointExtension>
            <gpxtpx:hr>129</gpxtpx:hr>
          </gpxtpx:TrackPointExtension>
        </extensions>
      </trkpt>
      <trkpt lat="40.00426542257954" lon="116.45441053473535">
        <ele>37.700523003935814</ele>
        <time>1970-01-01T00:03:02.600000Z</time>
        <extensions>
          <gpxtpx:TrackPointExtension>
            <gpxtpx:hr>130</gpxtpx:hr>
          </gpxtpx:TrackPointExtension>
        </extensions>
      </trkpt>
      <trkpt lat="40.004258089154874" lon="116.45438207587523">
        <ele>37.737808532081544</ele>
        <time>1970-01-01T00:03:03.600000Z</time>
        <extensions>
          <gpxtpx:TrackPointExtension>
            <gpxtpx:hr>130</gpxtpx:hr>
          </gpxtpx:TrackPointExtension>
        </extensions>
      </trkpt>
      <trkpt lat="40.00425094093009" lon="116.45435279311941">
        <ele>37.779541773721576</ele>
        <time>1970-01-01T00:03:04.600000Z</time>
        <extensions>
          <gpxtpx:TrackPointExtension>
            <gpxtpx:hr>130</gpxtpx:hr>
          </gpxtpx:TrackPointExtension>
        </extensions>
      </trkpt>
      <trkpt lat="40.00424436511037" lon="116.45432308986736">
        <ele>37.82477509509772</ele>
        <time>1970-01-01T00:03:05.600000Z</time>
        <extensions>
          <gpxtpx:TrackPointExtension>
            <gpxtpx:hr>131</gpxtpx:hr>
          </gpxtpx:TrackPointExtension>
        </extensions>
      </trkpt>
      <trkpt lat="40.00423849280306" lon="116.4542933139971">
        <ele>37.874059511348605</ele>
        <time>1970-01-01T00:03:06.600000Z</time>
        <extensions>
          <gpxtpx:TrackPointExtension>
            <gpxtpx:hr>131</gpxtpx:hr>
          </gpxtpx:TrackPointExtension>
        </extensions>
      </trkpt>
      <trkpt lat="40.00423303652069" lon="116.45426323774899">
        <ele>37.92691654060036</ele>
        <time>1970-01-01T00:03:07.600000Z</time>
        <extensions>
          <gpxtpx:TrackPointExtension>
            <gpxtpx:hr>131</gpxtpx:hr>
          </gpxtpx:TrackPointExtension>
        </extensions>
      </trkpt>
      <trkpt lat="40.00422754142467" lon="116.45423271602905">
        <ele>37.983060345984995</ele>
        <time>1970-01-01T00:03:08.600000Z</time>
        <extensions>
          <gpxtpx:TrackPointExtension>
            <gpxtpx:hr>131</gpxtpx:hr>
          </gpxtpx:TrackPointExtension>
        </extensions>
      </trkpt>
      <trkpt lat="40.00422160788863" lon="116.45420255263453">
        <ele>38.04196491278708</ele>
        <time>1970-01-01T00:03:09.600000Z</time>
        <extensions>
          <gpxtpx:TrackPointExtension>
            <gpxtpx:hr>131</gpxtpx:hr>
          </gpxtpx:TrackPointExtension>
        </extensions>
      </trkpt>
      <trkpt lat="40.004214810784916" lon="116.45417331563196">
        <ele>38.10298786312342</ele>
        <time>1970-01-01T00:03:10.600000Z</time>
        <extensions>
          <gpxtpx:TrackPointExtension>
            <gpxtpx:hr>131</gpxtpx:hr>
          </gpxtpx:TrackPointExtension>
        </extensions>
      </trkpt>
      <trkpt lat="40.0042066250708" lon="116.45414487749088">
        <ele>38.16559037100524</ele>
        <time>1970-01-01T00:03:11.600000Z</time>
        <extensions>
          <gpxtpx:TrackPointExtension>
            <gpxtpx:hr>134</gpxtpx:hr>
          </gpxtpx:TrackPointExtension>
        </extensions>
      </trkpt>
      <trkpt lat="40.00419716992014" lon="116.45411675971997">
        <ele>38.229056048206985</ele>
        <time>1970-01-01T00:03:12.600000Z</time>
        <extensions>
          <gpxtpx:TrackPointExtension>
            <gpxtpx:hr>134</gpxtpx:hr>
          </gpxtpx:TrackPointExtension>
        </extensions>
      </trkpt>
      <trkpt lat="40.00418684927047" lon="116.45408909424204">
        <ele>38.29272048175335</ele>
        <time>1970-01-01T00:03:13.600000Z</time>
        <extensions>
          <gpxtpx:TrackPointExtension>
            <gpxtpx:hr>134</gpxtpx:hr>
          </gpxtpx:TrackPointExtension>
        </extensions>
      </trkpt>
      <trkpt lat="40.00417561556928" lon="116.45406242677971">
        <ele>38.355968127027154</ele>
        <time>1970-01-01T00:03:14.600000Z</time>
        <extensions>
          <gpxtpx:TrackPointExtension>
            <gpxtpx:hr>134</gpxtpx:hr>
          </gpxtpx:TrackPointExtension>
        </extensions>
      </trkpt>
      <trkpt lat="40.00416352064134" lon="116.45403653782417">
        <ele>38.41795517411083</ele>
        <time>1970-01-01T00:03:15.600000Z</time>
        <extensions>
          <gpxtpx:TrackPointExtension>
            <gpxtpx:hr>134</gpxtpx:hr>
          </gpxtpx:TrackPointExtension>
        </extensions>
      </trkpt>
      <trkpt lat="40.00415088775861" lon="116.45401110040372">
        <ele>38.47832893766463</ele>
        <time>1970-01-01T00:03:16.600000Z</time>
        <extensions>
          <gpxtpx:TrackPointExtension>
            <gpxtpx:hr>134</gpxtpx:hr>
          </gpxtpx:TrackPointExtension>
        </extensions>
      </trkpt>
      <trkpt lat="40.00413813315333" lon="116.45398636104765">
        <ele>38.53698297962546</ele>
        <time>1970-01-01T00:03:17.600000Z</time>
        <extensions>
          <gpxtpx:TrackPointExtension>
            <gpxtpx:hr>134</gpxtpx:hr>
          </gpxtpx:TrackPointExtension>
        </extensions>
      </trkpt>
      <trkpt lat="40.00412546610807" lon="116.45396216215822">
        <ele>38.594138163141906</ele>
        <time>1970-01-01T00:03:18.600000Z</time>
        <extensions>
          <gpxtpx:TrackPointExtension>
            <gpxtpx:hr>132</gpxtpx:hr>
          </gpxtpx:TrackPointExtension>
        </extensions>
      </trkpt>
      <trkpt lat="40.00411287907577" lon="116.45393802990097">
        <ele>38.64984187018126</ele>
        <time>1970-01-01T00:03:19.600000Z</time>
        <extensions>
          <gpxtpx:TrackPointExtension>
            <gpxtpx:hr>132</gpxtpx:hr>
          </gpxtpx:TrackPointExtension>
        </extensions>
      </trkpt>
      <trkpt lat="40.00410011277142" lon="116.45391352042272">
        <ele>38.70403307955712</ele>
        <time>1970-01-01T00:03:20.600000Z</time>
        <extensions>
          <gpxtpx:TrackPointExtension>
            <gpxtpx:hr>132</gpxtpx:hr>
          </gpxtpx:TrackPointExtension>
        </extensions>
      </trkpt>
      <trkpt lat="40.00408678453021" lon="116.45388839307516">
        <ele>38.756922736763954</ele>
        <time>1970-01-01T00:03:21.600000Z</time>
        <extensions>
          <gpxtpx:TrackPointExtension>
            <gpxtpx:hr>132</gpxtpx:hr>
          </gpxtpx:TrackPointExtension>
        </extensions>
      </trkpt>
      <trkpt lat="40.004072795229895" lon="116.45386293188082">
        <ele>38.808140902779996</ele>
        <time>1970-01-01T00:03:22.600000Z</time>
        <extensions>
          <gpxtpx:TrackPointExtension>
            <gpxtpx:hr>132</gpxtpx:hr>
          </gpxtpx:TrackPointExtension>
        </extensions>
      </trkpt>
      <trkpt lat="40.004058403436794" lon="116.45383764303969">
        <ele>38.85714753810316</ele>
        <time>1970-01-01T00:03:23.600000Z</time>
        <extensions>
          <gpxtpx:TrackPointExtension>
            <gpxtpx:hr>134</gpxtpx:hr>
          </gpxtpx:TrackPointExtension>
        </extensions>
      </trkpt>
      <trkpt lat="40.00404369843647" lon="116.45381249830844">
        <ele>38.90321439411491</ele>
        <time>1970-01-01T00:03:24.600000Z</time>
        <extensions>
          <gpxtpx:TrackPointExtension>
            <gpxtpx:hr>134</gpxtpx:hr>
          </gpxtpx:TrackPointExtension>
        </extensions>
      </trkpt>
      <trkpt lat="40.00402875160678" lon="116.45378742920867">
        <ele>38.94543992355466</ele>
        <time>1970-01-01T00:03:25.600000Z</time>
        <extensions>
          <gpxtpx:TrackPointExtension>
            <gpxtpx:hr>134</gpxtpx:hr>
          </gpxtpx:TrackPointExtension>
        </extensions>
      </trkpt>
      <trkpt lat="40.00401390530761" lon="116.45376258408957">
        <ele>38.98295365925878</ele>
        <time>1970-01-01T00:03:26.600000Z</time>
        <extensions>
          <gpxtpx:TrackPointExtension>
            <gpxtpx:hr>134</gpxtpx:hr>
          </gpxtpx:TrackPointExtension>
        </extensions>
      </trkpt>
      <trkpt lat="40.003999239917334" lon="116.45373784142335">
        <ele>39.015071766451</ele>
        <time>1970-01-01T00:03:27.600000Z</time>
        <extensions>
          <gpxtpx:TrackPointExtension>
            <gpxtpx:hr>134</gpxtpx:hr>
          </gpxtpx:TrackPointExtension>
        </extensions>
      </trkpt>
      <trkpt lat="40.00398442060566" lon="116.4537130647239">
        <ele>39.04077742155641</ele>
        <time>1970-01-01T00:03:28.600000Z</time>
        <extensions>
          <gpxtpx:TrackPointExtension>
            <gpxtpx:hr>134</gpxtpx:hr>
          </gpxtpx:TrackPointExtension>
        </extensions>
      </trkpt>
      <trkpt lat="40.00396967448273" lon="116.45368758065482">
        <ele>39.06027359608561</ele>
        <time>1970-01-01T00:03:29.600000Z</time>
        <extensions>
          <gpxtpx:TrackPointExtension>
            <gpxtpx:hr>133</gpxtpx:hr>
          </gpxtpx:TrackPointExtension>
        </extensions>
      </trkpt>
      <trkpt lat="40.00395589581979" lon="116.45366058580399">
        <ele>39.07318951468915</ele>
        <time>1970-01-01T00:03:30.600000Z</time>
        <extensions>
          <gpxtpx:TrackPointExtension>
            <gpxtpx:hr>133</gpxtpx:hr>
          </gpxtpx:TrackPointExtension>
        </extensions>
      </trkpt>
      <trkpt lat="40.00394327940833" lon="116.45363195196494">
        <ele>39.08010474033654</ele>
        <time>1970-01-01T00:03:31.600000Z</time>
        <extensions>
          <gpxtpx:TrackPointExtension>
            <gpxtpx:hr>133</gpxtpx:hr>
          </gpxtpx:TrackPointExtension>
        </extensions>
      </trkpt>
      <trkpt lat="40.003931114921" lon="116.45360213097317">
        <ele>39.08105030283332</ele>
        <time>1970-01-01T00:03:32.600000Z</time>
        <extensions>
          <gpxtpx:TrackPointExtension>
            <gpxtpx:hr>133</gpxtpx:hr>
          </gpxtpx:TrackPointExtension>
        </extensions>
      </trkpt>
      <trkpt lat="40.00391882798231" lon="116.45357123655539">
        <ele>39.07676295097917</ele>
        <time>1970-01-01T00:03:33.600000Z</time>
        <extensions>
          <gpxtpx:TrackPointExtension>
            <gpxtpx:hr>133</gpxtpx:hr>
          </gpxtpx:TrackPointExtension>
        </extensions>
      </trkpt>
      <trkpt lat="40.00390645458301" lon="116.4535400064879">
        <ele>39.06722231768072</ele>
        <time>1970-01-01T00:03:34.600000Z</time>
        <extensions>
          <gpxtpx:TrackPointExtension>
            <gpxtpx:hr>133</gpxtpx:hr>
          </gpxtpx:TrackPointExtension>
        </extensions>
      </trkpt>
      <trkpt lat="40.003894177079275" lon="116.45350942246333">
        <ele>39.053413468413055</ele>
        <time>1970-01-01T00:03:35.600000Z</time>
        <extensions>
          <gpxtpx:TrackPointExtension>
            <gpxtpx:hr>133</gpxtpx:hr>
          </gpxtpx:TrackPointExtension>
        </extensions>
      </trkpt>
      <trkpt lat="40.00388183361176" lon="116.45347963832728">
        <ele>39.03545568231493</ele>
        <time>1970-01-01T00:03:36.600000Z</time>
        <extensions>
          <gpxtpx:TrackPointExtension>
            <gpxtpx:hr>133</gpxtpx:hr>
          </gpxtpx:TrackPointExtension>
        </extensions>
      </trkpt>
      <trkpt lat="40.003869270389906" lon="116.45345012205814">
        <ele>39.0135391689837</ele>
        <time>1970-01-01T00:03:37.600000Z</time>
        <extensions>
          <gpxtpx:TrackPointExtension>
            <gpxtpx:hr>133</gpxtpx:hr>
          </gpxtpx:TrackPointExtension>
        </extensions>
      </trkpt>
      <trkpt lat="40.003856813314066" lon="116.45342083579386">
        <ele>38.98767612222582</ele>
        <time>1970-01-01T00:03:38.600000Z</time>
        <extensions>
          <gpxtpx:TrackPointExtension>
            <gpxtpx:hr>133</gpxtpx:hr>
          </gpxtpx:TrackPointExtension>
        </extensions>
      </trkpt>
      <trkpt lat="40.00384466731985" lon="116.45339249666607">
        <ele>38.95893671549857</ele>
        <time>1970-01-01T00:03:39.600000Z</time>
        <extensions>
          <gpxtpx:TrackPointExtension>
            <gpxtpx:hr>133</gpxtpx:hr>
          </gpxtpx:TrackPointExtension>
        </extensions>
      </trkpt>
      <trkpt lat="40.003832718373125" lon="116.45336531317702">
        <ele>38.92770109884441</ele>
        <time>1970-01-01T00:03:40.600000Z</time>
        <extensions>
          <gpxtpx:TrackPointExtension>
            <gpxtpx:hr>133</gpxtpx:hr>
          </gpxtpx:TrackPointExtension>
        </extensions>
      </trkpt>
      <trkpt lat="40.003820656829824" lon="116.45333897269298">
        <ele>38.89342949073762</ele>
        <time>1970-01-01T00:03:41.600000Z</time>
        <extensions>
          <gpxtpx:TrackPointExtension>
            <gpxtpx:hr>133</gpxtpx:hr>
          </gpxtpx:TrackPointExtension>
        </extensions>
      </trkpt>
      <trkpt lat="40.003808076215094" lon="116.45331273758688">
        <ele>38.85631373524666</ele>
        <time>1970-01-01T00:03:42.600000Z</time>
        <extensions>
          <gpxtpx:TrackPointExtension>
            <gpxtpx:hr>133</gpxtpx:hr>
          </gpxtpx:TrackPointExtension>
        </extensions>
      </trkpt>
      <trkpt lat="40.0037946165878" lon="116.45328606537718">
        <ele>38.81646352261305</ele>
        <time>1970-01-01T00:03:43.600000Z</time>
        <extensions>
          <gpxtpx:TrackPointExtension>
            <gpxtpx:hr>133</gpxtpx:hr>
          </gpxtpx:TrackPointExtension>
        </extensions>
      </trkpt>
      <trkpt lat="40.00378002900965" lon="116.45325914112753">
        <ele>38.77479256968945</ele>
        <time>1970-01-01T00:03:44.600000Z</time>
        <extensions>
          <gpxtpx:TrackPointExtension>
            <gpxtpx:hr>133</gpxtpx:hr>
          </gpxtpx:TrackPointExtension>
        </extensions>
      </trkpt>
      <trkpt lat="40.00376419725317" lon="116.45323275727714">
        <ele>38.731041483581066</ele>
        <time>1970-01-01T00:03:45.600000Z</time>
        <extensions>
          <gpxtpx:TrackPointExtension>
            <gpxtpx:hr>133</gpxtpx:hr>
          </gpxtpx:TrackPointExtension>
        </extensions>
      </trkpt>
      <trkpt lat="40.00374714559607" lon="116.45320741867171">
        <ele>38.68685891479254</ele>
        <time>1970-01-01T00:03:46.600000Z</time>
        <extensions>
          <gpxtpx:TrackPointExtension>
            <gpxtpx:hr>136</gpxtpx:hr>
          </gpxtpx:TrackPointExtension>
        </extensions>
      </trkpt>
      <trkpt lat="40.0037292252099" lon="116.45318329589139">
        <ele>38.64314545877278</ele>
        <time>1970-01-01T00:03:47.600000Z</time>
        <extensions>
          <gpxtpx:TrackPointExtension>
            <gpxtpx:hr>136</gpxtpx:hr>
          </gpxtpx:TrackPointExtension>
        </extensions>
      </trkpt>
      <trkpt lat="40.003711153687235" lon="116.45316037511533">
        <ele>38.60051039233804</ele>
        <time>1970-01-01T00:03:48.600000Z</time>
        <extensions>
          <gpxtpx:TrackPointExtension>
            <gpxtpx:hr>136</gpxtpx:hr>
          </gpxtpx:TrackPointExtension>
        </extensions>
      </trkpt>
      <trkpt lat="40.003693546979946" lon="116.45313840043326">
        <ele>38.55833132285625</ele>
        <time>1970-01-01T00:03:49.600000Z</time>
        <extensions>
          <gpxtpx:TrackPointExtension>
            <gpxtpx:hr>136</gpxtpx:hr>
          </gpxtpx:TrackPointExtension>
        </extensions>
      </trkpt>
      <trkpt lat="40.003676346448614" lon="116.45311679949967">
        <ele>38.51676760986447</ele>
        <time>1970-01-01T00:03:50.600000Z</time>
        <extensions>
          <gpxtpx:TrackPointExtension>
            <gpxtpx:hr>136</gpxtpx:hr>
          </gpxtpx:TrackPointExtension>
        </extensions>
      </trkpt>
      <trkpt lat="40.00365935848962" lon="116.4530948575355">
        <ele>38.47604148089886</ele>
        <time>1970-01-01T00:03:51.600000Z</time>
        <extensions>
          <gpxtpx:TrackPointExtension>
            <gpxtpx:hr>136</gpxtpx:hr>
          </gpxtpx:TrackPointExtension>
        </extensions>
      </trkpt>
      <trkpt lat="40.003642684450625" lon="116.4530719964856">
        <ele>38.43561253231019</ele>
        <time>1970-01-01T00:03:52.600000Z</time>
        <extensions>
          <gpxtpx:TrackPointExtension>
            <gpxtpx:hr>136</gpxtpx:hr>
          </gpxtpx:TrackPointExtension>
        </extensions>
      </trkpt>
      <trkpt lat="40.00362672290152" lon="116.4530480632774">
        <ele>38.39526224322617</ele>
        <time>1970-01-01T00:03:53.600000Z</time>
        <extensions>
          <gpxtpx:TrackPointExtension>
            <gpxtpx:hr>136</gpxtpx:hr>
          </gpxtpx:TrackPointExtension>
        </extensions>
      </trkpt>
      <trkpt lat="40.00361185062563" lon="116.4530230804379">
        <ele>38.3555247746408</ele>
        <time>1970-01-01T00:03:54.600000Z</time>
        <extensions>
          <gpxtpx:TrackPointExtension>
            <gpxtpx:hr>136</gpxtpx:hr>
          </gpxtpx:TrackPointExtension>
        </extensions>
      </trkpt>
      <trkpt lat="40.0035980125739" lon="116.45299714704996">
        <ele>38.31517645530403</ele>
        <time>1970-01-01T00:03:55.600000Z</time>
        <extensions>
          <gpxtpx:TrackPointExtension>
            <gpxtpx:hr>136</gpxtpx:hr>
          </gpxtpx:TrackPointExtension>
        </extensions>
      </trkpt>
      <trkpt lat="40.003584611171796" lon="116.4529707901713">
        <ele>38.27206227462739</ele>
        <time>1970-01-01T00:03:56.600000Z</time>
        <extensions>
          <gpxtpx:TrackPointExtension>
            <gpxtpx:hr>136</gpxtpx:hr>
          </gpxtpx:TrackPointExtension>
        </extensions>
      </trkpt>
      <trkpt lat="40.003571118593065" lon="116.45294464060653">
        <ele>38.226264282129705</ele>
        <time>1970-01-01T00:03:57.600000Z</time>
        <extensions>
          <gpxtpx:TrackPointExtension>
            <gpxtpx:hr>137</gpxtpx:hr>
          </gpxtpx:TrackPointExtension>
        </extensions>
      </trkpt>
      <trkpt lat="40.0035573693257" lon="116.45291885204117">
        <ele>38.178193079307675</ele>
        <time>1970-01-01T00:03:58.600000Z</time>
        <extensions>
          <gpxtpx:TrackPointExtension>
            <gpxtpx:hr>137</gpxtpx:hr>
          </gpxtpx:TrackPointExtension>
        </extensions>
      </trkpt>
      <trkpt lat="40.00354340626213" lon="116.45289322781555">
        <ele>38.1280219014734</ele>
        <time>1970-01-01T00:03:59.600000Z</time>
        <extensions>
          <gpxtpx:TrackPointExtension>
            <gpxtpx:hr>137</gpxtpx:hr>
          </gpxtpx:TrackPointExtension>
        </extensions>
      </trkpt>
      <trkpt lat="40.00352932090076" lon="116.45286734235461">
        <ele>38.07615624088794</ele>
        <time>1970-01-01T00:04:00.600000Z</time>
        <extensions>
          <gpxtpx:TrackPointExtension>
            <gpxtpx:hr>137</gpxtpx:hr>
          </gpxtpx:TrackPointExtension>
        </extensions>
      </trkpt>
      <trkpt lat="40.00351514415473" lon="116.45284099972831">
        <ele>38.02357830107212</ele>
        <time>1970-01-01T00:04:01.600000Z</time>
        <extensions>
          <gpxtpx:TrackPointExtension>
            <gpxtpx:hr>137</gpxtpx:hr>
          </gpxtpx:TrackPointExtension>
        </extensions>
      </trkpt>
      <trkpt lat="40.00350086013699" lon="116.4528144890214">
        <ele>37.971626616083086</ele>
        <time>1970-01-01T00:04:02.600000Z</time>
        <extensions>
          <gpxtpx:TrackPointExtension>
            <gpxtpx:hr>137</gpxtpx:hr>
          </gpxtpx:TrackPointExtension>
        </extensions>
      </trkpt>
      <trkpt lat="40.00348653525434" lon="116.45278837201411">
        <ele>37.92090899590403</ele>
        <time>1970-01-01T00:04:03.600000Z</time>
        <extensions>
          <gpxtpx:TrackPointExtension>
            <gpxtpx:hr>137</gpxtpx:hr>
          </gpxtpx:TrackPointExtension>
        </extensions>
      </trkpt>
      <trkpt lat="40.00347211530813" lon="116.45276308458007">
        <ele>37.871769732795656</ele>
        <time>1970-01-01T00:04:04.600000Z</time>
        <extensions>
          <gpxtpx:TrackPointExtension>
            <gpxtpx:hr>137</gpxtpx:hr>
          </gpxtpx:TrackPointExtension>
        </extensions>
      </trkpt>
      <trkpt lat="40.003457249454655" lon="116.4527385965704">
        <ele>37.82470843940973</ele>
        <time>1970-01-01T00:04:05.600000Z</time>
        <extensions>
          <gpxtpx:TrackPointExtension>
            <gpxtpx:hr>137</gpxtpx:hr>
          </gpxtpx:TrackPointExtension>
        </extensions>
      </trkpt>
      <trkpt lat="40.00344144892207" lon="116.45271471181347">
        <ele>37.77991081401706</ele>
        <time>1970-01-01T00:04:06.600000Z</time>
        <extensions>
          <gpxtpx:TrackPointExtension>
            <gpxtpx:hr>137</gpxtpx:hr>
          </gpxtpx:TrackPointExtension>
        </extensions>
      </trkpt>
      <trkpt lat="40.00342432145518" lon="116.45269165832107">
        <ele>37.73690180107951</ele>
        <time>1970-01-01T00:04:07.600000Z</time>
        <extensions>
          <gpxtpx:TrackPointExtension>
            <gpxtpx:hr>137</gpxtpx:hr>
          </gpxtpx:TrackPointExtension>
        </extensions>
      </trkpt>
      <trkpt lat="40.0034057809272" lon="116.45266993816865">
        <ele>37.69531399384141</ele>
        <time>1970-01-01T00:04:08.600000Z</time>
        <extensions>
          <gpxtpx:TrackPointExtension>
            <gpxtpx:hr>137</gpxtpx:hr>
          </gpxtpx:TrackPointExtension>
        </extensions>
      </trkpt>
      <trkpt lat="40.00338638055278" lon="116.4526499838127">
        <ele>37.65478115621954</ele>
        <time>1970-01-01T00:04:09.600000Z</time>
        <extensions>
          <gpxtpx:TrackPointExtension>
            <gpxtpx:hr>138</gpxtpx:hr>
          </gpxtpx:TrackPointExtension>
        </extensions>
      </trkpt>
      <trkpt lat="40.00336682422409" lon="116.45263211310474">
        <ele>37.61497138813138</ele>
        <time>1970-01-01T00:04:10.600000Z</time>
        <extensions>
          <gpxtpx:TrackPointExtension>
            <gpxtpx:hr>138</gpxtpx:hr>
          </gpxtpx:TrackPointExtension>
        </extensions>
      </trkpt>
      <trkpt lat="40.003347406320295" lon="116.45261604657134">
        <ele>37.5754892937839</ele>
        <time>1970-01-01T00:04:11.600000Z</time>
        <extensions>
          <gpxtpx:TrackPointExtension>
            <gpxtpx:hr>138</gpxtpx:hr>
          </gpxtpx:TrackPointExtension>
        </extensions>
      </trkpt>
      <trkpt lat="40.00332826044687" lon="116.45260119750485">
        <ele>37.535888431593776</ele>
        <time>1970-01-01T00:04:12.600000Z</time>
        <extensions>
          <gpxtpx:TrackPointExtension>
            <gpxtpx:hr>138</gpxtpx:hr>
          </gpxtpx:TrackPointExtension>
        </extensions>
      </trkpt>
      <trkpt lat="40.00330947188617" lon="116.45258692698035">
        <ele>37.49588887300342</ele>
        <time>1970-01-01T00:04:13.600000Z</time>
        <extensions>
          <gpxtpx:TrackPointExtension>
            <gpxtpx:hr>138</gpxtpx:hr>
          </gpxtpx:TrackPointExtension>
        </extensions>
      </trkpt>
      <trkpt lat="40.00329127523824" lon="116.45257250764811">
        <ele>37.455551981925964</ele>
        <time>1970-01-01T00:04:14.600000Z</time>
        <extensions>
          <gpxtpx:TrackPointExtension>
            <gpxtpx:hr>138</gpxtpx:hr>
          </gpxtpx:TrackPointExtension>
        </extensions>
      </trkpt>
      <trkpt lat="40.00327415983757" lon="116.45255646245238">
        <ele>37.41534922178835</ele>
        <time>1970-01-01T00:04:15.600000Z</time>
        <extensions>
          <gpxtpx:TrackPointExtension>
            <gpxtpx:hr>138</gpxtpx:hr>
          </gpxtpx:TrackPointExtension>
        </extensions>
      </trkpt>
      <trkpt lat="40.00325843501838" lon="116.45253737625166">
        <ele>37.37611802108586</ele>
        <time>1970-01-01T00:04:16.600000Z</time>
        <extensions>
          <gpxtpx:TrackPointExtension>
            <gpxtpx:hr>138</gpxtpx:hr>
          </gpxtpx:TrackPointExtension>
        </extensions>
      </trkpt>
      <trkpt lat="40.00324354168418" lon="116.45251452021826">
        <ele>37.3388891313225</ele>
        <time>1970-01-01T00:04:17.700000Z</time>
        <extensions>
          <gpxtpx:TrackPointExtension>
            <gpxtpx:hr>138</gpxtpx:hr>
          </gpxtpx:TrackPointExtension>
        </extensions>
      </trkpt>
      <trkpt lat="40.00322863973557" lon="116.452488175784">
        <ele>37.30468716751784</ele>
        <time>1970-01-01T00:04:18.700000Z</time>
        <extensions>
          <gpxtpx:TrackPointExtension>
            <gpxtpx:hr>138</gpxtpx:hr>
          </gpxtpx:TrackPointExtension>
        </extensions>
      </trkpt>
      <trkpt lat="40.00321346120058" lon="116.45245975097755">
        <ele>37.27428917773068</ele>
        <time>1970-01-01T00:04:19.700000Z</time>
        <extensions>
          <gpxtpx:TrackPointExtension>
            <gpxtpx:hr>138</gpxtpx:hr>
          </gpxtpx:TrackPointExtension>
        </extensions>
      </trkpt>
      <trkpt lat="40.00319751712923" lon="116.45243049960082">
        <ele>37.24801495857537</ele>
        <time>1970-01-01T00:04:20.700000Z</time>
        <extensions>
          <gpxtpx:TrackPointExtension>
            <gpxtpx:hr>138</gpxtpx:hr>
          </gpxtpx:TrackPointExtension>
        </extensions>
      </trkpt>
      <trkpt lat="40.003180118226766" lon="116.45240198832082">
        <ele>37.22571350540966</ele>
        <time>1970-01-01T00:04:21.700000Z</time>
        <extensions>
          <gpxtpx:TrackPointExtension>
            <gpxtpx:hr>138</gpxtpx:hr>
          </gpxtpx:TrackPointExtension>
        </extensions>
      </trkpt>
      <trkpt lat="40.00316101876542" lon="116.45237559621033">
        <ele>37.20692410878837</ele>
        <time>1970-01-01T00:04:22.700000Z</time>
        <extensions>
          <gpxtpx:TrackPointExtension>
            <gpxtpx:hr>138</gpxtpx:hr>
          </gpxtpx:TrackPointExtension>
        </extensions>
      </trkpt>
      <trkpt lat="40.003141020005714" lon="116.45235173362585">
        <ele>37.19112769141793</ele>
        <time>1970-01-01T00:04:23.700000Z</time>
        <extensions>
          <gpxtpx:TrackPointExtension>
            <gpxtpx:hr>138</gpxtpx:hr>
          </gpxtpx:TrackPointExtension>
        </extensions>
      </trkpt>
      <trkpt lat="40.00312112805537" lon="116.45233038720353">
        <ele>37.17798405326903</ele>
        <time>1970-01-01T00:04:24.700000Z</time>
        <extensions>
          <gpxtpx:TrackPointExtension>
            <gpxtpx:hr>138</gpxtpx:hr>
          </gpxtpx:TrackPointExtension>
        </extensions>
      </trkpt>
      <trkpt lat="40.00310153169806" lon="116.45231143597023">
        <ele>37.16739858221263</ele>
        <time>1970-01-01T00:04:25.700000Z</time>
        <extensions>
          <gpxtpx:TrackPointExtension>
            <gpxtpx:hr>139</gpxtpx:hr>
          </gpxtpx:TrackPointExtension>
        </extensions>
      </trkpt>
      <trkpt lat="40.00308195789234" lon="116.45229419646836">
        <ele>37.15942558273673</ele>
        <time>1970-01-01T00:04:26.700000Z</time>
        <extensions>
          <gpxtpx:TrackPointExtension>
            <gpxtpx:hr>139</gpxtpx:hr>
          </gpxtpx:TrackPointExtension>
        </extensions>
      </trkpt>
      <trkpt lat="40.00306227240872" lon="116.45227739316356">
        <ele>37.15424815565348</ele>
        <time>1970-01-01T00:04:27.700000Z</time>
        <extensions>
          <gpxtpx:TrackPointExtension>
            <gpxtpx:hr>139</gpxtpx:hr>
          </gpxtpx:TrackPointExtension>
        </extensions>
      </trkpt>
      <trkpt lat="40.003042973530526" lon="116.45225970323108">
        <ele>37.15224451571703</ele>
        <time>1970-01-01T00:04:28.700000Z</time>
        <extensions>
          <gpxtpx:TrackPointExtension>
            <gpxtpx:hr>139</gpxtpx:hr>
          </gpxtpx:TrackPointExtension>
        </extensions>
      </trkpt>
      <trkpt lat="40.003024631097155" lon="116.4522402194066">
        <ele>37.153911435976624</ele>
        <time>1970-01-01T00:04:29.700000Z</time>
        <extensions>
          <gpxtpx:TrackPointExtension>
            <gpxtpx:hr>140</gpxtpx:hr>
          </gpxtpx:TrackPointExtension>
        </extensions>
      </trkpt>
      <trkpt lat="40.003007395452286" lon="116.45221865977321">
        <ele>37.15970936790109</ele>
        <time>1970-01-01T00:04:30.700000Z</time>
        <extensions>
          <gpxtpx:TrackPointExtension>
            <gpxtpx:hr>140</gpxtpx:hr>
          </gpxtpx:TrackPointExtension>
        </extensions>
      </trkpt>
      <trkpt lat="40.00299102714253" lon="116.45219537882848">
        <ele>37.17013007868081</ele>
        <time>1970-01-01T00:04:31.700000Z</time>
        <extensions>
          <gpxtpx:TrackPointExtension>
            <gpxtpx:hr>140</gpxtpx:hr>
          </gpxtpx:TrackPointExtension>
        </extensions>
      </trkpt>
      <trkpt lat="40.0029753166681" lon="116.4521708964934">
        <ele>37.18584105651826</ele>
        <time>1970-01-01T00:04:32.700000Z</time>
        <extensions>
          <gpxtpx:TrackPointExtension>
            <gpxtpx:hr>140</gpxtpx:hr>
          </gpxtpx:TrackPointExtension>
        </extensions>
      </trkpt>
      <trkpt lat="40.00296010586429" lon="116.45214586902694">
        <ele>37.207588378340006</ele>
        <time>1970-01-01T00:04:33.700000Z</time>
        <extensions>
          <gpxtpx:TrackPointExtension>
            <gpxtpx:hr>140</gpxtpx:hr>
          </gpxtpx:TrackPointExtension>
        </extensions>
      </trkpt>
      <trkpt lat="40.002945222249316" lon="116.45212074070734">
        <ele>37.2359527181834</ele>
        <time>1970-01-01T00:04:34.700000Z</time>
        <extensions>
          <gpxtpx:TrackPointExtension>
            <gpxtpx:hr>140</gpxtpx:hr>
          </gpxtpx:TrackPointExtension>
        </extensions>
      </trkpt>
      <trkpt lat="40.002930513974675" lon="116.45209572079675">
        <ele>37.27119680028409</ele>
        <time>1970-01-01T00:04:35.700000Z</time>
        <extensions>
          <gpxtpx:TrackPointExtension>
            <gpxtpx:hr>140</gpxtpx:hr>
          </gpxtpx:TrackPointExtension>
        </extensions>
      </trkpt>
      <trkpt lat="40.00291615547627" lon="116.45207113856982">
        <ele>37.31319343112409</ele>
        <time>1970-01-01T00:04:36.700000Z</time>
        <extensions>
          <gpxtpx:TrackPointExtension>
            <gpxtpx:hr>141</gpxtpx:hr>
          </gpxtpx:TrackPointExtension>
        </extensions>
      </trkpt>
      <trkpt lat="40.00290225199043" lon="116.45204708930864">
        <ele>37.36138584744185</ele>
        <time>1970-01-01T00:04:37.700000Z</time>
        <extensions>
          <gpxtpx:TrackPointExtension>
            <gpxtpx:hr>141</gpxtpx:hr>
          </gpxtpx:TrackPointExtension>
        </extensions>
      </trkpt>
      <trkpt lat="40.00288872647709" lon="116.45202335321277">
        <ele>37.41501752939075</ele>
        <time>1970-01-01T00:04:38.700000Z</time>
        <extensions>
          <gpxtpx:TrackPointExtension>
            <gpxtpx:hr>141</gpxtpx:hr>
          </gpxtpx:TrackPointExtension>
        </extensions>
      </trkpt>
      <trkpt lat="40.00287542336878" lon="116.45199950184117">
        <ele>37.4735412793234</ele>
        <time>1970-01-01T00:04:39.700000Z</time>
        <extensions>
          <gpxtpx:TrackPointExtension>
            <gpxtpx:hr>141</gpxtpx:hr>
          </gpxtpx:TrackPointExtension>
        </extensions>
      </trkpt>
      <trkpt lat="40.00286225121851" lon="116.45197543451023">
        <ele>37.5367409363389</ele>
        <time>1970-01-01T00:04:40.700000Z</time>
        <extensions>
          <gpxtpx:TrackPointExtension>
            <gpxtpx:hr>141</gpxtpx:hr>
          </gpxtpx:TrackPointExtension>
        </extensions>
      </trkpt>
      <trkpt lat="40.00284920215589" lon="116.4519511383624">
        <ele>37.60439035017043</ele>
        <time>1970-01-01T00:04:41.700000Z</time>
        <extensions>
          <gpxtpx:TrackPointExtension>
            <gpxtpx:hr>141</gpxtpx:hr>
          </gpxtpx:TrackPointExtension>
        </extensions>
      </trkpt>
      <trkpt lat="40.00283614422097" lon="116.45192669143565">
        <ele>37.67578569240868</ele>
        <time>1970-01-01T00:04:42.700000Z</time>
        <extensions>
          <gpxtpx:TrackPointExtension>
            <gpxtpx:hr>139</gpxtpx:hr>
          </gpxtpx:TrackPointExtension>
        </extensions>
      </trkpt>
      <trkpt lat="40.00282297283064" lon="116.45190220600327">
        <ele>37.74912953004241</ele>
        <time>1970-01-01T00:04:43.700000Z</time>
        <extensions>
          <gpxtpx:TrackPointExtension>
            <gpxtpx:hr>139</gpxtpx:hr>
          </gpxtpx:TrackPointExtension>
        </extensions>
      </trkpt>
      <trkpt lat="40.00280981296891" lon="116.45187765961148">
        <ele>37.82041649334133</ele>
        <time>1970-01-01T00:04:44.700000Z</time>
        <extensions>
          <gpxtpx:TrackPointExtension>
            <gpxtpx:hr>139</gpxtpx:hr>
          </gpxtpx:TrackPointExtension>
        </extensions>
      </trkpt>
      <trkpt lat="40.00279660789112" lon="116.45185310145169">
        <ele>37.883184405975044</ele>
        <time>1970-01-01T00:04:45.700000Z</time>
        <extensions>
          <gpxtpx:TrackPointExtension>
            <gpxtpx:hr>139</gpxtpx:hr>
          </gpxtpx:TrackPointExtension>
        </extensions>
      </trkpt>
      <trkpt lat="40.00278320813049" lon="116.45182856420352">
        <ele>37.9314355449751</ele>
        <time>1970-01-01T00:04:46.700000Z</time>
        <extensions>
          <gpxtpx:TrackPointExtension>
            <gpxtpx:hr>139</gpxtpx:hr>
          </gpxtpx:TrackPointExtension>
        </extensions>
      </trkpt>
      <trkpt lat="40.00276954148915" lon="116.45180403340143">
        <ele>37.963439263403416</ele>
        <time>1970-01-01T00:04:47.700000Z</time>
        <extensions>
          <gpxtpx:TrackPointExtension>
            <gpxtpx:hr>138</gpxtpx:hr>
          </gpxtpx:TrackPointExtension>
        </extensions>
      </trkpt>
      <trkpt lat="40.00275572703047" lon="116.45177938826694">
        <ele>37.98134657461196</ele>
        <time>1970-01-01T00:04:48.700000Z</time>
        <extensions>
          <gpxtpx:TrackPointExtension>
            <gpxtpx:hr>138</gpxtpx:hr>
          </gpxtpx:TrackPointExtension>
        </extensions>
      </trkpt>
      <trkpt lat="40.00274200548165" lon="116.45175444464807">
        <ele>37.987095345743</ele>
        <time>1970-01-01T00:04:49.700000Z</time>
        <extensions>
          <gpxtpx:TrackPointExtension>
            <gpxtpx:hr>138</gpxtpx:hr>
          </gpxtpx:TrackPointExtension>
        </extensions>
      </trkpt>
      <trkpt lat="40.00272835035667" lon="116.45172916456687">
        <ele>37.97966177389026</ele>
        <time>1970-01-01T00:04:50.700000Z</time>
        <extensions>
          <gpxtpx:TrackPointExtension>
            <gpxtpx:hr>138</gpxtpx:hr>
          </gpxtpx:TrackPointExtension>
        </extensions>
      </trkpt>
      <trkpt lat="40.00271457098697" lon="116.45170352460593">
        <ele>37.95659189950675</ele>
        <time>1970-01-01T00:04:51.700000Z</time>
        <extensions>
          <gpxtpx:TrackPointExtension>
            <gpxtpx:hr>138</gpxtpx:hr>
          </gpxtpx:TrackPointExtension>
        </extensions>
      </trkpt>
      <trkpt lat="40.002700519537555" lon="116.45167754401184">
        <ele>37.91743628308177</ele>
        <time>1970-01-01T00:04:52.700000Z</time>
        <extensions>
          <gpxtpx:TrackPointExtension>
            <gpxtpx:hr>138</gpxtpx:hr>
          </gpxtpx:TrackPointExtension>
        </extensions>
      </trkpt>
      <trkpt lat="40.00268158488673" lon="116.45164299649942">
        <ele>37.843512137420475</ele>
        <time>1970-01-01T00:04:54Z</time>
        <extensions>
          <gpxtpx:TrackPointExtension>
            <gpxtpx:hr>138</gpxtpx:hr>
          </gpxtpx:TrackPointExtension>
        </extensions>
      </trkpt>
      <trkpt lat="40.00258349813292" lon="116.45141488277861">
        <ele>37.5131673226133</ele>
        <time>1970-01-01T00:05:01.900000Z</time>
        <extensions>
          <gpxtpx:TrackPointExtension>
            <gpxtpx:hr>138</gpxtpx:hr>
          </gpxtpx:TrackPointExtension>
        </extensions>
      </trkpt>
      <trkpt lat="40.00257282480506" lon="116.45138341998788">
        <ele>37.5036647496745</ele>
        <time>1970-01-01T00:05:02.900000Z</time>
        <extensions>
          <gpxtpx:TrackPointExtension>
            <gpxtpx:hr>138</gpxtpx:hr>
          </gpxtpx:TrackPointExtension>
        </extensions>
      </trkpt>
      <trkpt lat="40.00256107583969" lon="116.45135165005087">
        <ele>37.51091474853456</ele>
        <time>1970-01-01T00:05:03.900000Z</time>
        <extensions>
          <gpxtpx:TrackPointExtension>
            <gpxtpx:hr>138</gpxtpx:hr>
          </gpxtpx:TrackPointExtension>
        </extensions>
      </trkpt>
      <trkpt lat="40.002548984889955" lon="116.45132135220611">
        <ele>37.53894197475165</ele>
        <time>1970-01-01T00:05:04.900000Z</time>
        <extensions>
          <gpxtpx:TrackPointExtension>
            <gpxtpx:hr>138</gpxtpx:hr>
          </gpxtpx:TrackPointExtension>
        </extensions>
      </trkpt>
      <trkpt lat="40.00253677182246" lon="116.45129287026054">
        <ele>37.589519107714295</ele>
        <time>1970-01-01T00:05:05.900000Z</time>
        <extensions>
          <gpxtpx:TrackPointExtension>
            <gpxtpx:hr>138</gpxtpx:hr>
          </gpxtpx:TrackPointExtension>
        </extensions>
      </trkpt>
      <trkpt lat="40.00252426908332" lon="116.45126540527836">
        <ele>37.66083819884807</ele>
        <time>1970-01-01T00:05:06.900000Z</time>
        <extensions>
          <gpxtpx:TrackPointExtension>
            <gpxtpx:hr>138</gpxtpx:hr>
          </gpxtpx:TrackPointExtension>
        </extensions>
      </trkpt>
      <trkpt lat="40.00251134191761" lon="116.45123815778905">
        <ele>37.748092878609896</ele>
        <time>1970-01-01T00:05:07.900000Z</time>
        <extensions>
          <gpxtpx:TrackPointExtension>
            <gpxtpx:hr>138</gpxtpx:hr>
          </gpxtpx:TrackPointExtension>
        </extensions>
      </trkpt>
      <trkpt lat="40.00249797128639" lon="116.45121086659165">
        <ele>37.84443935379386</ele>
        <time>1970-01-01T00:05:08.900000Z</time>
        <extensions>
          <gpxtpx:TrackPointExtension>
            <gpxtpx:hr>138</gpxtpx:hr>
          </gpxtpx:TrackPointExtension>
        </extensions>
      </trkpt>
      <trkpt lat="40.00248430808821" lon="116.45118359148942">
        <ele>37.94249152485281</ele>
        <time>1970-01-01T00:05:09.900000Z</time>
        <extensions>
          <gpxtpx:TrackPointExtension>
            <gpxtpx:hr>137</gpxtpx:hr>
          </gpxtpx:TrackPointExtension>
        </extensions>
      </trkpt>
      <trkpt lat="40.00247061205162" lon="116.45115650372986">
        <ele>38.03565340489149</ele>
        <time>1970-01-01T00:05:10.900000Z</time>
        <extensions>
          <gpxtpx:TrackPointExtension>
            <gpxtpx:hr>137</gpxtpx:hr>
          </gpxtpx:TrackPointExtension>
        </extensions>
      </trkpt>
      <trkpt lat="40.00245700989095" lon="116.45112951121558">
        <ele>38.118945754133165</ele>
        <time>1970-01-01T00:05:11.900000Z</time>
        <extensions>
          <gpxtpx:TrackPointExtension>
            <gpxtpx:hr>137</gpxtpx:hr>
          </gpxtpx:TrackPointExtension>
        </extensions>
      </trkpt>
      <trkpt lat="40.002443401204886" lon="116.4511022658726">
        <ele>38.189514574594796</ele>
        <time>1970-01-01T00:05:12.900000Z</time>
        <extensions>
          <gpxtpx:TrackPointExtension>
            <gpxtpx:hr>137</gpxtpx:hr>
          </gpxtpx:TrackPointExtension>
        </extensions>
      </trkpt>
      <trkpt lat="40.00242968963539" lon="116.45107455349695">
        <ele>38.24661985784769</ele>
        <time>1970-01-01T00:05:13.900000Z</time>
        <extensions>
          <gpxtpx:TrackPointExtension>
            <gpxtpx:hr>137</gpxtpx:hr>
          </gpxtpx:TrackPointExtension>
        </extensions>
      </trkpt>
      <trkpt lat="40.00241587661247" lon="116.45104619729479">
        <ele>38.29108463972807</ele>
        <time>1970-01-01T00:05:14.900000Z</time>
        <extensions>
          <gpxtpx:TrackPointExtension>
            <gpxtpx:hr>137</gpxtpx:hr>
          </gpxtpx:TrackPointExtension>
        </extensions>
      </trkpt>
      <trkpt lat="40.002402248458935" lon="116.45101743663805">
        <ele>38.32465386763215</ele>
        <time>1970-01-01T00:05:15.900000Z</time>
        <extensions>
          <gpxtpx:TrackPointExtension>
            <gpxtpx:hr>138</gpxtpx:hr>
          </gpxtpx:TrackPointExtension>
        </extensions>
      </trkpt>
      <trkpt lat="40.00238891240768" lon="116.45098888554502">
        <ele>38.34947011992335</ele>
        <time>1970-01-01T00:05:16.900000Z</time>
        <extensions>
          <gpxtpx:TrackPointExtension>
            <gpxtpx:hr>138</gpxtpx:hr>
          </gpxtpx:TrackPointExtension>
        </extensions>
      </trkpt>
      <trkpt lat="40.00237570608646" lon="116.45096076142596">
        <ele>38.367668230086565</ele>
        <time>1970-01-01T00:05:17.900000Z</time>
        <extensions>
          <gpxtpx:TrackPointExtension>
            <gpxtpx:hr>138</gpxtpx:hr>
          </gpxtpx:TrackPointExtension>
        </extensions>
      </trkpt>
      <trkpt lat="40.00236248152522" lon="116.4509326970327">
        <ele>38.38115268945694</ele>
        <time>1970-01-01T00:05:18.900000Z</time>
        <extensions>
          <gpxtpx:TrackPointExtension>
            <gpxtpx:hr>138</gpxtpx:hr>
          </gpxtpx:TrackPointExtension>
        </extensions>
      </trkpt>
      <trkpt lat="40.00234919791024" lon="116.45090446918948">
        <ele>38.391479783691466</ele>
        <time>1970-01-01T00:05:19.900000Z</time>
        <extensions>
          <gpxtpx:TrackPointExtension>
            <gpxtpx:hr>138</gpxtpx:hr>
          </gpxtpx:TrackPointExtension>
        </extensions>
      </trkpt>
      <trkpt lat="40.002335879697185" lon="116.45087641105505">
        <ele>38.39983202889562</ele>
        <time>1970-01-01T00:05:20.900000Z</time>
        <extensions>
          <gpxtpx:TrackPointExtension>
            <gpxtpx:hr>138</gpxtpx:hr>
          </gpxtpx:TrackPointExtension>
        </extensions>
      </trkpt>
      <trkpt lat="40.00232249670527" lon="116.45084874453913">
        <ele>38.40694290213287</ele>
        <time>1970-01-01T00:05:21.900000Z</time>
        <extensions>
          <gpxtpx:TrackPointExtension>
            <gpxtpx:hr>138</gpxtpx:hr>
          </gpxtpx:TrackPointExtension>
        </extensions>
      </trkpt>
      <trkpt lat="40.002309129445855" lon="116.45082142646766">
        <ele>38.41306733712554</ele>
        <time>1970-01-01T00:05:22.900000Z</time>
        <extensions>
          <gpxtpx:TrackPointExtension>
            <gpxtpx:hr>139</gpxtpx:hr>
          </gpxtpx:TrackPointExtension>
        </extensions>
      </trkpt>
      <trkpt lat="40.002295937823625" lon="116.45079419075644">
        <ele>38.41802391316742</ele>
        <time>1970-01-01T00:05:23.900000Z</time>
        <extensions>
          <gpxtpx:TrackPointExtension>
            <gpxtpx:hr>139</gpxtpx:hr>
          </gpxtpx:TrackPointExtension>
        </extensions>
      </trkpt>
      <trkpt lat="40.00228299129159" lon="116.45076687628143">
        <ele>38.4213594943285</ele>
        <time>1970-01-01T00:05:24.900000Z</time>
        <extensions>
          <gpxtpx:TrackPointExtension>
            <gpxtpx:hr>139</gpxtpx:hr>
          </gpxtpx:TrackPointExtension>
        </extensions>
      </trkpt>
      <trkpt lat="40.00227002224694" lon="116.45073935226374">
        <ele>38.42243506759405</ele>
        <time>1970-01-01T00:05:25.900000Z</time>
        <extensions>
          <gpxtpx:TrackPointExtension>
            <gpxtpx:hr>139</gpxtpx:hr>
          </gpxtpx:TrackPointExtension>
        </extensions>
      </trkpt>
      <trkpt lat="40.00225686367431" lon="116.45071144931883">
        <ele>38.42071590013802</ele>
        <time>1970-01-01T00:05:26.900000Z</time>
        <extensions>
          <gpxtpx:TrackPointExtension>
            <gpxtpx:hr>139</gpxtpx:hr>
          </gpxtpx:TrackPointExtension>
        </extensions>
      </trkpt>
      <trkpt lat="40.00224359059065" lon="116.45068329872923">
        <ele>38.41577645204961</ele>
        <time>1970-01-01T00:05:27.900000Z</time>
        <extensions>
          <gpxtpx:TrackPointExtension>
            <gpxtpx:hr>141</gpxtpx:hr>
          </gpxtpx:TrackPointExtension>
        </extensions>
      </trkpt>
      <trkpt lat="40.00223017406027" lon="116.45065512425865">
        <ele>38.40741284284741</ele>
        <time>1970-01-01T00:05:28.900000Z</time>
        <extensions>
          <gpxtpx:TrackPointExtension>
            <gpxtpx:hr>141</gpxtpx:hr>
          </gpxtpx:TrackPointExtension>
        </extensions>
      </trkpt>
      <trkpt lat="40.00221649210597" lon="116.45062685799887">
        <ele>38.395598724484444</ele>
        <time>1970-01-01T00:05:29.900000Z</time>
        <extensions>
          <gpxtpx:TrackPointExtension>
            <gpxtpx:hr>141</gpxtpx:hr>
          </gpxtpx:TrackPointExtension>
        </extensions>
      </trkpt>
      <trkpt lat="40.00220262289996" lon="116.45059851179106">
        <ele>38.380325241945684</ele>
        <time>1970-01-01T00:05:30.900000Z</time>
        <extensions>
          <gpxtpx:TrackPointExtension>
            <gpxtpx:hr>141</gpxtpx:hr>
          </gpxtpx:TrackPointExtension>
        </extensions>
      </trkpt>
      <trkpt lat="40.002188759412064" lon="116.45057028627609">
        <ele>38.361643611453474</ele>
        <time>1970-01-01T00:05:31.900000Z</time>
        <extensions>
          <gpxtpx:TrackPointExtension>
            <gpxtpx:hr>142</gpxtpx:hr>
          </gpxtpx:TrackPointExtension>
        </extensions>
      </trkpt>
      <trkpt lat="40.0021750583075" lon="116.45054237668288">
        <ele>38.33965699467808</ele>
        <time>1970-01-01T00:05:32.900000Z</time>
        <extensions>
          <gpxtpx:TrackPointExtension>
            <gpxtpx:hr>142</gpxtpx:hr>
          </gpxtpx:TrackPointExtension>
        </extensions>
      </trkpt>
      <trkpt lat="40.00216430014535" lon="116.45052043579">
        <ele>38.31986247282475</ele>
        <time>1970-01-01T00:05:33.700000Z</time>
        <extensions>
          <gpxtpx:TrackPointExtension>
            <gpxtpx:hr>142</gpxtpx:hr>
          </gpxtpx:TrackPointExtension>
        </extensions>
      </trkpt>
      <trkpt lat="40.00215128817164" lon="116.45049316538899">
        <ele>38.2929006209597</ele>
        <time>1970-01-01T00:05:34.700000Z</time>
        <extensions>
          <gpxtpx:TrackPointExtension>
            <gpxtpx:hr>142</gpxtpx:hr>
          </gpxtpx:TrackPointExtension>
        </extensions>
      </trkpt>
      <trkpt lat="40.002138503656454" lon="116.45046574035548">
        <ele>38.2634860323742</ele>
        <time>1970-01-01T00:05:35.700000Z</time>
        <extensions>
          <gpxtpx:TrackPointExtension>
            <gpxtpx:hr>142</gpxtpx:hr>
          </gpxtpx:TrackPointExtension>
        </extensions>
      </trkpt>
      <trkpt lat="40.00212566286287" lon="116.45043806600445">
        <ele>38.232041623443365</ele>
        <time>1970-01-01T00:05:36.700000Z</time>
        <extensions>
          <gpxtpx:TrackPointExtension>
            <gpxtpx:hr>142</gpxtpx:hr>
          </gpxtpx:TrackPointExtension>
        </extensions>
      </trkpt>
      <trkpt lat="40.00211272174442" lon="116.45041046382025">
        <ele>38.19906751252711</ele>
        <time>1970-01-01T00:05:37.700000Z</time>
        <extensions>
          <gpxtpx:TrackPointExtension>
            <gpxtpx:hr>142</gpxtpx:hr>
          </gpxtpx:TrackPointExtension>
        </extensions>
      </trkpt>
      <trkpt lat="40.00209968849998" lon="116.45038330802556">
        <ele>38.16535995621234</ele>
        <time>1970-01-01T00:05:38.700000Z</time>
        <extensions>
          <gpxtpx:TrackPointExtension>
            <gpxtpx:hr>142</gpxtpx:hr>
          </gpxtpx:TrackPointExtension>
        </extensions>
      </trkpt>
      <trkpt lat="40.002086661342375" lon="116.45035641113141">
        <ele>38.13241901062429</ele>
        <time>1970-01-01T00:05:39.700000Z</time>
        <extensions>
          <gpxtpx:TrackPointExtension>
            <gpxtpx:hr>142</gpxtpx:hr>
          </gpxtpx:TrackPointExtension>
        </extensions>
      </trkpt>
      <trkpt lat="40.00207382953807" lon="116.45032939902127">
        <ele>38.10049998573959</ele>
        <time>1970-01-01T00:05:40.700000Z</time>
        <extensions>
          <gpxtpx:TrackPointExtension>
            <gpxtpx:hr>142</gpxtpx:hr>
          </gpxtpx:TrackPointExtension>
        </extensions>
      </trkpt>
      <trkpt lat="40.00206117178984" lon="116.45030208600743">
        <ele>38.070722547359765</ele>
        <time>1970-01-01T00:05:41.700000Z</time>
        <extensions>
          <gpxtpx:TrackPointExtension>
            <gpxtpx:hr>142</gpxtpx:hr>
          </gpxtpx:TrackPointExtension>
        </extensions>
      </trkpt>
      <trkpt lat="40.002048635316676" lon="116.45027455073192">
        <ele>38.04441457707435</ele>
        <time>1970-01-01T00:05:42.700000Z</time>
        <extensions>
          <gpxtpx:TrackPointExtension>
            <gpxtpx:hr>142</gpxtpx:hr>
          </gpxtpx:TrackPointExtension>
        </extensions>
      </trkpt>
      <trkpt lat="40.00203621533701" lon="116.45024694751241">
        <ele>38.02200301270932</ele>
        <time>1970-01-01T00:05:43.700000Z</time>
        <extensions>
          <gpxtpx:TrackPointExtension>
            <gpxtpx:hr>142</gpxtpx:hr>
          </gpxtpx:TrackPointExtension>
        </extensions>
      </trkpt>
      <trkpt lat="40.002023930150514" lon="116.45021929912201">
        <ele>38.004212954081595</ele>
        <time>1970-01-01T00:05:44.700000Z</time>
        <extensions>
          <gpxtpx:TrackPointExtension>
            <gpxtpx:hr>142</gpxtpx:hr>
          </gpxtpx:TrackPointExtension>
        </extensions>
      </trkpt>
      <trkpt lat="40.002011604953424" lon="116.45019152775198">
        <ele>37.99138435255736</ele>
        <time>1970-01-01T00:05:45.700000Z</time>
        <extensions>
          <gpxtpx:TrackPointExtension>
            <gpxtpx:hr>142</gpxtpx:hr>
          </gpxtpx:TrackPointExtension>
        </extensions>
      </trkpt>
      <trkpt lat="40.00199902775041" lon="116.45016347664153">
        <ele>37.983667929656804</ele>
        <time>1970-01-01T00:05:46.700000Z</time>
        <extensions>
          <gpxtpx:TrackPointExtension>
            <gpxtpx:hr>142</gpxtpx:hr>
          </gpxtpx:TrackPointExtension>
        </extensions>
      </trkpt>
      <trkpt lat="40.001986452788124" lon="116.45013521708638">
        <ele>37.98083856329322</ele>
        <time>1970-01-01T00:05:47.700000Z</time>
        <extensions>
          <gpxtpx:TrackPointExtension>
            <gpxtpx:hr>141</gpxtpx:hr>
          </gpxtpx:TrackPointExtension>
        </extensions>
      </trkpt>
      <trkpt lat="40.00197423746774" lon="116.45010688152558">
        <ele>37.98253128211945</ele>
        <time>1970-01-01T00:05:48.700000Z</time>
        <extensions>
          <gpxtpx:TrackPointExtension>
            <gpxtpx:hr>141</gpxtpx:hr>
          </gpxtpx:TrackPointExtension>
        </extensions>
      </trkpt>
      <trkpt lat="40.00196239291122" lon="116.4500783058166">
        <ele>37.98855182994157</ele>
        <time>1970-01-01T00:05:49.700000Z</time>
        <extensions>
          <gpxtpx:TrackPointExtension>
            <gpxtpx:hr>141</gpxtpx:hr>
          </gpxtpx:TrackPointExtension>
        </extensions>
      </trkpt>
      <trkpt lat="40.00195076766883" lon="116.45004935376782">
        <ele>37.99818657524884</ele>
        <time>1970-01-01T00:05:50.700000Z</time>
        <extensions>
          <gpxtpx:TrackPointExtension>
            <gpxtpx:hr>141</gpxtpx:hr>
          </gpxtpx:TrackPointExtension>
        </extensions>
      </trkpt>
      <trkpt lat="40.00193930178306" lon="116.45002002781872">
        <ele>38.01120330672711</ele>
        <time>1970-01-01T00:05:51.700000Z</time>
        <extensions>
          <gpxtpx:TrackPointExtension>
            <gpxtpx:hr>141</gpxtpx:hr>
          </gpxtpx:TrackPointExtension>
        </extensions>
      </trkpt>
      <trkpt lat="40.00192795696" lon="116.44999020687582">
        <ele>38.02716343104839</ele>
        <time>1970-01-01T00:05:52.700000Z</time>
        <extensions>
          <gpxtpx:TrackPointExtension>
            <gpxtpx:hr>141</gpxtpx:hr>
          </gpxtpx:TrackPointExtension>
        </extensions>
      </trkpt>
      <trkpt lat="40.00191673910013" lon="116.4499600132829">
        <ele>38.0458801118657</ele>
        <time>1970-01-01T00:05:53.700000Z</time>
        <extensions>
          <gpxtpx:TrackPointExtension>
            <gpxtpx:hr>141</gpxtpx:hr>
          </gpxtpx:TrackPointExtension>
        </extensions>
      </trkpt>
      <trkpt lat="40.001905710539845" lon="116.4499296956075">
        <ele>38.06680835504085</ele>
        <time>1970-01-01T00:05:54.700000Z</time>
        <extensions>
          <gpxtpx:TrackPointExtension>
            <gpxtpx:hr>143</gpxtpx:hr>
          </gpxtpx:TrackPointExtension>
        </extensions>
      </trkpt>
      <trkpt lat="40.00189500065323" lon="116.44989914009956">
        <ele>38.0897312592715</ele>
        <time>1970-01-01T00:05:55.700000Z</time>
        <extensions>
          <gpxtpx:TrackPointExtension>
            <gpxtpx:hr>143</gpxtpx:hr>
          </gpxtpx:TrackPointExtension>
        </extensions>
      </trkpt>
      <trkpt lat="40.00188477554564" lon="116.44986823673824">
        <ele>38.11406751163304</ele>
        <time>1970-01-01T00:05:56.700000Z</time>
        <extensions>
          <gpxtpx:TrackPointExtension>
            <gpxtpx:hr>143</gpxtpx:hr>
          </gpxtpx:TrackPointExtension>
        </extensions>
      </trkpt>
      <trkpt lat="40.001874907556676" lon="116.44983691027842">
        <ele>38.13912021834403</ele>
        <time>1970-01-01T00:05:57.700000Z</time>
        <extensions>
          <gpxtpx:TrackPointExtension>
            <gpxtpx:hr>143</gpxtpx:hr>
          </gpxtpx:TrackPointExtension>
        </extensions>
      </trkpt>
      <trkpt lat="40.00186506028849" lon="116.4498051002565">
        <ele>38.16450473014265</ele>
        <time>1970-01-01T00:05:58.700000Z</time>
        <extensions>
          <gpxtpx:TrackPointExtension>
            <gpxtpx:hr>143</gpxtpx:hr>
          </gpxtpx:TrackPointExtension>
        </extensions>
      </trkpt>
      <trkpt lat="40.00185498972837" lon="116.44977319761884">
        <ele>38.189439460635185</ele>
        <time>1970-01-01T00:05:59.700000Z</time>
        <extensions>
          <gpxtpx:TrackPointExtension>
            <gpxtpx:hr>143</gpxtpx:hr>
          </gpxtpx:TrackPointExtension>
        </extensions>
      </trkpt>
      <trkpt lat="40.00184467793131" lon="116.44974170632024">
        <ele>38.213279381394386</ele>
        <time>1970-01-01T00:06:00.700000Z</time>
        <extensions>
          <gpxtpx:TrackPointExtension>
            <gpxtpx:hr>147</gpxtpx:hr>
          </gpxtpx:TrackPointExtension>
        </extensions>
      </trkpt>
      <trkpt lat="40.001834389259635" lon="116.44971086711831">
        <ele>38.23600035253912</ele>
        <time>1970-01-01T00:06:01.700000Z</time>
        <extensions>
          <gpxtpx:TrackPointExtension>
            <gpxtpx:hr>147</gpxtpx:hr>
          </gpxtpx:TrackPointExtension>
        </extensions>
      </trkpt>
      <trkpt lat="40.00182422547263" lon="116.44968040824685">
        <ele>38.256775449961424</ele>
        <time>1970-01-01T00:06:02.700000Z</time>
        <extensions>
          <gpxtpx:TrackPointExtension>
            <gpxtpx:hr>147</gpxtpx:hr>
          </gpxtpx:TrackPointExtension>
        </extensions>
      </trkpt>
      <trkpt lat="40.001814393886235" lon="116.44965001850558">
        <ele>38.27564063668251</ele>
        <time>1970-01-01T00:06:03.700000Z</time>
        <extensions>
          <gpxtpx:TrackPointExtension>
            <gpxtpx:hr>147</gpxtpx:hr>
          </gpxtpx:TrackPointExtension>
        </extensions>
      </trkpt>
      <trkpt lat="40.001805037704614" lon="116.44961955197346">
        <ele>38.29258625861257</ele>
        <time>1970-01-01T00:06:04.700000Z</time>
        <extensions>
          <gpxtpx:TrackPointExtension>
            <gpxtpx:hr>147</gpxtpx:hr>
          </gpxtpx:TrackPointExtension>
        </extensions>
      </trkpt>
      <trkpt lat="40.00179613181556" lon="116.449588901305">
        <ele>38.30822360701859</ele>
        <time>1970-01-01T00:06:05.700000Z</time>
        <extensions>
          <gpxtpx:TrackPointExtension>
            <gpxtpx:hr>147</gpxtpx:hr>
          </gpxtpx:TrackPointExtension>
        </extensions>
      </trkpt>
      <trkpt lat="40.001787711275185" lon="116.4495578026154">
        <ele>38.323087932541966</ele>
        <time>1970-01-01T00:06:06.700000Z</time>
        <extensions>
          <gpxtpx:TrackPointExtension>
            <gpxtpx:hr>147</gpxtpx:hr>
          </gpxtpx:TrackPointExtension>
        </extensions>
      </trkpt>
      <trkpt lat="40.00177999573592" lon="116.4495260125718">
        <ele>38.337670057080686</ele>
        <time>1970-01-01T00:06:07.700000Z</time>
        <extensions>
          <gpxtpx:TrackPointExtension>
            <gpxtpx:hr>148</gpxtpx:hr>
          </gpxtpx:TrackPointExtension>
        </extensions>
      </trkpt>
      <trkpt lat="40.00177336003923" lon="116.44949389676933">
        <ele>38.352417656220496</ele>
        <time>1970-01-01T00:06:08.700000Z</time>
        <extensions>
          <gpxtpx:TrackPointExtension>
            <gpxtpx:hr>148</gpxtpx:hr>
          </gpxtpx:TrackPointExtension>
        </extensions>
      </trkpt>
      <trkpt lat="40.00176807977772" lon="116.44946202088366">
        <ele>38.36789407487959</ele>
        <time>1970-01-01T00:06:09.700000Z</time>
        <extensions>
          <gpxtpx:TrackPointExtension>
            <gpxtpx:hr>148</gpxtpx:hr>
          </gpxtpx:TrackPointExtension>
        </extensions>
      </trkpt>
      <trkpt lat="40.001764239940705" lon="116.44943082300212">
        <ele>38.38374906312674</ele>
        <time>1970-01-01T00:06:10.700000Z</time>
        <extensions>
          <gpxtpx:TrackPointExtension>
            <gpxtpx:hr>148</gpxtpx:hr>
          </gpxtpx:TrackPointExtension>
        </extensions>
      </trkpt>
      <trkpt lat="40.001761685577" lon="116.44940028711528">
        <ele>38.39981633145362</ele>
        <time>1970-01-01T00:06:11.700000Z</time>
        <extensions>
          <gpxtpx:TrackPointExtension>
            <gpxtpx:hr>147</gpxtpx:hr>
          </gpxtpx:TrackPointExtension>
        </extensions>
      </trkpt>
      <trkpt lat="40.00176007077402" lon="116.44937000173252">
        <ele>38.41492117755115</ele>
        <time>1970-01-01T00:06:12.700000Z</time>
        <extensions>
          <gpxtpx:TrackPointExtension>
            <gpxtpx:hr>147</gpxtpx:hr>
          </gpxtpx:TrackPointExtension>
        </extensions>
      </trkpt>
      <trkpt lat="40.001759068989486" lon="116.44933973258338">
        <ele>38.42820721305907</ele>
        <time>1970-01-01T00:06:13.700000Z</time>
        <extensions>
          <gpxtpx:TrackPointExtension>
            <gpxtpx:hr>147</gpxtpx:hr>
          </gpxtpx:TrackPointExtension>
        </extensions>
      </trkpt>
      <trkpt lat="40.00175851390683" lon="116.44930937075993">
        <ele>38.43830486852676</ele>
        <time>1970-01-01T00:06:14.700000Z</time>
        <extensions>
          <gpxtpx:TrackPointExtension>
            <gpxtpx:hr>147</gpxtpx:hr>
          </gpxtpx:TrackPointExtension>
        </extensions>
      </trkpt>
      <trkpt lat="40.00175804579961" lon="116.4492787247393">
        <ele>38.44428950641304</ele>
        <time>1970-01-01T00:06:15.700000Z</time>
        <extensions>
          <gpxtpx:TrackPointExtension>
            <gpxtpx:hr>147</gpxtpx:hr>
          </gpxtpx:TrackPointExtension>
        </extensions>
      </trkpt>
      <trkpt lat="40.001757452305974" lon="116.44924769553721">
        <ele>38.4455061936751</ele>
        <time>1970-01-01T00:06:16.700000Z</time>
        <extensions>
          <gpxtpx:TrackPointExtension>
            <gpxtpx:hr>146</gpxtpx:hr>
          </gpxtpx:TrackPointExtension>
        </extensions>
      </trkpt>
      <trkpt lat="40.0017566258263" lon="116.44921655561066">
        <ele>38.440651550889015</ele>
        <time>1970-01-01T00:06:17.700000Z</time>
        <extensions>
          <gpxtpx:TrackPointExtension>
            <gpxtpx:hr>146</gpxtpx:hr>
          </gpxtpx:TrackPointExtension>
        </extensions>
      </trkpt>
      <trkpt lat="40.00175518686268" lon="116.44918566207382">
        <ele>38.42998102121055</ele>
        <time>1970-01-01T00:06:18.700000Z</time>
        <extensions>
          <gpxtpx:TrackPointExtension>
            <gpxtpx:hr>146</gpxtpx:hr>
          </gpxtpx:TrackPointExtension>
        </extensions>
      </trkpt>
      <trkpt lat="40.00175267648583" lon="116.44915497709607">
        <ele>38.41386316996068</ele>
        <time>1970-01-01T00:06:19.700000Z</time>
        <extensions>
          <gpxtpx:TrackPointExtension>
            <gpxtpx:hr>146</gpxtpx:hr>
          </gpxtpx:TrackPointExtension>
        </extensions>
      </trkpt>
      <trkpt lat="40.00174870977298" lon="116.44912430841386">
        <ele>38.39248146302998</ele>
        <time>1970-01-01T00:06:20.700000Z</time>
        <extensions>
          <gpxtpx:TrackPointExtension>
            <gpxtpx:hr>146</gpxtpx:hr>
          </gpxtpx:TrackPointExtension>
        </extensions>
      </trkpt>
      <trkpt lat="40.00174323342209" lon="116.44909370134054">
        <ele>38.36727557703853</ele>
        <time>1970-01-01T00:06:21.700000Z</time>
        <extensions>
          <gpxtpx:TrackPointExtension>
            <gpxtpx:hr>147</gpxtpx:hr>
          </gpxtpx:TrackPointExtension>
        </extensions>
      </trkpt>
      <trkpt lat="40.00173637537412" lon="116.4490635830161">
        <ele>38.33919217064977</ele>
        <time>1970-01-01T00:06:22.700000Z</time>
        <extensions>
          <gpxtpx:TrackPointExtension>
            <gpxtpx:hr>147</gpxtpx:hr>
          </gpxtpx:TrackPointExtension>
        </extensions>
      </trkpt>
      <trkpt lat="40.001728079864776" lon="116.44903423920317">
        <ele>38.30879309028387</ele>
        <time>1970-01-01T00:06:23.700000Z</time>
        <extensions>
          <gpxtpx:TrackPointExtension>
            <gpxtpx:hr>147</gpxtpx:hr>
          </gpxtpx:TrackPointExtension>
        </extensions>
      </trkpt>
      <trkpt lat="40.00171848315781" lon="116.44900587337229">
        <ele>38.27684494201094</ele>
        <time>1970-01-01T00:06:24.700000Z</time>
        <extensions>
          <gpxtpx:TrackPointExtension>
            <gpxtpx:hr>147</gpxtpx:hr>
          </gpxtpx:TrackPointExtension>
        </extensions>
      </trkpt>
      <trkpt lat="40.001707761303464" lon="116.44897884137931">
        <ele>38.24370427429676</ele>
        <time>1970-01-01T00:06:25.700000Z</time>
        <extensions>
          <gpxtpx:TrackPointExtension>
            <gpxtpx:hr>147</gpxtpx:hr>
          </gpxtpx:TrackPointExtension>
        </extensions>
      </trkpt>
      <trkpt lat="40.00169614007299" lon="116.44895308243827">
        <ele>38.209666615352035</ele>
        <time>1970-01-01T00:06:26.700000Z</time>
        <extensions>
          <gpxtpx:TrackPointExtension>
            <gpxtpx:hr>147</gpxtpx:hr>
          </gpxtpx:TrackPointExtension>
        </extensions>
      </trkpt>
      <trkpt lat="40.00168363916847" lon="116.44892804038761">
        <ele>38.175226903520525</ele>
        <time>1970-01-01T00:06:27.700000Z</time>
        <extensions>
          <gpxtpx:TrackPointExtension>
            <gpxtpx:hr>147</gpxtpx:hr>
          </gpxtpx:TrackPointExtension>
        </extensions>
      </trkpt>
      <trkpt lat="40.00167021901246" lon="116.44890327070212">
        <ele>38.14084467943758</ele>
        <time>1970-01-01T00:06:28.700000Z</time>
        <extensions>
          <gpxtpx:TrackPointExtension>
            <gpxtpx:hr>147</gpxtpx:hr>
          </gpxtpx:TrackPointExtension>
        </extensions>
      </trkpt>
      <trkpt lat="40.001656032032976" lon="116.44887829960912">
        <ele>38.1073640929535</ele>
        <time>1970-01-01T00:06:29.700000Z</time>
        <extensions>
          <gpxtpx:TrackPointExtension>
            <gpxtpx:hr>147</gpxtpx:hr>
          </gpxtpx:TrackPointExtension>
        </extensions>
      </trkpt>
      <trkpt lat="40.00164166017708" lon="116.44885292356781">
        <ele>38.07420882489532</ele>
        <time>1970-01-01T00:06:30.700000Z</time>
        <extensions>
          <gpxtpx:TrackPointExtension>
            <gpxtpx:hr>147</gpxtpx:hr>
          </gpxtpx:TrackPointExtension>
        </extensions>
      </trkpt>
      <trkpt lat="40.0016278644846" lon="116.44882693261671">
        <ele>38.04195953346789</ele>
        <time>1970-01-01T00:06:31.700000Z</time>
        <extensions>
          <gpxtpx:TrackPointExtension>
            <gpxtpx:hr>147</gpxtpx:hr>
          </gpxtpx:TrackPointExtension>
        </extensions>
      </trkpt>
      <trkpt lat="40.00161488394435" lon="116.44879983150194">
        <ele>38.01089292857796</ele>
        <time>1970-01-01T00:06:32.700000Z</time>
        <extensions>
          <gpxtpx:TrackPointExtension>
            <gpxtpx:hr>147</gpxtpx:hr>
          </gpxtpx:TrackPointExtension>
        </extensions>
      </trkpt>
      <trkpt lat="40.0016028945395" lon="116.44877112442586">
        <ele>37.981636529788375</ele>
        <time>1970-01-01T00:06:33.700000Z</time>
        <extensions>
          <gpxtpx:TrackPointExtension>
            <gpxtpx:hr>147</gpxtpx:hr>
          </gpxtpx:TrackPointExtension>
        </extensions>
      </trkpt>
      <trkpt lat="40.001592051944016" lon="116.44874056145719">
        <ele>37.955185513943434</ele>
        <time>1970-01-01T00:06:34.700000Z</time>
        <extensions>
          <gpxtpx:TrackPointExtension>
            <gpxtpx:hr>147</gpxtpx:hr>
          </gpxtpx:TrackPointExtension>
        </extensions>
      </trkpt>
      <trkpt lat="40.00158254031012" lon="116.44870813400374">
        <ele>37.93195398058742</ele>
        <time>1970-01-01T00:06:35.700000Z</time>
        <extensions>
          <gpxtpx:TrackPointExtension>
            <gpxtpx:hr>147</gpxtpx:hr>
          </gpxtpx:TrackPointExtension>
        </extensions>
      </trkpt>
      <trkpt lat="40.001574244894506" lon="116.44867462439885">
        <ele>37.91215811949223</ele>
        <time>1970-01-01T00:06:36.700000Z</time>
        <extensions>
          <gpxtpx:TrackPointExtension>
            <gpxtpx:hr>146</gpxtpx:hr>
          </gpxtpx:TrackPointExtension>
        </extensions>
      </trkpt>
      <trkpt lat="40.001566957442186" lon="116.44864128541934">
        <ele>37.89555743802339</ele>
        <time>1970-01-01T00:06:37.700000Z</time>
        <extensions>
          <gpxtpx:TrackPointExtension>
            <gpxtpx:hr>146</gpxtpx:hr>
          </gpxtpx:TrackPointExtension>
        </extensions>
      </trkpt>
      <trkpt lat="40.00156050641898" lon="116.4486088761871">
        <ele>37.88158036209643</ele>
        <time>1970-01-01T00:06:38.700000Z</time>
        <extensions>
          <gpxtpx:TrackPointExtension>
            <gpxtpx:hr>146</gpxtpx:hr>
          </gpxtpx:TrackPointExtension>
        </extensions>
      </trkpt>
      <trkpt lat="40.00155484979977" lon="116.4485773892496">
        <ele>37.87032933160663</ele>
        <time>1970-01-01T00:06:39.700000Z</time>
        <extensions>
          <gpxtpx:TrackPointExtension>
            <gpxtpx:hr>146</gpxtpx:hr>
          </gpxtpx:TrackPointExtension>
        </extensions>
      </trkpt>
      <trkpt lat="40.00154979857249" lon="116.44854611426123">
        <ele>37.86206676438451</ele>
        <time>1970-01-01T00:06:40.700000Z</time>
        <extensions>
          <gpxtpx:TrackPointExtension>
            <gpxtpx:hr>146</gpxtpx:hr>
          </gpxtpx:TrackPointExtension>
        </extensions>
      </trkpt>
      <trkpt lat="40.0015449686771" lon="116.44851448959577">
        <ele>37.857052392326295</ele>
        <time>1970-01-01T00:06:41.700000Z</time>
        <extensions>
          <gpxtpx:TrackPointExtension>
            <gpxtpx:hr>146</gpxtpx:hr>
          </gpxtpx:TrackPointExtension>
        </extensions>
      </trkpt>
      <trkpt lat="40.00154007707601" lon="116.44848262978529">
        <ele>37.855346113443375</ele>
        <time>1970-01-01T00:06:42.700000Z</time>
        <extensions>
          <gpxtpx:TrackPointExtension>
            <gpxtpx:hr>146</gpxtpx:hr>
          </gpxtpx:TrackPointExtension>
        </extensions>
      </trkpt>
      <trkpt lat="40.00153505883068" lon="116.44845100436643">
        <ele>37.85613356344402</ele>
        <time>1970-01-01T00:06:43.700000Z</time>
        <extensions>
          <gpxtpx:TrackPointExtension>
            <gpxtpx:hr>146</gpxtpx:hr>
          </gpxtpx:TrackPointExtension>
        </extensions>
      </trkpt>
      <trkpt lat="40.001529887147235" lon="116.44841973186124">
        <ele>37.860190346837044</ele>
        <time>1970-01-01T00:06:44.700000Z</time>
        <extensions>
          <gpxtpx:TrackPointExtension>
            <gpxtpx:hr>146</gpxtpx:hr>
          </gpxtpx:TrackPointExtension>
        </extensions>
      </trkpt>
      <trkpt lat="40.00152445104705" lon="116.4483888240214">
        <ele>37.866601226851344</ele>
        <time>1970-01-01T00:06:45.700000Z</time>
        <extensions>
          <gpxtpx:TrackPointExtension>
            <gpxtpx:hr>146</gpxtpx:hr>
          </gpxtpx:TrackPointExtension>
        </extensions>
      </trkpt>
      <trkpt lat="40.0015186224482" lon="116.4483582340139">
        <ele>37.87526096403599</ele>
        <time>1970-01-01T00:06:46.700000Z</time>
        <extensions>
          <gpxtpx:TrackPointExtension>
            <gpxtpx:hr>146</gpxtpx:hr>
          </gpxtpx:TrackPointExtension>
        </extensions>
      </trkpt>
      <trkpt lat="40.00151217837933" lon="116.44832760184265">
        <ele>37.88509440049529</ele>
        <time>1970-01-01T00:06:47.700000Z</time>
        <extensions>
          <gpxtpx:TrackPointExtension>
            <gpxtpx:hr>146</gpxtpx:hr>
          </gpxtpx:TrackPointExtension>
        </extensions>
      </trkpt>
      <trkpt lat="40.00150497271069" lon="116.44829648946273">
        <ele>37.89715301897377</ele>
        <time>1970-01-01T00:06:48.700000Z</time>
        <extensions>
          <gpxtpx:TrackPointExtension>
            <gpxtpx:hr>146</gpxtpx:hr>
          </gpxtpx:TrackPointExtension>
        </extensions>
      </trkpt>
      <trkpt lat="40.00149732554045" lon="116.44826462855639">
        <ele>37.91199858020991</ele>
        <time>1970-01-01T00:06:49.700000Z</time>
        <extensions>
          <gpxtpx:TrackPointExtension>
            <gpxtpx:hr>146</gpxtpx:hr>
          </gpxtpx:TrackPointExtension>
        </extensions>
      </trkpt>
      <trkpt lat="40.00148970834602" lon="116.4482322226281">
        <ele>37.92938740644604</ele>
        <time>1970-01-01T00:06:50.700000Z</time>
        <extensions>
          <gpxtpx:TrackPointExtension>
            <gpxtpx:hr>146</gpxtpx:hr>
          </gpxtpx:TrackPointExtension>
        </extensions>
      </trkpt>
      <trkpt lat="40.001482336112566" lon="116.44819965961088">
        <ele>37.94859067071229</ele>
        <time>1970-01-01T00:06:51.700000Z</time>
        <extensions>
          <gpxtpx:TrackPointExtension>
            <gpxtpx:hr>146</gpxtpx:hr>
          </gpxtpx:TrackPointExtension>
        </extensions>
      </trkpt>
      <trkpt lat="40.00147514296366" lon="116.44816722095142">
        <ele>37.96944258082658</ele>
        <time>1970-01-01T00:06:52.700000Z</time>
        <extensions>
          <gpxtpx:TrackPointExtension>
            <gpxtpx:hr>146</gpxtpx:hr>
          </gpxtpx:TrackPointExtension>
        </extensions>
      </trkpt>
      <trkpt lat="40.001468039676794" lon="116.44813506689745">
        <ele>37.99206153023988</ele>
        <time>1970-01-01T00:06:53.700000Z</time>
        <extensions>
          <gpxtpx:TrackPointExtension>
            <gpxtpx:hr>146</gpxtpx:hr>
          </gpxtpx:TrackPointExtension>
        </extensions>
      </trkpt>
      <trkpt lat="40.001461156967096" lon="116.4481031138798">
        <ele>38.01589317526668</ele>
        <time>1970-01-01T00:06:54.800000Z</time>
        <extensions>
          <gpxtpx:TrackPointExtension>
            <gpxtpx:hr>146</gpxtpx:hr>
          </gpxtpx:TrackPointExtension>
        </extensions>
      </trkpt>
      <trkpt lat="40.001454626036505" lon="116.44807108068015">
        <ele>38.04016373399645</ele>
        <time>1970-01-01T00:06:55.800000Z</time>
        <extensions>
          <gpxtpx:TrackPointExtension>
            <gpxtpx:hr>146</gpxtpx:hr>
          </gpxtpx:TrackPointExtension>
        </extensions>
      </trkpt>
      <trkpt lat="40.00144849135931" lon="116.44803883002784">
        <ele>38.0653139539063</ele>
        <time>1970-01-01T00:06:56.800000Z</time>
        <extensions>
          <gpxtpx:TrackPointExtension>
            <gpxtpx:hr>146</gpxtpx:hr>
          </gpxtpx:TrackPointExtension>
        </extensions>
      </trkpt>
      <trkpt lat="40.00144275386969" lon="116.44800645978633">
        <ele>38.090109755285084</ele>
        <time>1970-01-01T00:06:57.800000Z</time>
        <extensions>
          <gpxtpx:TrackPointExtension>
            <gpxtpx:hr>146</gpxtpx:hr>
          </gpxtpx:TrackPointExtension>
        </extensions>
      </trkpt>
      <trkpt lat="40.00143726568334" lon="116.447974212488">
        <ele>38.11402134411037</ele>
        <time>1970-01-01T00:06:58.800000Z</time>
        <extensions>
          <gpxtpx:TrackPointExtension>
            <gpxtpx:hr>146</gpxtpx:hr>
          </gpxtpx:TrackPointExtension>
        </extensions>
      </trkpt>
      <trkpt lat="40.00143190135689" lon="116.44794226496792">
        <ele>38.13733460288495</ele>
        <time>1970-01-01T00:06:59.800000Z</time>
        <extensions>
          <gpxtpx:TrackPointExtension>
            <gpxtpx:hr>145</gpxtpx:hr>
          </gpxtpx:TrackPointExtension>
        </extensions>
      </trkpt>
      <trkpt lat="40.00142657490044" lon="116.44791054826692">
        <ele>38.15913140773773</ele>
        <time>1970-01-01T00:07:00.800000Z</time>
        <extensions>
          <gpxtpx:TrackPointExtension>
            <gpxtpx:hr>145</gpxtpx:hr>
          </gpxtpx:TrackPointExtension>
        </extensions>
      </trkpt>
      <trkpt lat="40.00142112747979" lon="116.44787877122207">
        <ele>38.178708516061306</ele>
        <time>1970-01-01T00:07:01.800000Z</time>
        <extensions>
          <gpxtpx:TrackPointExtension>
            <gpxtpx:hr>145</gpxtpx:hr>
          </gpxtpx:TrackPointExtension>
        </extensions>
      </trkpt>
      <trkpt lat="40.001415499959585" lon="116.44784682192464">
        <ele>38.19660132750869</ele>
        <time>1970-01-01T00:07:02.800000Z</time>
        <extensions>
          <gpxtpx:TrackPointExtension>
            <gpxtpx:hr>145</gpxtpx:hr>
          </gpxtpx:TrackPointExtension>
        </extensions>
      </trkpt>
      <trkpt lat="40.0014097188931" lon="116.44781481340728">
        <ele>38.21281819511205</ele>
        <time>1970-01-01T00:07:03.800000Z</time>
        <extensions>
          <gpxtpx:TrackPointExtension>
            <gpxtpx:hr>145</gpxtpx:hr>
          </gpxtpx:TrackPointExtension>
        </extensions>
      </trkpt>
      <trkpt lat="40.001403846302885" lon="116.44778273529236">
        <ele>38.227361674420536</ele>
        <time>1970-01-01T00:07:04.800000Z</time>
        <extensions>
          <gpxtpx:TrackPointExtension>
            <gpxtpx:hr>144</gpxtpx:hr>
          </gpxtpx:TrackPointExtension>
        </extensions>
      </trkpt>
      <trkpt lat="40.00139799375263" lon="116.44775066382103">
        <ele>38.24058538861573</ele>
        <time>1970-01-01T00:07:05.800000Z</time>
        <extensions>
          <gpxtpx:TrackPointExtension>
            <gpxtpx:hr>144</gpxtpx:hr>
          </gpxtpx:TrackPointExtension>
        </extensions>
      </trkpt>
      <trkpt lat="40.00139236210631" lon="116.44771882018158">
        <ele>38.2520014885813</ele>
        <time>1970-01-01T00:07:06.800000Z</time>
        <extensions>
          <gpxtpx:TrackPointExtension>
            <gpxtpx:hr>144</gpxtpx:hr>
          </gpxtpx:TrackPointExtension>
        </extensions>
      </trkpt>
      <trkpt lat="40.00138745075265" lon="116.4476873222251">
        <ele>38.2625074358657</ele>
        <time>1970-01-01T00:07:07.800000Z</time>
        <extensions>
          <gpxtpx:TrackPointExtension>
            <gpxtpx:hr>144</gpxtpx:hr>
          </gpxtpx:TrackPointExtension>
        </extensions>
      </trkpt>
      <trkpt lat="40.00138384608867" lon="116.44765599190112">
        <ele>38.27269160281867</ele>
        <time>1970-01-01T00:07:08.800000Z</time>
        <extensions>
          <gpxtpx:TrackPointExtension>
            <gpxtpx:hr>144</gpxtpx:hr>
          </gpxtpx:TrackPointExtension>
        </extensions>
      </trkpt>
      <trkpt lat="40.001381969974716" lon="116.44762448798781">
        <ele>38.28294717613608</ele>
        <time>1970-01-01T00:07:09.800000Z</time>
        <extensions>
          <gpxtpx:TrackPointExtension>
            <gpxtpx:hr>144</gpxtpx:hr>
          </gpxtpx:TrackPointExtension>
        </extensions>
      </trkpt>
      <trkpt lat="40.00138180399746" lon="116.44759270897245">
        <ele>38.29384575039148</ele>
        <time>1970-01-01T00:07:10.800000Z</time>
        <extensions>
          <gpxtpx:TrackPointExtension>
            <gpxtpx:hr>144</gpxtpx:hr>
          </gpxtpx:TrackPointExtension>
        </extensions>
      </trkpt>
      <trkpt lat="40.00138291075754" lon="116.4475609417562">
        <ele>38.30539672635496</ele>
        <time>1970-01-01T00:07:11.800000Z</time>
        <extensions>
          <gpxtpx:TrackPointExtension>
            <gpxtpx:hr>146</gpxtpx:hr>
          </gpxtpx:TrackPointExtension>
        </extensions>
      </trkpt>
      <trkpt lat="40.00138465060539" lon="116.44752947585391">
        <ele>38.317986665293574</ele>
        <time>1970-01-01T00:07:12.800000Z</time>
        <extensions>
          <gpxtpx:TrackPointExtension>
            <gpxtpx:hr>146</gpxtpx:hr>
          </gpxtpx:TrackPointExtension>
        </extensions>
      </trkpt>
      <trkpt lat="40.00138620482285" lon="116.44749864147873">
        <ele>38.33064485900104</ele>
        <time>1970-01-01T00:07:13.800000Z</time>
        <extensions>
          <gpxtpx:TrackPointExtension>
            <gpxtpx:hr>146</gpxtpx:hr>
          </gpxtpx:TrackPointExtension>
        </extensions>
      </trkpt>
      <trkpt lat="40.001386705533314" lon="116.44746869889903">
        <ele>38.34321091324091</ele>
        <time>1970-01-01T00:07:14.800000Z</time>
        <extensions>
          <gpxtpx:TrackPointExtension>
            <gpxtpx:hr>146</gpxtpx:hr>
          </gpxtpx:TrackPointExtension>
        </extensions>
      </trkpt>
      <trkpt lat="40.00138557286676" lon="116.44743961491682">
        <ele>38.35593729745597</ele>
        <time>1970-01-01T00:07:15.800000Z</time>
        <extensions>
          <gpxtpx:TrackPointExtension>
            <gpxtpx:hr>147</gpxtpx:hr>
          </gpxtpx:TrackPointExtension>
        </extensions>
      </trkpt>
      <trkpt lat="40.001382571741864" lon="116.44741101654529">
        <ele>38.368778546340764</ele>
        <time>1970-01-01T00:07:16.800000Z</time>
        <extensions>
          <gpxtpx:TrackPointExtension>
            <gpxtpx:hr>147</gpxtpx:hr>
          </gpxtpx:TrackPointExtension>
        </extensions>
      </trkpt>
      <trkpt lat="40.00137802261058" lon="116.44738281949988">
        <ele>38.381731851026416</ele>
        <time>1970-01-01T00:07:17.800000Z</time>
        <extensions>
          <gpxtpx:TrackPointExtension>
            <gpxtpx:hr>147</gpxtpx:hr>
          </gpxtpx:TrackPointExtension>
        </extensions>
      </trkpt>
      <trkpt lat="40.001372377448966" lon="116.44735491901861">
        <ele>38.39534286875278</ele>
        <time>1970-01-01T00:07:18.800000Z</time>
        <extensions>
          <gpxtpx:TrackPointExtension>
            <gpxtpx:hr>147</gpxtpx:hr>
          </gpxtpx:TrackPointExtension>
        </extensions>
      </trkpt>
      <trkpt lat="40.00136577398584" lon="116.44732702748037">
        <ele>38.41017130855471</ele>
        <time>1970-01-01T00:07:19.800000Z</time>
        <extensions>
          <gpxtpx:TrackPointExtension>
            <gpxtpx:hr>148</gpxtpx:hr>
          </gpxtpx:TrackPointExtension>
        </extensions>
      </trkpt>
      <trkpt lat="40.00135846031703" lon="116.44729863088355">
        <ele>38.42605965491384</ele>
        <time>1970-01-01T00:07:20.800000Z</time>
        <extensions>
          <gpxtpx:TrackPointExtension>
            <gpxtpx:hr>148</gpxtpx:hr>
          </gpxtpx:TrackPointExtension>
        </extensions>
      </trkpt>
      <trkpt lat="40.00135063459434" lon="116.44726938594671">
        <ele>38.443050518631935</ele>
        <time>1970-01-01T00:07:21.800000Z</time>
        <extensions>
          <gpxtpx:TrackPointExtension>
            <gpxtpx:hr>148</gpxtpx:hr>
          </gpxtpx:TrackPointExtension>
        </extensions>
      </trkpt>
      <trkpt lat="40.00134254854902" lon="116.44723952346472">
        <ele>38.46233083307743</ele>
        <time>1970-01-01T00:07:22.800000Z</time>
        <extensions>
          <gpxtpx:TrackPointExtension>
            <gpxtpx:hr>148</gpxtpx:hr>
          </gpxtpx:TrackPointExtension>
        </extensions>
      </trkpt>
      <trkpt lat="40.00133456652868" lon="116.44720921542836">
        <ele>38.48571033589542</ele>
        <time>1970-01-01T00:07:23.800000Z</time>
        <extensions>
          <gpxtpx:TrackPointExtension>
            <gpxtpx:hr>148</gpxtpx:hr>
          </gpxtpx:TrackPointExtension>
        </extensions>
      </trkpt>
      <trkpt lat="40.00132691044315" lon="116.44717856288345">
        <ele>38.51272384542972</ele>
        <time>1970-01-01T00:07:24.800000Z</time>
        <extensions>
          <gpxtpx:TrackPointExtension>
            <gpxtpx:hr>149</gpxtpx:hr>
          </gpxtpx:TrackPointExtension>
        </extensions>
      </trkpt>
      <trkpt lat="40.001319478861824" lon="116.44714775371409">
        <ele>38.543198235332966</ele>
        <time>1970-01-01T00:07:25.800000Z</time>
        <extensions>
          <gpxtpx:TrackPointExtension>
            <gpxtpx:hr>149</gpxtpx:hr>
          </gpxtpx:TrackPointExtension>
        </extensions>
      </trkpt>
      <trkpt lat="40.00131230148041" lon="116.44711704359912">
        <ele>38.57717244327068</ele>
        <time>1970-01-01T00:07:26.800000Z</time>
        <extensions>
          <gpxtpx:TrackPointExtension>
            <gpxtpx:hr>149</gpxtpx:hr>
          </gpxtpx:TrackPointExtension>
        </extensions>
      </trkpt>
      <trkpt lat="40.001305386467365" lon="116.44708635348354">
        <ele>38.61449234560132</ele>
        <time>1970-01-01T00:07:27.800000Z</time>
        <extensions>
          <gpxtpx:TrackPointExtension>
            <gpxtpx:hr>149</gpxtpx:hr>
          </gpxtpx:TrackPointExtension>
        </extensions>
      </trkpt>
      <trkpt lat="40.0012984807108" lon="116.44705533591404">
        <ele>38.653989030979574</ele>
        <time>1970-01-01T00:07:28.800000Z</time>
        <extensions>
          <gpxtpx:TrackPointExtension>
            <gpxtpx:hr>149</gpxtpx:hr>
          </gpxtpx:TrackPointExtension>
        </extensions>
      </trkpt>
      <trkpt lat="40.00129141076682" lon="116.44702373692638">
        <ele>38.69546783901751</ele>
        <time>1970-01-01T00:07:29.800000Z</time>
        <extensions>
          <gpxtpx:TrackPointExtension>
            <gpxtpx:hr>149</gpxtpx:hr>
          </gpxtpx:TrackPointExtension>
        </extensions>
      </trkpt>
      <trkpt lat="40.00128409950964" lon="116.44699128627705">
        <ele>38.73889514617622</ele>
        <time>1970-01-01T00:07:30.800000Z</time>
        <extensions>
          <gpxtpx:TrackPointExtension>
            <gpxtpx:hr>148</gpxtpx:hr>
          </gpxtpx:TrackPointExtension>
        </extensions>
      </trkpt>
      <trkpt lat="40.001276746255265" lon="116.44695828932618">
        <ele>38.78318260516971</ele>
        <time>1970-01-01T00:07:31.800000Z</time>
        <extensions>
          <gpxtpx:TrackPointExtension>
            <gpxtpx:hr>148</gpxtpx:hr>
          </gpxtpx:TrackPointExtension>
        </extensions>
      </trkpt>
      <trkpt lat="40.00126969822842" lon="116.44692560668722">
        <ele>38.82763674296439</ele>
        <time>1970-01-01T00:07:32.800000Z</time>
        <extensions>
          <gpxtpx:TrackPointExtension>
            <gpxtpx:hr>148</gpxtpx:hr>
          </gpxtpx:TrackPointExtension>
        </extensions>
      </trkpt>
      <trkpt lat="40.001263012968266" lon="116.44689394884163">
        <ele>38.87096100766212</ele>
        <time>1970-01-01T00:07:33.800000Z</time>
        <extensions>
          <gpxtpx:TrackPointExtension>
            <gpxtpx:hr>148</gpxtpx:hr>
          </gpxtpx:TrackPointExtension>
        </extensions>
      </trkpt>
      <trkpt lat="40.001256690206084" lon="116.44686337456945">
        <ele>38.91290224716067</ele>
        <time>1970-01-01T00:07:34.800000Z</time>
        <extensions>
          <gpxtpx:TrackPointExtension>
            <gpxtpx:hr>148</gpxtpx:hr>
          </gpxtpx:TrackPointExtension>
        </extensions>
      </trkpt>
      <trkpt lat="40.00125060913493" lon="116.44683348566916">
        <ele>38.95132948923856</ele>
        <time>1970-01-01T00:07:35.800000Z</time>
        <extensions>
          <gpxtpx:TrackPointExtension>
            <gpxtpx:hr>148</gpxtpx:hr>
          </gpxtpx:TrackPointExtension>
        </extensions>
      </trkpt>
      <trkpt lat="40.001244685787555" lon="116.44680374033204">
        <ele>38.98428729083389</ele>
        <time>1970-01-01T00:07:36.800000Z</time>
        <extensions>
          <gpxtpx:TrackPointExtension>
            <gpxtpx:hr>147</gpxtpx:hr>
          </gpxtpx:TrackPointExtension>
        </extensions>
      </trkpt>
      <trkpt lat="40.0012390358022" lon="116.44677367977516">
        <ele>39.013130059465766</ele>
        <time>1970-01-01T00:07:37.800000Z</time>
        <extensions>
          <gpxtpx:TrackPointExtension>
            <gpxtpx:hr>147</gpxtpx:hr>
          </gpxtpx:TrackPointExtension>
        </extensions>
      </trkpt>
      <trkpt lat="40.001233768376125" lon="116.44674315570951">
        <ele>39.03736932575703</ele>
        <time>1970-01-01T00:07:38.800000Z</time>
        <extensions>
          <gpxtpx:TrackPointExtension>
            <gpxtpx:hr>147</gpxtpx:hr>
          </gpxtpx:TrackPointExtension>
        </extensions>
      </trkpt>
      <trkpt lat="40.0012287250642" lon="116.44671227101058">
        <ele>39.05694197304547</ele>
        <time>1970-01-01T00:07:39.800000Z</time>
        <extensions>
          <gpxtpx:TrackPointExtension>
            <gpxtpx:hr>147</gpxtpx:hr>
          </gpxtpx:TrackPointExtension>
        </extensions>
      </trkpt>
      <trkpt lat="40.001223723877914" lon="116.44668108515191">
        <ele>39.06892174948007</ele>
        <time>1970-01-01T00:07:40.800000Z</time>
        <extensions>
          <gpxtpx:TrackPointExtension>
            <gpxtpx:hr>147</gpxtpx:hr>
          </gpxtpx:TrackPointExtension>
        </extensions>
      </trkpt>
      <trkpt lat="40.00121876689345" lon="116.44664947142827">
        <ele>39.074280416592956</ele>
        <time>1970-01-01T00:07:41.800000Z</time>
        <extensions>
          <gpxtpx:TrackPointExtension>
            <gpxtpx:hr>147</gpxtpx:hr>
          </gpxtpx:TrackPointExtension>
        </extensions>
      </trkpt>
      <trkpt lat="40.00121393684804" lon="116.44661759571794">
        <ele>39.07173745613545</ele>
        <time>1970-01-01T00:07:42.800000Z</time>
        <extensions>
          <gpxtpx:TrackPointExtension>
            <gpxtpx:hr>147</gpxtpx:hr>
          </gpxtpx:TrackPointExtension>
        </extensions>
      </trkpt>
      <trkpt lat="40.001209310088065" lon="116.44658579594575">
        <ele>39.06166041921824</ele>
        <time>1970-01-01T00:07:43.800000Z</time>
        <extensions>
          <gpxtpx:TrackPointExtension>
            <gpxtpx:hr>147</gpxtpx:hr>
          </gpxtpx:TrackPointExtension>
        </extensions>
      </trkpt>
      <trkpt lat="40.00120498655759" lon="116.44655441622996">
        <ele>39.04465544316918</ele>
        <time>1970-01-01T00:07:44.800000Z</time>
        <extensions>
          <gpxtpx:TrackPointExtension>
            <gpxtpx:hr>147</gpxtpx:hr>
          </gpxtpx:TrackPointExtension>
        </extensions>
      </trkpt>
      <trkpt lat="40.001200933468795" lon="116.44652341418465">
        <ele>39.02146225236356</ele>
        <time>1970-01-01T00:07:45.800000Z</time>
        <extensions>
          <gpxtpx:TrackPointExtension>
            <gpxtpx:hr>147</gpxtpx:hr>
          </gpxtpx:TrackPointExtension>
        </extensions>
      </trkpt>
      <trkpt lat="40.00119711924331" lon="116.44649280930382">
        <ele>38.992819615639746</ele>
        <time>1970-01-01T00:07:46.800000Z</time>
        <extensions>
          <gpxtpx:TrackPointExtension>
            <gpxtpx:hr>147</gpxtpx:hr>
          </gpxtpx:TrackPointExtension>
        </extensions>
      </trkpt>
      <trkpt lat="40.00119335900597" lon="116.44646278667042">
        <ele>38.959386344999075</ele>
        <time>1970-01-01T00:07:47.800000Z</time>
        <extensions>
          <gpxtpx:TrackPointExtension>
            <gpxtpx:hr>147</gpxtpx:hr>
          </gpxtpx:TrackPointExtension>
        </extensions>
      </trkpt>
      <trkpt lat="40.001189156203374" lon="116.44643335977372">
        <ele>38.92182979173958</ele>
        <time>1970-01-01T00:07:48.800000Z</time>
        <extensions>
          <gpxtpx:TrackPointExtension>
            <gpxtpx:hr>147</gpxtpx:hr>
          </gpxtpx:TrackPointExtension>
        </extensions>
      </trkpt>
      <trkpt lat="40.00118405995062" lon="116.44640412185971">
        <ele>38.88082890026271</ele>
        <time>1970-01-01T00:07:49.800000Z</time>
        <extensions>
          <gpxtpx:TrackPointExtension>
            <gpxtpx:hr>147</gpxtpx:hr>
          </gpxtpx:TrackPointExtension>
        </extensions>
      </trkpt>
      <trkpt lat="40.00117854222103" lon="116.44637461611421">
        <ele>38.836864449083805</ele>
        <time>1970-01-01T00:07:50.800000Z</time>
        <extensions>
          <gpxtpx:TrackPointExtension>
            <gpxtpx:hr>147</gpxtpx:hr>
          </gpxtpx:TrackPointExtension>
        </extensions>
      </trkpt>
      <trkpt lat="40.00117416923587" lon="116.44634444100195">
        <ele>38.79053875990212</ele>
        <time>1970-01-01T00:07:51.800000Z</time>
        <extensions>
          <gpxtpx:TrackPointExtension>
            <gpxtpx:hr>148</gpxtpx:hr>
          </gpxtpx:TrackPointExtension>
        </extensions>
      </trkpt>
      <trkpt lat="40.00117184175453" lon="116.44631333889674">
        <ele>38.74250188656151</ele>
        <time>1970-01-01T00:07:52.800000Z</time>
        <extensions>
          <gpxtpx:TrackPointExtension>
            <gpxtpx:hr>148</gpxtpx:hr>
          </gpxtpx:TrackPointExtension>
        </extensions>
      </trkpt>
      <trkpt lat="40.00117151188303" lon="116.44628148941202">
        <ele>38.69337239675224</ele>
        <time>1970-01-01T00:07:53.800000Z</time>
        <extensions>
          <gpxtpx:TrackPointExtension>
            <gpxtpx:hr>148</gpxtpx:hr>
          </gpxtpx:TrackPointExtension>
        </extensions>
      </trkpt>
      <trkpt lat="40.0011727768067" lon="116.44624920975032">
        <ele>38.643741726875305</ele>
        <time>1970-01-01T00:07:54.800000Z</time>
        <extensions>
          <gpxtpx:TrackPointExtension>
            <gpxtpx:hr>148</gpxtpx:hr>
          </gpxtpx:TrackPointExtension>
        </extensions>
      </trkpt>
      <trkpt lat="40.00117487192484" lon="116.4462166743928">
        <ele>38.59417186398059</ele>
        <time>1970-01-01T00:07:55.800000Z</time>
        <extensions>
          <gpxtpx:TrackPointExtension>
            <gpxtpx:hr>149</gpxtpx:hr>
          </gpxtpx:TrackPointExtension>
        </extensions>
      </trkpt>
      <trkpt lat="40.00117734877788" lon="116.44618416190994">
        <ele>38.5452342396602</ele>
        <time>1970-01-01T00:07:56.800000Z</time>
        <extensions>
          <gpxtpx:TrackPointExtension>
            <gpxtpx:hr>149</gpxtpx:hr>
          </gpxtpx:TrackPointExtension>
        </extensions>
      </trkpt>
      <trkpt lat="40.00118029054104" lon="116.44615178451214">
        <ele>38.49768050108105</ele>
        <time>1970-01-01T00:07:57.800000Z</time>
        <extensions>
          <gpxtpx:TrackPointExtension>
            <gpxtpx:hr>149</gpxtpx:hr>
          </gpxtpx:TrackPointExtension>
        </extensions>
      </trkpt>
      <trkpt lat="40.00118351518939" lon="116.44611947721725">
        <ele>38.45204814057797</ele>
        <time>1970-01-01T00:07:58.800000Z</time>
        <extensions>
          <gpxtpx:TrackPointExtension>
            <gpxtpx:hr>149</gpxtpx:hr>
          </gpxtpx:TrackPointExtension>
        </extensions>
      </trkpt>
      <trkpt lat="40.00118655437708" lon="116.44608721799656">
        <ele>38.40883698593825</ele>
        <time>1970-01-01T00:07:59.800000Z</time>
        <extensions>
          <gpxtpx:TrackPointExtension>
            <gpxtpx:hr>150</gpxtpx:hr>
          </gpxtpx:TrackPointExtension>
        </extensions>
      </trkpt>
      <trkpt lat="40.00118928775135" lon="116.44605507576036">
        <ele>38.368490350432694</ele>
        <time>1970-01-01T00:08:00.800000Z</time>
        <extensions>
          <gpxtpx:TrackPointExtension>
            <gpxtpx:hr>150</gpxtpx:hr>
          </gpxtpx:TrackPointExtension>
        </extensions>
      </trkpt>
      <trkpt lat="40.001191774624694" lon="116.44602284923572">
        <ele>38.33135723415762</ele>
        <time>1970-01-01T00:08:01.800000Z</time>
        <extensions>
          <gpxtpx:TrackPointExtension>
            <gpxtpx:hr>150</gpxtpx:hr>
          </gpxtpx:TrackPointExtension>
        </extensions>
      </trkpt>
      <trkpt lat="40.00119361740491" lon="116.44599034961225">
        <ele>38.29771793540567</ele>
        <time>1970-01-01T00:08:02.800000Z</time>
        <extensions>
          <gpxtpx:TrackPointExtension>
            <gpxtpx:hr>150</gpxtpx:hr>
          </gpxtpx:TrackPointExtension>
        </extensions>
      </trkpt>
      <trkpt lat="40.001194488121584" lon="116.44595772873356">
        <ele>38.26782947406173</ele>
        <time>1970-01-01T00:08:03.800000Z</time>
        <extensions>
          <gpxtpx:TrackPointExtension>
            <gpxtpx:hr>150</gpxtpx:hr>
          </gpxtpx:TrackPointExtension>
        </extensions>
      </trkpt>
      <trkpt lat="40.00119431647507" lon="116.44592536529434">
        <ele>38.24198404420167</ele>
        <time>1970-01-01T00:08:04.800000Z</time>
        <extensions>
          <gpxtpx:TrackPointExtension>
            <gpxtpx:hr>150</gpxtpx:hr>
          </gpxtpx:TrackPointExtension>
        </extensions>
      </trkpt>
      <trkpt lat="40.001192817593626" lon="116.44589350862078">
        <ele>38.22044454328716</ele>
        <time>1970-01-01T00:08:05.800000Z</time>
        <extensions>
          <gpxtpx:TrackPointExtension>
            <gpxtpx:hr>148</gpxtpx:hr>
          </gpxtpx:TrackPointExtension>
        </extensions>
      </trkpt>
      <trkpt lat="40.00118981148212" lon="116.44586247984046">
        <ele>38.20322460029274</ele>
        <time>1970-01-01T00:08:06.800000Z</time>
        <extensions>
          <gpxtpx:TrackPointExtension>
            <gpxtpx:hr>148</gpxtpx:hr>
          </gpxtpx:TrackPointExtension>
        </extensions>
      </trkpt>
      <trkpt lat="40.00118521574327" lon="116.44583262009526">
        <ele>38.19008581992239</ele>
        <time>1970-01-01T00:08:07.800000Z</time>
        <extensions>
          <gpxtpx:TrackPointExtension>
            <gpxtpx:hr>148</gpxtpx:hr>
          </gpxtpx:TrackPointExtension>
        </extensions>
      </trkpt>
      <trkpt lat="40.0011789389289" lon="116.44580360671324">
        <ele>38.180501244962215</ele>
        <time>1970-01-01T00:08:08.800000Z</time>
        <extensions>
          <gpxtpx:TrackPointExtension>
            <gpxtpx:hr>148</gpxtpx:hr>
          </gpxtpx:TrackPointExtension>
        </extensions>
      </trkpt>
      <trkpt lat="40.001170979689284" lon="116.44577496519244">
        <ele>38.173720486462116</ele>
        <time>1970-01-01T00:08:09.800000Z</time>
        <extensions>
          <gpxtpx:TrackPointExtension>
            <gpxtpx:hr>148</gpxtpx:hr>
          </gpxtpx:TrackPointExtension>
        </extensions>
      </trkpt>
      <trkpt lat="40.00116145981615" lon="116.445746482119">
        <ele>38.16893951315433</ele>
        <time>1970-01-01T00:08:10.800000Z</time>
        <extensions>
          <gpxtpx:TrackPointExtension>
            <gpxtpx:hr>148</gpxtpx:hr>
          </gpxtpx:TrackPointExtension>
        </extensions>
      </trkpt>
      <trkpt lat="40.00115070958419" lon="116.44571838086132">
        <ele>38.16559627838433</ele>
        <time>1970-01-01T00:08:11.800000Z</time>
        <extensions>
          <gpxtpx:TrackPointExtension>
            <gpxtpx:hr>147</gpxtpx:hr>
          </gpxtpx:TrackPointExtension>
        </extensions>
      </trkpt>
      <trkpt lat="40.00113916748381" lon="116.44569096401882">
        <ele>38.16332044173032</ele>
        <time>1970-01-01T00:08:12.800000Z</time>
        <extensions>
          <gpxtpx:TrackPointExtension>
            <gpxtpx:hr>147</gpxtpx:hr>
          </gpxtpx:TrackPointExtension>
        </extensions>
      </trkpt>
      <trkpt lat="40.00112715246945" lon="116.44566413833823">
        <ele>38.16172585450113</ele>
        <time>1970-01-01T00:08:13.800000Z</time>
        <extensions>
          <gpxtpx:TrackPointExtension>
            <gpxtpx:hr>147</gpxtpx:hr>
          </gpxtpx:TrackPointExtension>
        </extensions>
      </trkpt>
      <trkpt lat="40.00111482456831" lon="116.44563757664736">
        <ele>38.1603565691039</ele>
        <time>1970-01-01T00:08:14.800000Z</time>
        <extensions>
          <gpxtpx:TrackPointExtension>
            <gpxtpx:hr>147</gpxtpx:hr>
          </gpxtpx:TrackPointExtension>
        </extensions>
      </trkpt>
      <trkpt lat="40.00110227701445" lon="116.44561103400088">
        <ele>38.158943195827305</ele>
        <time>1970-01-01T00:08:15.800000Z</time>
        <extensions>
          <gpxtpx:TrackPointExtension>
            <gpxtpx:hr>148</gpxtpx:hr>
          </gpxtpx:TrackPointExtension>
        </extensions>
      </trkpt>
      <trkpt lat="40.00108952287643" lon="116.44558432175032">
        <ele>38.15753306914121</ele>
        <time>1970-01-01T00:08:16.800000Z</time>
        <extensions>
          <gpxtpx:TrackPointExtension>
            <gpxtpx:hr>148</gpxtpx:hr>
          </gpxtpx:TrackPointExtension>
        </extensions>
      </trkpt>
      <trkpt lat="40.00107672770049" lon="116.44555749719598">
        <ele>38.15638658776879</ele>
        <time>1970-01-01T00:08:17.800000Z</time>
        <extensions>
          <gpxtpx:TrackPointExtension>
            <gpxtpx:hr>148</gpxtpx:hr>
          </gpxtpx:TrackPointExtension>
        </extensions>
      </trkpt>
      <trkpt lat="40.0010639173055" lon="116.44553078429307">
        <ele>38.15604041330516</ele>
        <time>1970-01-01T00:08:18.800000Z</time>
        <extensions>
          <gpxtpx:TrackPointExtension>
            <gpxtpx:hr>152</gpxtpx:hr>
          </gpxtpx:TrackPointExtension>
        </extensions>
      </trkpt>
      <trkpt lat="40.00105099533417" lon="116.44550427614358">
        <ele>38.15729241352528</ele>
        <time>1970-01-01T00:08:19.800000Z</time>
        <extensions>
          <gpxtpx:TrackPointExtension>
            <gpxtpx:hr>152</gpxtpx:hr>
          </gpxtpx:TrackPointExtension>
        </extensions>
      </trkpt>
      <trkpt lat="40.00103786162099" lon="116.4454776577802">
        <ele>38.1609719786793</ele>
        <time>1970-01-01T00:08:20.800000Z</time>
        <extensions>
          <gpxtpx:TrackPointExtension>
            <gpxtpx:hr>152</gpxtpx:hr>
          </gpxtpx:TrackPointExtension>
        </extensions>
      </trkpt>
      <trkpt lat="40.0010242706445" lon="116.44545068897489">
        <ele>38.16774510033429</ele>
        <time>1970-01-01T00:08:21.800000Z</time>
        <extensions>
          <gpxtpx:TrackPointExtension>
            <gpxtpx:hr>152</gpxtpx:hr>
          </gpxtpx:TrackPointExtension>
        </extensions>
      </trkpt>
      <trkpt lat="40.00101034186446" lon="116.4454233731417">
        <ele>38.17809632793069</ele>
        <time>1970-01-01T00:08:22.800000Z</time>
        <extensions>
          <gpxtpx:TrackPointExtension>
            <gpxtpx:hr>152</gpxtpx:hr>
          </gpxtpx:TrackPointExtension>
        </extensions>
      </trkpt>
      <trkpt lat="40.00099653795491" lon="116.44539586508874">
        <ele>38.1923964144662</ele>
        <time>1970-01-01T00:08:23.800000Z</time>
        <extensions>
          <gpxtpx:TrackPointExtension>
            <gpxtpx:hr>154</gpxtpx:hr>
          </gpxtpx:TrackPointExtension>
        </extensions>
      </trkpt>
      <trkpt lat="40.00098332510598" lon="116.44536849062335">
        <ele>38.21098240558058</ele>
        <time>1970-01-01T00:08:24.800000Z</time>
        <extensions>
          <gpxtpx:TrackPointExtension>
            <gpxtpx:hr>154</gpxtpx:hr>
          </gpxtpx:TrackPointExtension>
        </extensions>
      </trkpt>
      <trkpt lat="40.0009709113192" lon="116.4453412981261">
        <ele>38.23438231367618</ele>
        <time>1970-01-01T00:08:25.800000Z</time>
        <extensions>
          <gpxtpx:TrackPointExtension>
            <gpxtpx:hr>154</gpxtpx:hr>
          </gpxtpx:TrackPointExtension>
        </extensions>
      </trkpt>
      <trkpt lat="40.00095930449899" lon="116.4453143660526">
        <ele>38.26357052475214</ele>
        <time>1970-01-01T00:08:26.800000Z</time>
        <extensions>
          <gpxtpx:TrackPointExtension>
            <gpxtpx:hr>154</gpxtpx:hr>
          </gpxtpx:TrackPointExtension>
        </extensions>
      </trkpt>
      <trkpt lat="40.00094829628779" lon="116.4452874609091">
        <ele>38.29958594031632</ele>
        <time>1970-01-01T00:08:27.800000Z</time>
        <extensions>
          <gpxtpx:TrackPointExtension>
            <gpxtpx:hr>154</gpxtpx:hr>
          </gpxtpx:TrackPointExtension>
        </extensions>
      </trkpt>
      <trkpt lat="40.000937616479" lon="116.44525990491348">
        <ele>38.342673256993294</ele>
        <time>1970-01-01T00:08:28.800000Z</time>
        <extensions>
          <gpxtpx:TrackPointExtension>
            <gpxtpx:hr>154</gpxtpx:hr>
          </gpxtpx:TrackPointExtension>
        </extensions>
      </trkpt>
      <trkpt lat="40.000927433213725" lon="116.44523117394685">
        <ele>38.39186278451234</ele>
        <time>1970-01-01T00:08:29.800000Z</time>
        <extensions>
          <gpxtpx:TrackPointExtension>
            <gpxtpx:hr>154</gpxtpx:hr>
          </gpxtpx:TrackPointExtension>
        </extensions>
      </trkpt>
      <trkpt lat="40.00091814559684" lon="116.44520086652624">
        <ele>38.44550437759608</ele>
        <time>1970-01-01T00:08:30.800000Z</time>
        <extensions>
          <gpxtpx:TrackPointExtension>
            <gpxtpx:hr>154</gpxtpx:hr>
          </gpxtpx:TrackPointExtension>
        </extensions>
      </trkpt>
      <trkpt lat="40.000909958500024" lon="116.4451690402381">
        <ele>38.50202528666705</ele>
        <time>1970-01-01T00:08:31.800000Z</time>
        <extensions>
          <gpxtpx:TrackPointExtension>
            <gpxtpx:hr>154</gpxtpx:hr>
          </gpxtpx:TrackPointExtension>
        </extensions>
      </trkpt>
      <trkpt lat="40.000902851108826" lon="116.4451360153554">
        <ele>38.56036029290408</ele>
        <time>1970-01-01T00:08:32.800000Z</time>
        <extensions>
          <gpxtpx:TrackPointExtension>
            <gpxtpx:hr>154</gpxtpx:hr>
          </gpxtpx:TrackPointExtension>
        </extensions>
      </trkpt>
      <trkpt lat="40.00089665533776" lon="116.44510181777373">
        <ele>38.6204068986699</ele>
        <time>1970-01-01T00:08:33.800000Z</time>
        <extensions>
          <gpxtpx:TrackPointExtension>
            <gpxtpx:hr>154</gpxtpx:hr>
          </gpxtpx:TrackPointExtension>
        </extensions>
      </trkpt>
      <trkpt lat="40.000891015210584" lon="116.44506651431595">
        <ele>38.682394890114665</ele>
        <time>1970-01-01T00:08:34.800000Z</time>
        <extensions>
          <gpxtpx:TrackPointExtension>
            <gpxtpx:hr>154</gpxtpx:hr>
          </gpxtpx:TrackPointExtension>
        </extensions>
      </trkpt>
      <trkpt lat="40.00088556014189" lon="116.4450305442283">
        <ele>38.74585806205869</ele>
        <time>1970-01-01T00:08:35.800000Z</time>
        <extensions>
          <gpxtpx:TrackPointExtension>
            <gpxtpx:hr>152</gpxtpx:hr>
          </gpxtpx:TrackPointExtension>
        </extensions>
      </trkpt>
      <trkpt lat="40.00088001769874" lon="116.44499436457887">
        <ele>38.809377228841186</ele>
        <time>1970-01-01T00:08:36.800000Z</time>
        <extensions>
          <gpxtpx:TrackPointExtension>
            <gpxtpx:hr>152</gpxtpx:hr>
          </gpxtpx:TrackPointExtension>
        </extensions>
      </trkpt>
      <trkpt lat="40.0008743565172" lon="116.44495853598552">
        <ele>38.871106560342014</ele>
        <time>1970-01-01T00:08:37.800000Z</time>
        <extensions>
          <gpxtpx:TrackPointExtension>
            <gpxtpx:hr>152</gpxtpx:hr>
          </gpxtpx:TrackPointExtension>
        </extensions>
      </trkpt>
      <trkpt lat="40.00086862252285" lon="116.44492355515844">
        <ele>38.92927473317832</ele>
        <time>1970-01-01T00:08:38.800000Z</time>
        <extensions>
          <gpxtpx:TrackPointExtension>
            <gpxtpx:hr>152</gpxtpx:hr>
          </gpxtpx:TrackPointExtension>
        </extensions>
      </trkpt>
      <trkpt lat="40.000862776774994" lon="116.44488981587277">
        <ele>38.982394840568304</ele>
        <time>1970-01-01T00:08:39.800000Z</time>
        <extensions>
          <gpxtpx:TrackPointExtension>
            <gpxtpx:hr>152</gpxtpx:hr>
          </gpxtpx:TrackPointExtension>
        </extensions>
      </trkpt>
      <trkpt lat="40.00085691601551" lon="116.44485774254626">
        <ele>39.02966418210417</ele>
        <time>1970-01-01T00:08:40.800000Z</time>
        <extensions>
          <gpxtpx:TrackPointExtension>
            <gpxtpx:hr>152</gpxtpx:hr>
          </gpxtpx:TrackPointExtension>
        </extensions>
      </trkpt>
      <trkpt lat="40.00085121129905" lon="116.44482759812824">
        <ele>39.07161518186331</ele>
        <time>1970-01-01T00:08:41.800000Z</time>
        <extensions>
          <gpxtpx:TrackPointExtension>
            <gpxtpx:hr>152</gpxtpx:hr>
          </gpxtpx:TrackPointExtension>
        </extensions>
      </trkpt>
      <trkpt lat="40.000845612888995" lon="116.44479883785627">
        <ele>39.10929795820266</ele>
        <time>1970-01-01T00:08:42.800000Z</time>
        <extensions>
          <gpxtpx:TrackPointExtension>
            <gpxtpx:hr>152</gpxtpx:hr>
          </gpxtpx:TrackPointExtension>
        </extensions>
      </trkpt>
      <trkpt lat="40.00084000474026" lon="116.44477038789191">
        <ele>39.14316617697477</ele>
        <time>1970-01-01T00:08:43.800000Z</time>
        <extensions>
          <gpxtpx:TrackPointExtension>
            <gpxtpx:hr>152</gpxtpx:hr>
          </gpxtpx:TrackPointExtension>
        </extensions>
      </trkpt>
      <trkpt lat="40.00083453667428" lon="116.44474191970235">
        <ele>39.17325689550489</ele>
        <time>1970-01-01T00:08:44.800000Z</time>
        <extensions>
          <gpxtpx:TrackPointExtension>
            <gpxtpx:hr>149</gpxtpx:hr>
          </gpxtpx:TrackPointExtension>
        </extensions>
      </trkpt>
      <trkpt lat="40.00082930968571" lon="116.44471344294742">
        <ele>39.19976390525699</ele>
        <time>1970-01-01T00:08:45.800000Z</time>
        <extensions>
          <gpxtpx:TrackPointExtension>
            <gpxtpx:hr>149</gpxtpx:hr>
          </gpxtpx:TrackPointExtension>
        </extensions>
      </trkpt>
      <trkpt lat="40.00082433129653" lon="116.44468470680015">
        <ele>39.22244775015861</ele>
        <time>1970-01-01T00:08:46.800000Z</time>
        <extensions>
          <gpxtpx:TrackPointExtension>
            <gpxtpx:hr>149</gpxtpx:hr>
          </gpxtpx:TrackPointExtension>
        </extensions>
      </trkpt>
      <trkpt lat="40.00081956634618" lon="116.44465531741749">
        <ele>39.24130466207862</ele>
        <time>1970-01-01T00:08:47.800000Z</time>
        <extensions>
          <gpxtpx:TrackPointExtension>
            <gpxtpx:hr>149</gpxtpx:hr>
          </gpxtpx:TrackPointExtension>
        </extensions>
      </trkpt>
      <trkpt lat="40.000815057876444" lon="116.44462512232754">
        <ele>39.25614134967327</ele>
        <time>1970-01-01T00:08:48.800000Z</time>
        <extensions>
          <gpxtpx:TrackPointExtension>
            <gpxtpx:hr>149</gpxtpx:hr>
          </gpxtpx:TrackPointExtension>
        </extensions>
      </trkpt>
      <trkpt lat="40.000810879275186" lon="116.44459426887393">
        <ele>39.266128823161125</ele>
        <time>1970-01-01T00:08:49.800000Z</time>
        <extensions>
          <gpxtpx:TrackPointExtension>
            <gpxtpx:hr>148</gpxtpx:hr>
          </gpxtpx:TrackPointExtension>
        </extensions>
      </trkpt>
      <trkpt lat="40.00080705099911" lon="116.44456283299496">
        <ele>39.269512795843184</ele>
        <time>1970-01-01T00:08:50.800000Z</time>
        <extensions>
          <gpxtpx:TrackPointExtension>
            <gpxtpx:hr>148</gpxtpx:hr>
          </gpxtpx:TrackPointExtension>
        </extensions>
      </trkpt>
      <trkpt lat="40.00080343040866" lon="116.4445309678513">
        <ele>39.26484676729888</ele>
        <time>1970-01-01T00:08:51.800000Z</time>
        <extensions>
          <gpxtpx:TrackPointExtension>
            <gpxtpx:hr>148</gpxtpx:hr>
          </gpxtpx:TrackPointExtension>
        </extensions>
      </trkpt>
      <trkpt lat="40.000799811930655" lon="116.44449868521465">
        <ele>39.25156917516142</ele>
        <time>1970-01-01T00:08:52.800000Z</time>
        <extensions>
          <gpxtpx:TrackPointExtension>
            <gpxtpx:hr>148</gpxtpx:hr>
          </gpxtpx:TrackPointExtension>
        </extensions>
      </trkpt>
      <trkpt lat="40.000796087021136" lon="116.4444658560583">
        <ele>39.22967917192727</ele>
        <time>1970-01-01T00:08:53.800000Z</time>
        <extensions>
          <gpxtpx:TrackPointExtension>
            <gpxtpx:hr>148</gpxtpx:hr>
          </gpxtpx:TrackPointExtension>
        </extensions>
      </trkpt>
      <trkpt lat="40.00079228358409" lon="116.44443262772381">
        <ele>39.199604229070246</ele>
        <time>1970-01-01T00:08:54.800000Z</time>
        <extensions>
          <gpxtpx:TrackPointExtension>
            <gpxtpx:hr>148</gpxtpx:hr>
          </gpxtpx:TrackPointExtension>
        </extensions>
      </trkpt>
      <trkpt lat="40.00078837312371" lon="116.44439948634951">
        <ele>39.16210198495537</ele>
        <time>1970-01-01T00:08:55.800000Z</time>
        <extensions>
          <gpxtpx:TrackPointExtension>
            <gpxtpx:hr>151</gpxtpx:hr>
          </gpxtpx:TrackPointExtension>
        </extensions>
      </trkpt>
      <trkpt lat="40.00078422518202" lon="116.44436684458289">
        <ele>39.11792565789074</ele>
        <time>1970-01-01T00:08:56.800000Z</time>
        <extensions>
          <gpxtpx:TrackPointExtension>
            <gpxtpx:hr>151</gpxtpx:hr>
          </gpxtpx:TrackPointExtension>
        </extensions>
      </trkpt>
      <trkpt lat="40.00077980305144" lon="116.44433480452552">
        <ele>39.06811426766217</ele>
        <time>1970-01-01T00:08:57.800000Z</time>
        <extensions>
          <gpxtpx:TrackPointExtension>
            <gpxtpx:hr>151</gpxtpx:hr>
          </gpxtpx:TrackPointExtension>
        </extensions>
      </trkpt>
      <trkpt lat="40.00077515928935" lon="116.44430307394461">
        <ele>39.01366896275431</ele>
        <time>1970-01-01T00:08:58.800000Z</time>
        <extensions>
          <gpxtpx:TrackPointExtension>
            <gpxtpx:hr>151</gpxtpx:hr>
          </gpxtpx:TrackPointExtension>
        </extensions>
      </trkpt>
      <trkpt lat="40.00077029840989" lon="116.44427088693304">
        <ele>38.955224386416376</ele>
        <time>1970-01-01T00:08:59.800000Z</time>
        <extensions>
          <gpxtpx:TrackPointExtension>
            <gpxtpx:hr>151</gpxtpx:hr>
          </gpxtpx:TrackPointExtension>
        </extensions>
      </trkpt>
      <trkpt lat="40.00076533261079" lon="116.44423781069732">
        <ele>38.89311857242137</ele>
        <time>1970-01-01T00:09:00.800000Z</time>
        <extensions>
          <gpxtpx:TrackPointExtension>
            <gpxtpx:hr>151</gpxtpx:hr>
          </gpxtpx:TrackPointExtension>
        </extensions>
      </trkpt>
      <trkpt lat="40.000760478694865" lon="116.4442043180652">
        <ele>38.82735954783857</ele>
        <time>1970-01-01T00:09:01.800000Z</time>
        <extensions>
          <gpxtpx:TrackPointExtension>
            <gpxtpx:hr>152</gpxtpx:hr>
          </gpxtpx:TrackPointExtension>
        </extensions>
      </trkpt>
      <trkpt lat="40.0007558837776" lon="116.44417114184616">
        <ele>38.75866474676877</ele>
        <time>1970-01-01T00:09:02.800000Z</time>
        <extensions>
          <gpxtpx:TrackPointExtension>
            <gpxtpx:hr>152</gpxtpx:hr>
          </gpxtpx:TrackPointExtension>
        </extensions>
      </trkpt>
      <trkpt lat="40.00075142831854" lon="116.44413853642325">
        <ele>38.68769906554371</ele>
        <time>1970-01-01T00:09:03.800000Z</time>
        <extensions>
          <gpxtpx:TrackPointExtension>
            <gpxtpx:hr>152</gpxtpx:hr>
          </gpxtpx:TrackPointExtension>
        </extensions>
      </trkpt>
      <trkpt lat="40.00074673375651" lon="116.44410637558171">
        <ele>38.61298453807831</ele>
        <time>1970-01-01T00:09:04.800000Z</time>
        <extensions>
          <gpxtpx:TrackPointExtension>
            <gpxtpx:hr>152</gpxtpx:hr>
          </gpxtpx:TrackPointExtension>
        </extensions>
      </trkpt>
      <trkpt lat="40.00074148597398" lon="116.44407460167194">
        <ele>38.53509572148323</ele>
        <time>1970-01-01T00:09:05.800000Z</time>
        <extensions>
          <gpxtpx:TrackPointExtension>
            <gpxtpx:hr>154</gpxtpx:hr>
          </gpxtpx:TrackPointExtension>
        </extensions>
      </trkpt>
      <trkpt lat="40.0007354519424" lon="116.44404338861652">
        <ele>38.45435090921819</ele>
        <time>1970-01-01T00:09:06.800000Z</time>
        <extensions>
          <gpxtpx:TrackPointExtension>
            <gpxtpx:hr>154</gpxtpx:hr>
          </gpxtpx:TrackPointExtension>
        </extensions>
      </trkpt>
      <trkpt lat="40.00072893579028" lon="116.44401273454086">
        <ele>38.37050190474838</ele>
        <time>1970-01-01T00:09:07.800000Z</time>
        <extensions>
          <gpxtpx:TrackPointExtension>
            <gpxtpx:hr>154</gpxtpx:hr>
          </gpxtpx:TrackPointExtension>
        </extensions>
      </trkpt>
      <trkpt lat="40.00072267025809" lon="116.44398216992258">
        <ele>38.284248053096235</ele>
        <time>1970-01-01T00:09:08.800000Z</time>
        <extensions>
          <gpxtpx:TrackPointExtension>
            <gpxtpx:hr>154</gpxtpx:hr>
          </gpxtpx:TrackPointExtension>
        </extensions>
      </trkpt>
      <trkpt lat="40.00071710069105" lon="116.44395116487586">
        <ele>38.19652531668544</ele>
        <time>1970-01-01T00:09:09.800000Z</time>
        <extensions>
          <gpxtpx:TrackPointExtension>
            <gpxtpx:hr>154</gpxtpx:hr>
          </gpxtpx:TrackPointExtension>
        </extensions>
      </trkpt>
      <trkpt lat="40.00071210524387" lon="116.44391933222367">
        <ele>38.10822213906795</ele>
        <time>1970-01-01T00:09:10.800000Z</time>
        <extensions>
          <gpxtpx:TrackPointExtension>
            <gpxtpx:hr>154</gpxtpx:hr>
          </gpxtpx:TrackPointExtension>
        </extensions>
      </trkpt>
      <trkpt lat="40.00070750176026" lon="116.4438865999036">
        <ele>38.020650666207075</ele>
        <time>1970-01-01T00:09:11.800000Z</time>
        <extensions>
          <gpxtpx:TrackPointExtension>
            <gpxtpx:hr>154</gpxtpx:hr>
          </gpxtpx:TrackPointExtension>
        </extensions>
      </trkpt>
      <trkpt lat="40.00070336548182" lon="116.44385308362729">
        <ele>37.933461838401854</ele>
        <time>1970-01-01T00:09:12.800000Z</time>
        <extensions>
          <gpxtpx:TrackPointExtension>
            <gpxtpx:hr>152</gpxtpx:hr>
          </gpxtpx:TrackPointExtension>
        </extensions>
      </trkpt>
      <trkpt lat="40.0006996440844" lon="116.44381900796954">
        <ele>37.84811466932297</ele>
        <time>1970-01-01T00:09:13.800000Z</time>
        <extensions>
          <gpxtpx:TrackPointExtension>
            <gpxtpx:hr>152</gpxtpx:hr>
          </gpxtpx:TrackPointExtension>
        </extensions>
      </trkpt>
      <trkpt lat="40.00069617632078" lon="116.44378465045777">
        <ele>37.76577351987362</ele>
        <time>1970-01-01T00:09:14.800000Z</time>
        <extensions>
          <gpxtpx:TrackPointExtension>
            <gpxtpx:hr>152</gpxtpx:hr>
          </gpxtpx:TrackPointExtension>
        </extensions>
      </trkpt>
      <trkpt lat="40.00069286826497" lon="116.44375025466108">
        <ele>37.68634205125272</ele>
        <time>1970-01-01T00:09:15.800000Z</time>
        <extensions>
          <gpxtpx:TrackPointExtension>
            <gpxtpx:hr>152</gpxtpx:hr>
          </gpxtpx:TrackPointExtension>
        </extensions>
      </trkpt>
      <trkpt lat="40.000689594207486" lon="116.44371611346159">
        <ele>37.61157261673361</ele>
        <time>1970-01-01T00:09:16.800000Z</time>
        <extensions>
          <gpxtpx:TrackPointExtension>
            <gpxtpx:hr>150</gpxtpx:hr>
          </gpxtpx:TrackPointExtension>
        </extensions>
      </trkpt>
      <trkpt lat="40.000686194737135" lon="116.44368232192086">
        <ele>37.54185024276376</ele>
        <time>1970-01-01T00:09:17.800000Z</time>
        <extensions>
          <gpxtpx:TrackPointExtension>
            <gpxtpx:hr>150</gpxtpx:hr>
          </gpxtpx:TrackPointExtension>
        </extensions>
      </trkpt>
      <trkpt lat="40.00068275096401" lon="116.44364893402657">
        <ele>37.47772255167365</ele>
        <time>1970-01-01T00:09:18.800000Z</time>
        <extensions>
          <gpxtpx:TrackPointExtension>
            <gpxtpx:hr>150</gpxtpx:hr>
          </gpxtpx:TrackPointExtension>
        </extensions>
      </trkpt>
      <trkpt lat="40.000679438725086" lon="116.44361580231109">
        <ele>37.418871311470866</ele>
        <time>1970-01-01T00:09:19.800000Z</time>
        <extensions>
          <gpxtpx:TrackPointExtension>
            <gpxtpx:hr>148</gpxtpx:hr>
          </gpxtpx:TrackPointExtension>
        </extensions>
      </trkpt>
      <trkpt lat="40.000676202561905" lon="116.44358246231569">
        <ele>37.36627260223031</ele>
        <time>1970-01-01T00:09:20.800000Z</time>
        <extensions>
          <gpxtpx:TrackPointExtension>
            <gpxtpx:hr>148</gpxtpx:hr>
          </gpxtpx:TrackPointExtension>
        </extensions>
      </trkpt>
      <trkpt lat="40.00067279753729" lon="116.44354855237874">
        <ele>37.320660185068846</ele>
        <time>1970-01-01T00:09:21.800000Z</time>
        <extensions>
          <gpxtpx:TrackPointExtension>
            <gpxtpx:hr>148</gpxtpx:hr>
          </gpxtpx:TrackPointExtension>
        </extensions>
      </trkpt>
      <trkpt lat="40.00066912198055" lon="116.44351405270761">
        <ele>37.2816816996783</ele>
        <time>1970-01-01T00:09:22.800000Z</time>
        <extensions>
          <gpxtpx:TrackPointExtension>
            <gpxtpx:hr>148</gpxtpx:hr>
          </gpxtpx:TrackPointExtension>
        </extensions>
      </trkpt>
      <trkpt lat="40.000665287870646" lon="116.44347937783935">
        <ele>37.24924530927092</ele>
        <time>1970-01-01T00:09:23.800000Z</time>
        <extensions>
          <gpxtpx:TrackPointExtension>
            <gpxtpx:hr>148</gpxtpx:hr>
          </gpxtpx:TrackPointExtension>
        </extensions>
      </trkpt>
      <trkpt lat="40.0006614321707" lon="116.44344493179356">
        <ele>37.222689622081816</ele>
        <time>1970-01-01T00:09:24.800000Z</time>
        <extensions>
          <gpxtpx:TrackPointExtension>
            <gpxtpx:hr>147</gpxtpx:hr>
          </gpxtpx:TrackPointExtension>
        </extensions>
      </trkpt>
      <trkpt lat="40.0006575383427" lon="116.44341115149773">
        <ele>37.20120377279818</ele>
        <time>1970-01-01T00:09:25.800000Z</time>
        <extensions>
          <gpxtpx:TrackPointExtension>
            <gpxtpx:hr>147</gpxtpx:hr>
          </gpxtpx:TrackPointExtension>
        </extensions>
      </trkpt>
      <trkpt lat="40.0006531003615" lon="116.44337784783984">
        <ele>37.184047306887805</ele>
        <time>1970-01-01T00:09:26.800000Z</time>
        <extensions>
          <gpxtpx:TrackPointExtension>
            <gpxtpx:hr>147</gpxtpx:hr>
          </gpxtpx:TrackPointExtension>
        </extensions>
      </trkpt>
      <trkpt lat="40.00064760264818" lon="116.44334462780681">
        <ele>37.169823543168604</ele>
        <time>1970-01-01T00:09:27.800000Z</time>
        <extensions>
          <gpxtpx:TrackPointExtension>
            <gpxtpx:hr>147</gpxtpx:hr>
          </gpxtpx:TrackPointExtension>
        </extensions>
      </trkpt>
      <trkpt lat="40.00064131583549" lon="116.4433117694846">
        <ele>37.157409767620265</ele>
        <time>1970-01-01T00:09:28.800000Z</time>
        <extensions>
          <gpxtpx:TrackPointExtension>
            <gpxtpx:hr>147</gpxtpx:hr>
          </gpxtpx:TrackPointExtension>
        </extensions>
      </trkpt>
      <trkpt lat="40.000634540876554" lon="116.44327934896343">
        <ele>37.14683076739311</ele>
        <time>1970-01-01T00:09:29.800000Z</time>
        <extensions>
          <gpxtpx:TrackPointExtension>
            <gpxtpx:hr>147</gpxtpx:hr>
          </gpxtpx:TrackPointExtension>
        </extensions>
      </trkpt>
      <trkpt lat="40.000627182018334" lon="116.4432470235783">
        <ele>37.13742232788354</ele>
        <time>1970-01-01T00:09:30.800000Z</time>
        <extensions>
          <gpxtpx:TrackPointExtension>
            <gpxtpx:hr>147</gpxtpx:hr>
          </gpxtpx:TrackPointExtension>
        </extensions>
      </trkpt>
      <trkpt lat="40.000618787049426" lon="116.44321494083076">
        <ele>37.1290178745985</ele>
        <time>1970-01-01T00:09:31.800000Z</time>
        <extensions>
          <gpxtpx:TrackPointExtension>
            <gpxtpx:hr>147</gpxtpx:hr>
          </gpxtpx:TrackPointExtension>
        </extensions>
      </trkpt>
      <trkpt lat="40.000609476530954" lon="116.4431836461941">
        <ele>37.1217601550743</ele>
        <time>1970-01-01T00:09:32.800000Z</time>
        <extensions>
          <gpxtpx:TrackPointExtension>
            <gpxtpx:hr>147</gpxtpx:hr>
          </gpxtpx:TrackPointExtension>
        </extensions>
      </trkpt>
      <trkpt lat="40.00060011332235" lon="116.4431530705801">
        <ele>37.11546088382602</ele>
        <time>1970-01-01T00:09:33.800000Z</time>
        <extensions>
          <gpxtpx:TrackPointExtension>
            <gpxtpx:hr>147</gpxtpx:hr>
          </gpxtpx:TrackPointExtension>
        </extensions>
      </trkpt>
      <trkpt lat="40.000590864194635" lon="116.44312278659778">
        <ele>37.110502855852246</ele>
        <time>1970-01-01T00:09:34.800000Z</time>
        <extensions>
          <gpxtpx:TrackPointExtension>
            <gpxtpx:hr>147</gpxtpx:hr>
          </gpxtpx:TrackPointExtension>
        </extensions>
      </trkpt>
      <trkpt lat="40.00058266671415" lon="116.44309185126676">
        <ele>37.10726191289723</ele>
        <time>1970-01-01T00:09:35.800000Z</time>
        <extensions>
          <gpxtpx:TrackPointExtension>
            <gpxtpx:hr>147</gpxtpx:hr>
          </gpxtpx:TrackPointExtension>
        </extensions>
      </trkpt>
      <trkpt lat="40.00057643583631" lon="116.4430595625291">
        <ele>37.105304763652384</ele>
        <time>1970-01-01T00:09:36.800000Z</time>
        <extensions>
          <gpxtpx:TrackPointExtension>
            <gpxtpx:hr>147</gpxtpx:hr>
          </gpxtpx:TrackPointExtension>
        </extensions>
      </trkpt>
      <trkpt lat="40.00057177667422" lon="116.44302624615833">
        <ele>37.104869791306555</ele>
        <time>1970-01-01T00:09:37.800000Z</time>
        <extensions>
          <gpxtpx:TrackPointExtension>
            <gpxtpx:hr>147</gpxtpx:hr>
          </gpxtpx:TrackPointExtension>
        </extensions>
      </trkpt>
      <trkpt lat="40.00056833502439" lon="116.4429925114287">
        <ele>37.10590804833919</ele>
        <time>1970-01-01T00:09:38.800000Z</time>
        <extensions>
          <gpxtpx:TrackPointExtension>
            <gpxtpx:hr>147</gpxtpx:hr>
          </gpxtpx:TrackPointExtension>
        </extensions>
      </trkpt>
      <trkpt lat="40.000565782032204" lon="116.44295919253332">
        <ele>37.10793334618211</ele>
        <time>1970-01-01T00:09:39.800000Z</time>
        <extensions>
          <gpxtpx:TrackPointExtension>
            <gpxtpx:hr>146</gpxtpx:hr>
          </gpxtpx:TrackPointExtension>
        </extensions>
      </trkpt>
      <trkpt lat="40.00056379799126" lon="116.44292676783441">
        <ele>37.110240587964654</ele>
        <time>1970-01-01T00:09:40.900000Z</time>
        <extensions>
          <gpxtpx:TrackPointExtension>
            <gpxtpx:hr>146</gpxtpx:hr>
          </gpxtpx:TrackPointExtension>
        </extensions>
      </trkpt>
      <trkpt lat="40.000562203437084" lon="116.44289514978648">
        <ele>37.11437254305929</ele>
        <time>1970-01-01T00:09:41.900000Z</time>
        <extensions>
          <gpxtpx:TrackPointExtension>
            <gpxtpx:hr>146</gpxtpx:hr>
          </gpxtpx:TrackPointExtension>
        </extensions>
      </trkpt>
      <trkpt lat="40.000560869016006" lon="116.44286390795473">
        <ele>37.11861741542816</ele>
        <time>1970-01-01T00:09:42.900000Z</time>
        <extensions>
          <gpxtpx:TrackPointExtension>
            <gpxtpx:hr>146</gpxtpx:hr>
          </gpxtpx:TrackPointExtension>
        </extensions>
      </trkpt>
      <trkpt lat="40.00055969578136" lon="116.44283235997307">
        <ele>37.12467394489795</ele>
        <time>1970-01-01T00:09:43.900000Z</time>
        <extensions>
          <gpxtpx:TrackPointExtension>
            <gpxtpx:hr>146</gpxtpx:hr>
          </gpxtpx:TrackPointExtension>
        </extensions>
      </trkpt>
      <trkpt lat="40.00055861477233" lon="116.44280036891674">
        <ele>37.13067589234561</ele>
        <time>1970-01-01T00:09:44.900000Z</time>
        <extensions>
          <gpxtpx:TrackPointExtension>
            <gpxtpx:hr>147</gpxtpx:hr>
          </gpxtpx:TrackPointExtension>
        </extensions>
      </trkpt>
      <trkpt lat="40.00055757276446" lon="116.44276828664157">
        <ele>37.136354522779584</ele>
        <time>1970-01-01T00:09:45.900000Z</time>
        <extensions>
          <gpxtpx:TrackPointExtension>
            <gpxtpx:hr>147</gpxtpx:hr>
          </gpxtpx:TrackPointExtension>
        </extensions>
      </trkpt>
      <trkpt lat="40.00055640290845" lon="116.44273688340283">
        <ele>37.143148249946535</ele>
        <time>1970-01-01T00:09:46.900000Z</time>
        <extensions>
          <gpxtpx:TrackPointExtension>
            <gpxtpx:hr>147</gpxtpx:hr>
          </gpxtpx:TrackPointExtension>
        </extensions>
      </trkpt>
      <trkpt lat="40.00055489735751" lon="116.44270671474278">
        <ele>37.15033904928714</ele>
        <time>1970-01-01T00:09:47.900000Z</time>
        <extensions>
          <gpxtpx:TrackPointExtension>
            <gpxtpx:hr>147</gpxtpx:hr>
          </gpxtpx:TrackPointExtension>
        </extensions>
      </trkpt>
      <trkpt lat="40.00055263093857" lon="116.44267805732652">
        <ele>37.15780208725482</ele>
        <time>1970-01-01T00:09:48.900000Z</time>
        <extensions>
          <gpxtpx:TrackPointExtension>
            <gpxtpx:hr>147</gpxtpx:hr>
          </gpxtpx:TrackPointExtension>
        </extensions>
      </trkpt>
      <trkpt lat="40.00054897538616" lon="116.44265072464363">
        <ele>37.16577859967947</ele>
        <time>1970-01-01T00:09:49.900000Z</time>
        <extensions>
          <gpxtpx:TrackPointExtension>
            <gpxtpx:hr>147</gpxtpx:hr>
          </gpxtpx:TrackPointExtension>
        </extensions>
      </trkpt>
      <trkpt lat="40.000544133815076" lon="116.4426242340531">
        <ele>37.174844841472805</ele>
        <time>1970-01-01T00:09:50.900000Z</time>
        <extensions>
          <gpxtpx:TrackPointExtension>
            <gpxtpx:hr>147</gpxtpx:hr>
          </gpxtpx:TrackPointExtension>
        </extensions>
      </trkpt>
      <trkpt lat="40.00053870049186" lon="116.44259874646988">
        <ele>37.18373482115567</ele>
        <time>1970-01-01T00:09:51.900000Z</time>
        <extensions>
          <gpxtpx:TrackPointExtension>
            <gpxtpx:hr>151</gpxtpx:hr>
          </gpxtpx:TrackPointExtension>
        </extensions>
      </trkpt>
      <trkpt lat="40.000532602913076" lon="116.44257465427992">
        <ele>37.192981485277414</ele>
        <time>1970-01-01T00:09:52.900000Z</time>
        <extensions>
          <gpxtpx:TrackPointExtension>
            <gpxtpx:hr>151</gpxtpx:hr>
          </gpxtpx:TrackPointExtension>
        </extensions>
      </trkpt>
      <trkpt lat="40.00052531380425" lon="116.44255273949886">
        <ele>37.202430576086044</ele>
        <time>1970-01-01T00:09:53.900000Z</time>
        <extensions>
          <gpxtpx:TrackPointExtension>
            <gpxtpx:hr>151</gpxtpx:hr>
          </gpxtpx:TrackPointExtension>
        </extensions>
      </trkpt>
      <trkpt lat="40.000515429427686" lon="116.442535088916">
        <ele>37.21258965972811</ele>
        <time>1970-01-01T00:09:54.900000Z</time>
        <extensions>
          <gpxtpx:TrackPointExtension>
            <gpxtpx:hr>151</gpxtpx:hr>
          </gpxtpx:TrackPointExtension>
        </extensions>
      </trkpt>
      <trkpt lat="40.00050261222655" lon="116.44252273464913">
        <ele>37.223552552983165</ele>
        <time>1970-01-01T00:09:55.900000Z</time>
        <extensions>
          <gpxtpx:TrackPointExtension>
            <gpxtpx:hr>151</gpxtpx:hr>
          </gpxtpx:TrackPointExtension>
        </extensions>
      </trkpt>
      <trkpt lat="40.000487969157" lon="116.44251406647815">
        <ele>37.23576220776886</ele>
        <time>1970-01-01T00:09:56.900000Z</time>
        <extensions>
          <gpxtpx:TrackPointExtension>
            <gpxtpx:hr>151</gpxtpx:hr>
          </gpxtpx:TrackPointExtension>
        </extensions>
      </trkpt>
      <trkpt lat="40.00047276230949" lon="116.44250476473024">
        <ele>37.248435131274164</ele>
        <time>1970-01-01T00:09:57.900000Z</time>
        <extensions>
          <gpxtpx:TrackPointExtension>
            <gpxtpx:hr>153</gpxtpx:hr>
          </gpxtpx:TrackPointExtension>
        </extensions>
      </trkpt>
      <trkpt lat="40.000457369400515" lon="116.44249296918812">
        <ele>37.262693570926785</ele>
        <time>1970-01-01T00:09:58.900000Z</time>
        <extensions>
          <gpxtpx:TrackPointExtension>
            <gpxtpx:hr>153</gpxtpx:hr>
          </gpxtpx:TrackPointExtension>
        </extensions>
      </trkpt>
      <trkpt lat="40.00044127166405" lon="116.4424808970266">
        <ele>37.27879819367081</ele>
        <time>1970-01-01T00:09:59.900000Z</time>
        <extensions>
          <gpxtpx:TrackPointExtension>
            <gpxtpx:hr>153</gpxtpx:hr>
          </gpxtpx:TrackPointExtension>
        </extensions>
      </trkpt>
      <trkpt lat="40.00042456570783" lon="116.4424698174362">
        <ele>37.297098201699555</ele>
        <time>1970-01-01T00:10:00.900000Z</time>
        <extensions>
          <gpxtpx:TrackPointExtension>
            <gpxtpx:hr>153</gpxtpx:hr>
          </gpxtpx:TrackPointExtension>
        </extensions>
      </trkpt>
      <trkpt lat="40.00040758027709" lon="116.4424604395543">
        <ele>37.31738713756204</ele>
        <time>1970-01-01T00:10:01.900000Z</time>
        <extensions>
          <gpxtpx:TrackPointExtension>
            <gpxtpx:hr>153</gpxtpx:hr>
          </gpxtpx:TrackPointExtension>
        </extensions>
      </trkpt>
      <trkpt lat="40.00039100930691" lon="116.44244949858536">
        <ele>37.339344423264265</ele>
        <time>1970-01-01T00:10:02.900000Z</time>
        <extensions>
          <gpxtpx:TrackPointExtension>
            <gpxtpx:hr>153</gpxtpx:hr>
          </gpxtpx:TrackPointExtension>
        </extensions>
      </trkpt>
      <trkpt lat="40.0003760564017" lon="116.44243369155754">
        <ele>37.363283834420145</ele>
        <time>1970-01-01T00:10:03.900000Z</time>
        <extensions>
          <gpxtpx:TrackPointExtension>
            <gpxtpx:hr>153</gpxtpx:hr>
          </gpxtpx:TrackPointExtension>
        </extensions>
      </trkpt>
      <trkpt lat="40.0003634980894" lon="116.4424138550076">
        <ele>37.38834399078041</ele>
        <time>1970-01-01T00:10:04.900000Z</time>
        <extensions>
          <gpxtpx:TrackPointExtension>
            <gpxtpx:hr>153</gpxtpx:hr>
          </gpxtpx:TrackPointExtension>
        </extensions>
      </trkpt>
      <trkpt lat="40.000353492946545" lon="116.44239147461514">
        <ele>37.41409818548709</ele>
        <time>1970-01-01T00:10:05.900000Z</time>
        <extensions>
          <gpxtpx:TrackPointExtension>
            <gpxtpx:hr>153</gpxtpx:hr>
          </gpxtpx:TrackPointExtension>
        </extensions>
      </trkpt>
      <trkpt lat="40.00034545184613" lon="116.44236772264846">
        <ele>37.44077807851136</ele>
        <time>1970-01-01T00:10:06.900000Z</time>
        <extensions>
          <gpxtpx:TrackPointExtension>
            <gpxtpx:hr>153</gpxtpx:hr>
          </gpxtpx:TrackPointExtension>
        </extensions>
      </trkpt>
      <trkpt lat="40.00033862247685" lon="116.44234308572851">
        <ele>37.467861781828105</ele>
        <time>1970-01-01T00:10:07.900000Z</time>
        <extensions>
          <gpxtpx:TrackPointExtension>
            <gpxtpx:hr>153</gpxtpx:hr>
          </gpxtpx:TrackPointExtension>
        </extensions>
      </trkpt>
      <trkpt lat="40.00033303102675" lon="116.44231781477046">
        <ele>37.49536350835115</ele>
        <time>1970-01-01T00:10:08.900000Z</time>
        <extensions>
          <gpxtpx:TrackPointExtension>
            <gpxtpx:hr>153</gpxtpx:hr>
          </gpxtpx:TrackPointExtension>
        </extensions>
      </trkpt>
      <trkpt lat="40.000329453700225" lon="116.44229219529403">
        <ele>37.52338060364127</ele>
        <time>1970-01-01T00:10:09.900000Z</time>
        <extensions>
          <gpxtpx:TrackPointExtension>
            <gpxtpx:hr>151</gpxtpx:hr>
          </gpxtpx:TrackPointExtension>
        </extensions>
      </trkpt>
      <trkpt lat="40.000328883398794" lon="116.4422667038177">
        <ele>37.552312762476504</ele>
        <time>1970-01-01T00:10:10.900000Z</time>
        <extensions>
          <gpxtpx:TrackPointExtension>
            <gpxtpx:hr>151</gpxtpx:hr>
          </gpxtpx:TrackPointExtension>
        </extensions>
      </trkpt>
      <trkpt lat="40.00033146574272" lon="116.44224128940826">
        <ele>37.58256708458066</ele>
        <time>1970-01-01T00:10:11.900000Z</time>
        <extensions>
          <gpxtpx:TrackPointExtension>
            <gpxtpx:hr>151</gpxtpx:hr>
          </gpxtpx:TrackPointExtension>
        </extensions>
      </trkpt>
      <trkpt lat="40.00033663556" lon="116.44221496841267">
        <ele>37.61437865998596</ele>
        <time>1970-01-01T00:10:12.900000Z</time>
        <extensions>
          <gpxtpx:TrackPointExtension>
            <gpxtpx:hr>151</gpxtpx:hr>
          </gpxtpx:TrackPointExtension>
        </extensions>
      </trkpt>
      <trkpt lat="40.000344110889934" lon="116.44218662637576">
        <ele>37.65136253647506</ele>
        <time>1970-01-01T00:10:13.900000Z</time>
        <extensions>
          <gpxtpx:TrackPointExtension>
            <gpxtpx:hr>151</gpxtpx:hr>
          </gpxtpx:TrackPointExtension>
        </extensions>
      </trkpt>
      <trkpt lat="40.00035314833521" lon="116.44215601575978">
        <ele>37.6868513841182</ele>
        <time>1970-01-01T00:10:14.900000Z</time>
        <extensions>
          <gpxtpx:TrackPointExtension>
            <gpxtpx:hr>151</gpxtpx:hr>
          </gpxtpx:TrackPointExtension>
        </extensions>
      </trkpt>
      <trkpt lat="40.00036256545455" lon="116.44212384619433">
        <ele>37.723192473873496</ele>
        <time>1970-01-01T00:10:15.900000Z</time>
        <extensions>
          <gpxtpx:TrackPointExtension>
            <gpxtpx:hr>150</gpxtpx:hr>
          </gpxtpx:TrackPointExtension>
        </extensions>
      </trkpt>
      <trkpt lat="40.000371650031894" lon="116.44209139829607">
        <ele>37.76051343139261</ele>
        <time>1970-01-01T00:10:16.900000Z</time>
        <extensions>
          <gpxtpx:TrackPointExtension>
            <gpxtpx:hr>150</gpxtpx:hr>
          </gpxtpx:TrackPointExtension>
        </extensions>
      </trkpt>
      <trkpt lat="40.0003800793193" lon="116.44205901452203">
        <ele>37.79887886997312</ele>
        <time>1970-01-01T00:10:17.900000Z</time>
        <extensions>
          <gpxtpx:TrackPointExtension>
            <gpxtpx:hr>150</gpxtpx:hr>
          </gpxtpx:TrackPointExtension>
        </extensions>
      </trkpt>
      <trkpt lat="40.00038738203702" lon="116.4420264665386">
        <ele>37.83847943507135</ele>
        <time>1970-01-01T00:10:18.900000Z</time>
        <extensions>
          <gpxtpx:TrackPointExtension>
            <gpxtpx:hr>150</gpxtpx:hr>
          </gpxtpx:TrackPointExtension>
        </extensions>
      </trkpt>
      <trkpt lat="40.00039320001108" lon="116.44199364347531">
        <ele>37.87961740326136</ele>
        <time>1970-01-01T00:10:19.900000Z</time>
        <extensions>
          <gpxtpx:TrackPointExtension>
            <gpxtpx:hr>150</gpxtpx:hr>
          </gpxtpx:TrackPointExtension>
        </extensions>
      </trkpt>
      <trkpt lat="40.00039759581097" lon="116.44196044159439">
        <ele>37.92247978039086</ele>
        <time>1970-01-01T00:10:20.900000Z</time>
        <extensions>
          <gpxtpx:TrackPointExtension>
            <gpxtpx:hr>150</gpxtpx:hr>
          </gpxtpx:TrackPointExtension>
        </extensions>
      </trkpt>
      <trkpt lat="40.00040076268017" lon="116.44192670269013">
        <ele>37.9672675896436</ele>
        <time>1970-01-01T00:10:21.900000Z</time>
        <extensions>
          <gpxtpx:TrackPointExtension>
            <gpxtpx:hr>150</gpxtpx:hr>
          </gpxtpx:TrackPointExtension>
        </extensions>
      </trkpt>
      <trkpt lat="40.00040288624224" lon="116.44189259700049">
        <ele>38.01416276488453</ele>
        <time>1970-01-01T00:10:22.900000Z</time>
        <extensions>
          <gpxtpx:TrackPointExtension>
            <gpxtpx:hr>149</gpxtpx:hr>
          </gpxtpx:TrackPointExtension>
        </extensions>
      </trkpt>
      <trkpt lat="40.00040429251602" lon="116.44185846412076">
        <ele>38.06334887910634</ele>
        <time>1970-01-01T00:10:23.900000Z</time>
        <extensions>
          <gpxtpx:TrackPointExtension>
            <gpxtpx:hr>149</gpxtpx:hr>
          </gpxtpx:TrackPointExtension>
        </extensions>
      </trkpt>
      <trkpt lat="40.00040563085708" lon="116.44182460423825">
        <ele>38.115043674595654</ele>
        <time>1970-01-01T00:10:24.900000Z</time>
        <extensions>
          <gpxtpx:TrackPointExtension>
            <gpxtpx:hr>149</gpxtpx:hr>
          </gpxtpx:TrackPointExtension>
        </extensions>
      </trkpt>
      <trkpt lat="40.0004078761683" lon="116.4417916031886">
        <ele>38.169437672011554</ele>
        <time>1970-01-01T00:10:25.900000Z</time>
        <extensions>
          <gpxtpx:TrackPointExtension>
            <gpxtpx:hr>149</gpxtpx:hr>
          </gpxtpx:TrackPointExtension>
        </extensions>
      </trkpt>
      <trkpt lat="40.00041242648116" lon="116.44175999924047">
        <ele>38.22668804973364</ele>
        <time>1970-01-01T00:10:26.900000Z</time>
        <extensions>
          <gpxtpx:TrackPointExtension>
            <gpxtpx:hr>149</gpxtpx:hr>
          </gpxtpx:TrackPointExtension>
        </extensions>
      </trkpt>
      <trkpt lat="40.0004209215597" lon="116.4417305781627">
        <ele>38.28695883601904</ele>
        <time>1970-01-01T00:10:27.900000Z</time>
        <extensions>
          <gpxtpx:TrackPointExtension>
            <gpxtpx:hr>149</gpxtpx:hr>
          </gpxtpx:TrackPointExtension>
        </extensions>
      </trkpt>
      <trkpt lat="40.000434510303" lon="116.44170402226034">
        <ele>38.350386320613325</ele>
        <time>1970-01-01T00:10:28.900000Z</time>
        <extensions>
          <gpxtpx:TrackPointExtension>
            <gpxtpx:hr>149</gpxtpx:hr>
          </gpxtpx:TrackPointExtension>
        </extensions>
      </trkpt>
      <trkpt lat="40.00045238428639" lon="116.44167965892468">
        <ele>38.417058114893734</ele>
        <time>1970-01-01T00:10:29.900000Z</time>
        <extensions>
          <gpxtpx:TrackPointExtension>
            <gpxtpx:hr>149</gpxtpx:hr>
          </gpxtpx:TrackPointExtension>
        </extensions>
      </trkpt>
      <trkpt lat="40.00047302387692" lon="116.4416562318314">
        <ele>38.486991016194224</ele>
        <time>1970-01-01T00:10:30.900000Z</time>
        <extensions>
          <gpxtpx:TrackPointExtension>
            <gpxtpx:hr>149</gpxtpx:hr>
          </gpxtpx:TrackPointExtension>
        </extensions>
      </trkpt>
      <trkpt lat="40.00049519299363" lon="116.44163303713339">
        <ele>38.559958696365356</ele>
        <time>1970-01-01T00:10:31.900000Z</time>
        <extensions>
          <gpxtpx:TrackPointExtension>
            <gpxtpx:hr>149</gpxtpx:hr>
          </gpxtpx:TrackPointExtension>
        </extensions>
      </trkpt>
      <trkpt lat="40.00051755293558" lon="116.44161027869855">
        <ele>38.63543083053082</ele>
        <time>1970-01-01T00:10:32.900000Z</time>
        <extensions>
          <gpxtpx:TrackPointExtension>
            <gpxtpx:hr>149</gpxtpx:hr>
          </gpxtpx:TrackPointExtension>
        </extensions>
      </trkpt>
      <trkpt lat="40.00053920657365" lon="116.44158837185965">
        <ele>38.712730813771486</ele>
        <time>1970-01-01T00:10:33.900000Z</time>
        <extensions>
          <gpxtpx:TrackPointExtension>
            <gpxtpx:hr>149</gpxtpx:hr>
          </gpxtpx:TrackPointExtension>
        </extensions>
      </trkpt>
      <trkpt lat="40.000560293098836" lon="116.44156717337694">
        <ele>38.79123159870505</ele>
        <time>1970-01-01T00:10:34.900000Z</time>
        <extensions>
          <gpxtpx:TrackPointExtension>
            <gpxtpx:hr>149</gpxtpx:hr>
          </gpxtpx:TrackPointExtension>
        </extensions>
      </trkpt>
      <trkpt lat="40.0005812439758" lon="116.44154619572413">
        <ele>38.87057316489518</ele>
        <time>1970-01-01T00:10:35.900000Z</time>
        <extensions>
          <gpxtpx:TrackPointExtension>
            <gpxtpx:hr>149</gpxtpx:hr>
          </gpxtpx:TrackPointExtension>
        </extensions>
      </trkpt>
      <trkpt lat="40.000602100664565" lon="116.44152518084847">
        <ele>38.950469540432096</ele>
        <time>1970-01-01T00:10:36.900000Z</time>
        <extensions>
          <gpxtpx:TrackPointExtension>
            <gpxtpx:hr>149</gpxtpx:hr>
          </gpxtpx:TrackPointExtension>
        </extensions>
      </trkpt>
      <trkpt lat="40.000622776598654" lon="116.44150410679379">
        <ele>39.03036421816796</ele>
        <time>1970-01-01T00:10:37.900000Z</time>
        <extensions>
          <gpxtpx:TrackPointExtension>
            <gpxtpx:hr>150</gpxtpx:hr>
          </gpxtpx:TrackPointExtension>
        </extensions>
      </trkpt>
      <trkpt lat="40.000643320836204" lon="116.44148314226824">
        <ele>39.109519712626934</ele>
        <time>1970-01-01T00:10:38.900000Z</time>
        <extensions>
          <gpxtpx:TrackPointExtension>
            <gpxtpx:hr>150</gpxtpx:hr>
          </gpxtpx:TrackPointExtension>
        </extensions>
      </trkpt>
      <trkpt lat="40.00066386443189" lon="116.44146237136165">
        <ele>39.18717902339995</ele>
        <time>1970-01-01T00:10:39.900000Z</time>
        <extensions>
          <gpxtpx:TrackPointExtension>
            <gpxtpx:hr>150</gpxtpx:hr>
          </gpxtpx:TrackPointExtension>
        </extensions>
      </trkpt>
      <trkpt lat="40.00068437573032" lon="116.44144155932884">
        <ele>39.26264576707035</ele>
        <time>1970-01-01T00:10:40.900000Z</time>
        <extensions>
          <gpxtpx:TrackPointExtension>
            <gpxtpx:hr>150</gpxtpx:hr>
          </gpxtpx:TrackPointExtension>
        </extensions>
      </trkpt>
      <trkpt lat="40.00070489590877" lon="116.44142053007177">
        <ele>39.33559996075928</ele>
        <time>1970-01-01T00:10:41.900000Z</time>
        <extensions>
          <gpxtpx:TrackPointExtension>
            <gpxtpx:hr>150</gpxtpx:hr>
          </gpxtpx:TrackPointExtension>
        </extensions>
      </trkpt>
      <trkpt lat="40.000725244330994" lon="116.4413993155322">
        <ele>39.40635527204722</ele>
        <time>1970-01-01T00:10:42.900000Z</time>
        <extensions>
          <gpxtpx:TrackPointExtension>
            <gpxtpx:hr>150</gpxtpx:hr>
          </gpxtpx:TrackPointExtension>
        </extensions>
      </trkpt>
      <trkpt lat="40.000745217666115" lon="116.44137779341168">
        <ele>39.475568047724664</ele>
        <time>1970-01-01T00:10:43.900000Z</time>
        <extensions>
          <gpxtpx:TrackPointExtension>
            <gpxtpx:hr>150</gpxtpx:hr>
          </gpxtpx:TrackPointExtension>
        </extensions>
      </trkpt>
      <trkpt lat="40.0007647367059" lon="116.4413556926055">
        <ele>39.543753733858466</ele>
        <time>1970-01-01T00:10:44.900000Z</time>
        <extensions>
          <gpxtpx:TrackPointExtension>
            <gpxtpx:hr>150</gpxtpx:hr>
          </gpxtpx:TrackPointExtension>
        </extensions>
      </trkpt>
      <trkpt lat="40.00078356914546" lon="116.44133300694752">
        <ele>39.61110694613308</ele>
        <time>1970-01-01T00:10:45.900000Z</time>
        <extensions>
          <gpxtpx:TrackPointExtension>
            <gpxtpx:hr>150</gpxtpx:hr>
          </gpxtpx:TrackPointExtension>
        </extensions>
      </trkpt>
      <trkpt lat="40.00080160914744" lon="116.44130967841264">
        <ele>39.677778222598135</ele>
        <time>1970-01-01T00:10:46.900000Z</time>
        <extensions>
          <gpxtpx:TrackPointExtension>
            <gpxtpx:hr>151</gpxtpx:hr>
          </gpxtpx:TrackPointExtension>
        </extensions>
      </trkpt>
      <trkpt lat="40.00081909885912" lon="116.44128545197312">
        <ele>39.744486121460795</ele>
        <time>1970-01-01T00:10:47.900000Z</time>
        <extensions>
          <gpxtpx:TrackPointExtension>
            <gpxtpx:hr>151</gpxtpx:hr>
          </gpxtpx:TrackPointExtension>
        </extensions>
      </trkpt>
      <trkpt lat="40.000835883638196" lon="116.44126041149855">
        <ele>39.81277137901634</ele>
        <time>1970-01-01T00:10:48.900000Z</time>
        <extensions>
          <gpxtpx:TrackPointExtension>
            <gpxtpx:hr>151</gpxtpx:hr>
          </gpxtpx:TrackPointExtension>
        </extensions>
      </trkpt>
      <trkpt lat="40.00085175137916" lon="116.44123463833293">
        <ele>39.884578379802406</ele>
        <time>1970-01-01T00:10:49.900000Z</time>
        <extensions>
          <gpxtpx:TrackPointExtension>
            <gpxtpx:hr>151</gpxtpx:hr>
          </gpxtpx:TrackPointExtension>
        </extensions>
      </trkpt>
      <trkpt lat="40.00086664401387" lon="116.44120784377697">
        <ele>39.96181743405759</ele>
        <time>1970-01-01T00:10:50.900000Z</time>
        <extensions>
          <gpxtpx:TrackPointExtension>
            <gpxtpx:hr>150</gpxtpx:hr>
          </gpxtpx:TrackPointExtension>
        </extensions>
      </trkpt>
      <trkpt lat="40.00088006754894" lon="116.44117942324499">
        <ele>40.04616184718907</ele>
        <time>1970-01-01T00:10:51.900000Z</time>
        <extensions>
          <gpxtpx:TrackPointExtension>
            <gpxtpx:hr>150</gpxtpx:hr>
          </gpxtpx:TrackPointExtension>
        </extensions>
      </trkpt>
      <trkpt lat="40.00089109290425" lon="116.44114901255634">
        <ele>40.138927831314504</ele>
        <time>1970-01-01T00:10:52.900000Z</time>
        <extensions>
          <gpxtpx:TrackPointExtension>
            <gpxtpx:hr>150</gpxtpx:hr>
          </gpxtpx:TrackPointExtension>
        </extensions>
      </trkpt>
      <trkpt lat="40.00089888963068" lon="116.4411167708347">
        <ele>40.24092829786241</ele>
        <time>1970-01-01T00:10:53.900000Z</time>
        <extensions>
          <gpxtpx:TrackPointExtension>
            <gpxtpx:hr>150</gpxtpx:hr>
          </gpxtpx:TrackPointExtension>
        </extensions>
      </trkpt>
      <trkpt lat="40.00090296439808" lon="116.44108331394047">
        <ele>40.352529879659414</ele>
        <time>1970-01-01T00:10:54.900000Z</time>
        <extensions>
          <gpxtpx:TrackPointExtension>
            <gpxtpx:hr>150</gpxtpx:hr>
          </gpxtpx:TrackPointExtension>
        </extensions>
      </trkpt>
      <trkpt lat="40.000903169754025" lon="116.44104958344745">
        <ele>40.473999434150755</ele>
        <time>1970-01-01T00:10:55.900000Z</time>
        <extensions>
          <gpxtpx:TrackPointExtension>
            <gpxtpx:hr>150</gpxtpx:hr>
          </gpxtpx:TrackPointExtension>
        </extensions>
      </trkpt>
      <trkpt lat="40.00089983895766" lon="116.4410166656148">
        <ele>40.605441603809595</ele>
        <time>1970-01-01T00:10:56.900000Z</time>
        <extensions>
          <gpxtpx:TrackPointExtension>
            <gpxtpx:hr>150</gpxtpx:hr>
          </gpxtpx:TrackPointExtension>
        </extensions>
      </trkpt>
      <trkpt lat="40.00089358485716" lon="116.44098528958749">
        <ele>40.74658090621233</ele>
        <time>1970-01-01T00:10:57.900000Z</time>
        <extensions>
          <gpxtpx:TrackPointExtension>
            <gpxtpx:hr>150</gpxtpx:hr>
          </gpxtpx:TrackPointExtension>
        </extensions>
      </trkpt>
      <trkpt lat="40.00088551025872" lon="116.44095542974884">
        <ele>40.89692114107311</ele>
        <time>1970-01-01T00:10:58.900000Z</time>
        <extensions>
          <gpxtpx:TrackPointExtension>
            <gpxtpx:hr>150</gpxtpx:hr>
          </gpxtpx:TrackPointExtension>
        </extensions>
      </trkpt>
      <trkpt lat="40.00087671929415" lon="116.44092671352762">
        <ele>41.055827592499554</ele>
        <time>1970-01-01T00:10:59.900000Z</time>
        <extensions>
          <gpxtpx:TrackPointExtension>
            <gpxtpx:hr>150</gpxtpx:hr>
          </gpxtpx:TrackPointExtension>
        </extensions>
      </trkpt>
      <trkpt lat="40.0008674867696" lon="116.44089857089767">
        <ele>41.22239897586405</ele>
        <time>1970-01-01T00:11:00.900000Z</time>
        <extensions>
          <gpxtpx:TrackPointExtension>
            <gpxtpx:hr>150</gpxtpx:hr>
          </gpxtpx:TrackPointExtension>
        </extensions>
      </trkpt>
      <trkpt lat="40.00085775322227" lon="116.4408703985305">
        <ele>41.39528288971633</ele>
        <time>1970-01-01T00:11:01.900000Z</time>
        <extensions>
          <gpxtpx:TrackPointExtension>
            <gpxtpx:hr>149</gpxtpx:hr>
          </gpxtpx:TrackPointExtension>
        </extensions>
      </trkpt>
      <trkpt lat="40.000847657572535" lon="116.44084216711795">
        <ele>41.57253091130406</ele>
        <time>1970-01-01T00:11:02.900000Z</time>
        <extensions>
          <gpxtpx:TrackPointExtension>
            <gpxtpx:hr>149</gpxtpx:hr>
          </gpxtpx:TrackPointExtension>
        </extensions>
      </trkpt>
      <trkpt lat="40.000837698499126" lon="116.44081398983025">
        <ele>41.751558519899845</ele>
        <time>1970-01-01T00:11:03.900000Z</time>
        <extensions>
          <gpxtpx:TrackPointExtension>
            <gpxtpx:hr>149</gpxtpx:hr>
          </gpxtpx:TrackPointExtension>
        </extensions>
      </trkpt>
      <trkpt lat="40.00082841761" lon="116.44078573996181">
        <ele>41.92900685220957</ele>
        <time>1970-01-01T00:11:04.900000Z</time>
        <extensions>
          <gpxtpx:TrackPointExtension>
            <gpxtpx:hr>149</gpxtpx:hr>
          </gpxtpx:TrackPointExtension>
        </extensions>
      </trkpt>
      <trkpt lat="40.00081987294355" lon="116.44075777105355">
        <ele>42.10059595387429</ele>
        <time>1970-01-01T00:11:05.900000Z</time>
        <extensions>
          <gpxtpx:TrackPointExtension>
            <gpxtpx:hr>149</gpxtpx:hr>
          </gpxtpx:TrackPointExtension>
        </extensions>
      </trkpt>
      <trkpt lat="40.000811886969444" lon="116.4407301569169">
        <ele>42.26178953703493</ele>
        <time>1970-01-01T00:11:06.900000Z</time>
        <extensions>
          <gpxtpx:TrackPointExtension>
            <gpxtpx:hr>149</gpxtpx:hr>
          </gpxtpx:TrackPointExtension>
        </extensions>
      </trkpt>
      <trkpt lat="40.00080444486407" lon="116.44070248405433">
        <ele>42.408180764876306</ele>
        <time>1970-01-01T00:11:07.900000Z</time>
        <extensions>
          <gpxtpx:TrackPointExtension>
            <gpxtpx:hr>149</gpxtpx:hr>
          </gpxtpx:TrackPointExtension>
        </extensions>
      </trkpt>
      <trkpt lat="40.000797486928924" lon="116.4406745826917">
        <ele>42.53618706483394</ele>
        <time>1970-01-01T00:11:08.900000Z</time>
        <extensions>
          <gpxtpx:TrackPointExtension>
            <gpxtpx:hr>149</gpxtpx:hr>
          </gpxtpx:TrackPointExtension>
        </extensions>
      </trkpt>
      <trkpt lat="40.00079087715366" lon="116.44064646737324">
        <ele>42.643691721372306</ele>
        <time>1970-01-01T00:11:09.900000Z</time>
        <extensions>
          <gpxtpx:TrackPointExtension>
            <gpxtpx:hr>149</gpxtpx:hr>
          </gpxtpx:TrackPointExtension>
        </extensions>
      </trkpt>
      <trkpt lat="40.000784529848325" lon="116.44061799889514">
        <ele>42.73040620237589</ele>
        <time>1970-01-01T00:11:10.900000Z</time>
        <extensions>
          <gpxtpx:TrackPointExtension>
            <gpxtpx:hr>150</gpxtpx:hr>
          </gpxtpx:TrackPointExtension>
        </extensions>
      </trkpt>
      <trkpt lat="40.00077832977473" lon="116.4405889463741">
        <ele>42.79769720323384</ele>
        <time>1970-01-01T00:11:11.900000Z</time>
        <extensions>
          <gpxtpx:TrackPointExtension>
            <gpxtpx:hr>150</gpxtpx:hr>
          </gpxtpx:TrackPointExtension>
        </extensions>
      </trkpt>
      <trkpt lat="40.00077212775571" lon="116.440559263811">
        <ele>42.8482397031039</ele>
        <time>1970-01-01T00:11:12.900000Z</time>
        <extensions>
          <gpxtpx:TrackPointExtension>
            <gpxtpx:hr>150</gpxtpx:hr>
          </gpxtpx:TrackPointExtension>
        </extensions>
      </trkpt>
      <trkpt lat="40.000765716617764" lon="116.44052917629304">
        <ele>42.885535846464336</ele>
        <time>1970-01-01T00:11:13.900000Z</time>
        <extensions>
          <gpxtpx:TrackPointExtension>
            <gpxtpx:hr>150</gpxtpx:hr>
          </gpxtpx:TrackPointExtension>
        </extensions>
      </trkpt>
      <trkpt lat="40.000758871414284" lon="116.44049893950391">
        <ele>42.91333124693483</ele>
        <time>1970-01-01T00:11:14.900000Z</time>
        <extensions>
          <gpxtpx:TrackPointExtension>
            <gpxtpx:hr>150</gpxtpx:hr>
          </gpxtpx:TrackPointExtension>
        </extensions>
      </trkpt>
      <trkpt lat="40.000751492860324" lon="116.44046898487606">
        <ele>42.93513851240277</ele>
        <time>1970-01-01T00:11:15.900000Z</time>
        <extensions>
          <gpxtpx:TrackPointExtension>
            <gpxtpx:hr>150</gpxtpx:hr>
          </gpxtpx:TrackPointExtension>
        </extensions>
      </trkpt>
      <trkpt lat="40.00074346295233" lon="116.44043941600637">
        <ele>42.95389657653868</ele>
        <time>1970-01-01T00:11:16.900000Z</time>
        <extensions>
          <gpxtpx:TrackPointExtension>
            <gpxtpx:hr>152</gpxtpx:hr>
          </gpxtpx:TrackPointExtension>
        </extensions>
      </trkpt>
      <trkpt lat="40.00073477677816" lon="116.44040993009604">
        <ele>42.97174878232181</ele>
        <time>1970-01-01T00:11:17.900000Z</time>
        <extensions>
          <gpxtpx:TrackPointExtension>
            <gpxtpx:hr>152</gpxtpx:hr>
          </gpxtpx:TrackPointExtension>
        </extensions>
      </trkpt>
      <trkpt lat="40.00072567438264" lon="116.44038044859742">
        <ele>42.99002685211599</ele>
        <time>1970-01-01T00:11:18.900000Z</time>
        <extensions>
          <gpxtpx:TrackPointExtension>
            <gpxtpx:hr>152</gpxtpx:hr>
          </gpxtpx:TrackPointExtension>
        </extensions>
      </trkpt>
      <trkpt lat="40.00071637353224" lon="116.44035111516308">
        <ele>43.009380337782204</ele>
        <time>1970-01-01T00:11:19.900000Z</time>
        <extensions>
          <gpxtpx:TrackPointExtension>
            <gpxtpx:hr>152</gpxtpx:hr>
          </gpxtpx:TrackPointExtension>
        </extensions>
      </trkpt>
      <trkpt lat="40.000707034013054" lon="116.44032191647072">
        <ele>43.02996509056538</ele>
        <time>1970-01-01T00:11:20.900000Z</time>
        <extensions>
          <gpxtpx:TrackPointExtension>
            <gpxtpx:hr>152</gpxtpx:hr>
          </gpxtpx:TrackPointExtension>
        </extensions>
      </trkpt>
      <trkpt lat="40.00069767052465" lon="116.44029283084228">
        <ele>43.05169109161943</ele>
        <time>1970-01-01T00:11:21.900000Z</time>
        <extensions>
          <gpxtpx:TrackPointExtension>
            <gpxtpx:hr>152</gpxtpx:hr>
          </gpxtpx:TrackPointExtension>
        </extensions>
      </trkpt>
      <trkpt lat="40.00068808675843" lon="116.44026383592642">
        <ele>43.074450177140534</ele>
        <time>1970-01-01T00:11:22.900000Z</time>
        <extensions>
          <gpxtpx:TrackPointExtension>
            <gpxtpx:hr>152</gpxtpx:hr>
          </gpxtpx:TrackPointExtension>
        </extensions>
      </trkpt>
      <trkpt lat="40.00067796939146" lon="116.44023505305204">
        <ele>43.098205597139895</ele>
        <time>1970-01-01T00:11:23.900000Z</time>
        <extensions>
          <gpxtpx:TrackPointExtension>
            <gpxtpx:hr>152</gpxtpx:hr>
          </gpxtpx:TrackPointExtension>
        </extensions>
      </trkpt>
      <trkpt lat="40.00066721619176" lon="116.4402066696017">
        <ele>43.12294187489897</ele>
        <time>1970-01-01T00:11:24.900000Z</time>
        <extensions>
          <gpxtpx:TrackPointExtension>
            <gpxtpx:hr>152</gpxtpx:hr>
          </gpxtpx:TrackPointExtension>
        </extensions>
      </trkpt>
      <trkpt lat="40.000655984393596" lon="116.44017896329233">
        <ele>43.14855606202036</ele>
        <time>1970-01-01T00:11:25.900000Z</time>
        <extensions>
          <gpxtpx:TrackPointExtension>
            <gpxtpx:hr>154</gpxtpx:hr>
          </gpxtpx:TrackPointExtension>
        </extensions>
      </trkpt>
      <trkpt lat="40.00064437602352" lon="116.44015222074667">
        <ele>43.17473443225026</ele>
        <time>1970-01-01T00:11:26.900000Z</time>
        <extensions>
          <gpxtpx:TrackPointExtension>
            <gpxtpx:hr>154</gpxtpx:hr>
          </gpxtpx:TrackPointExtension>
        </extensions>
      </trkpt>
      <trkpt lat="40.00063243711786" lon="116.44012627235477">
        <ele>43.20083890017122</ele>
        <time>1970-01-01T00:11:27.900000Z</time>
        <extensions>
          <gpxtpx:TrackPointExtension>
            <gpxtpx:hr>154</gpxtpx:hr>
          </gpxtpx:TrackPointExtension>
        </extensions>
      </trkpt>
      <trkpt lat="40.000620196150486" lon="116.44010095005657">
        <ele>43.225902180187404</ele>
        <time>1970-01-01T00:11:28.900000Z</time>
        <extensions>
          <gpxtpx:TrackPointExtension>
            <gpxtpx:hr>154</gpxtpx:hr>
          </gpxtpx:TrackPointExtension>
        </extensions>
      </trkpt>
      <trkpt lat="40.000607660386166" lon="116.44007594434747">
        <ele>43.248779251240194</ele>
        <time>1970-01-01T00:11:29.900000Z</time>
        <extensions>
          <gpxtpx:TrackPointExtension>
            <gpxtpx:hr>154</gpxtpx:hr>
          </gpxtpx:TrackPointExtension>
        </extensions>
      </trkpt>
      <trkpt lat="40.00059485702591" lon="116.44005104895236">
        <ele>43.26830169931054</ele>
        <time>1970-01-01T00:11:30.900000Z</time>
        <extensions>
          <gpxtpx:TrackPointExtension>
            <gpxtpx:hr>154</gpxtpx:hr>
          </gpxtpx:TrackPointExtension>
        </extensions>
      </trkpt>
      <trkpt lat="40.00058183291109" lon="116.44002616726746">
        <ele>43.28329702280462</ele>
        <time>1970-01-01T00:11:31.900000Z</time>
        <extensions>
          <gpxtpx:TrackPointExtension>
            <gpxtpx:hr>154</gpxtpx:hr>
          </gpxtpx:TrackPointExtension>
        </extensions>
      </trkpt>
      <trkpt lat="40.00056847283919" lon="116.44000112474676">
        <ele>43.292551782913506</ele>
        <time>1970-01-01T00:11:32.900000Z</time>
        <extensions>
          <gpxtpx:TrackPointExtension>
            <gpxtpx:hr>154</gpxtpx:hr>
          </gpxtpx:TrackPointExtension>
        </extensions>
      </trkpt>
      <trkpt lat="40.00055474601456" lon="116.43997560632339">
        <ele>43.29481289815158</ele>
        <time>1970-01-01T00:11:33.900000Z</time>
        <extensions>
          <gpxtpx:TrackPointExtension>
            <gpxtpx:hr>154</gpxtpx:hr>
          </gpxtpx:TrackPointExtension>
        </extensions>
      </trkpt>
      <trkpt lat="40.0005409354958" lon="116.43994939558497">
        <ele>43.28886107634753</ele>
        <time>1970-01-01T00:11:34.900000Z</time>
        <extensions>
          <gpxtpx:TrackPointExtension>
            <gpxtpx:hr>154</gpxtpx:hr>
          </gpxtpx:TrackPointExtension>
        </extensions>
      </trkpt>
      <trkpt lat="40.000527755506155" lon="116.4399224433912">
        <ele>43.27367368713021</ele>
        <time>1970-01-01T00:11:35.900000Z</time>
        <extensions>
          <gpxtpx:TrackPointExtension>
            <gpxtpx:hr>154</gpxtpx:hr>
          </gpxtpx:TrackPointExtension>
        </extensions>
      </trkpt>
      <trkpt lat="40.00051607386838" lon="116.43989473342499">
        <ele>43.248680314049125</ele>
        <time>1970-01-01T00:11:36.900000Z</time>
        <extensions>
          <gpxtpx:TrackPointExtension>
            <gpxtpx:hr>154</gpxtpx:hr>
          </gpxtpx:TrackPointExtension>
        </extensions>
      </trkpt>
      <trkpt lat="40.000506397875114" lon="116.43986607706078">
        <ele>43.2141245380044</ele>
        <time>1970-01-01T00:11:37.900000Z</time>
        <extensions>
          <gpxtpx:TrackPointExtension>
            <gpxtpx:hr>152</gpxtpx:hr>
          </gpxtpx:TrackPointExtension>
        </extensions>
      </trkpt>
      <trkpt lat="40.00049870569056" lon="116.43983630040839">
        <ele>43.17128214240074</ele>
        <time>1970-01-01T00:11:38.900000Z</time>
        <extensions>
          <gpxtpx:TrackPointExtension>
            <gpxtpx:hr>152</gpxtpx:hr>
          </gpxtpx:TrackPointExtension>
        </extensions>
      </trkpt>
      <trkpt lat="40.00049278588828" lon="116.4398053447625">
        <ele>43.12230906262994</ele>
        <time>1970-01-01T00:11:39.900000Z</time>
        <extensions>
          <gpxtpx:TrackPointExtension>
            <gpxtpx:hr>152</gpxtpx:hr>
          </gpxtpx:TrackPointExtension>
        </extensions>
      </trkpt>
      <trkpt lat="40.00048848825038" lon="116.43977351628146">
        <ele>43.06992688123137</ele>
        <time>1970-01-01T00:11:40.900000Z</time>
        <extensions>
          <gpxtpx:TrackPointExtension>
            <gpxtpx:hr>152</gpxtpx:hr>
          </gpxtpx:TrackPointExtension>
        </extensions>
      </trkpt>
      <trkpt lat="40.00048564047647" lon="116.43974106233878">
        <ele>43.017007059417665</ele>
        <time>1970-01-01T00:11:41.900000Z</time>
        <extensions>
          <gpxtpx:TrackPointExtension>
            <gpxtpx:hr>152</gpxtpx:hr>
          </gpxtpx:TrackPointExtension>
        </extensions>
      </trkpt>
      <trkpt lat="40.000483791660024" lon="116.4397082287381">
        <ele>42.9660008251667</ele>
        <time>1970-01-01T00:11:42.900000Z</time>
        <extensions>
          <gpxtpx:TrackPointExtension>
            <gpxtpx:hr>152</gpxtpx:hr>
          </gpxtpx:TrackPointExtension>
        </extensions>
      </trkpt>
      <trkpt lat="40.00048232199392" lon="116.43967582773031">
        <ele>42.91853145044297</ele>
        <time>1970-01-01T00:11:43.900000Z</time>
        <extensions>
          <gpxtpx:TrackPointExtension>
            <gpxtpx:hr>152</gpxtpx:hr>
          </gpxtpx:TrackPointExtension>
        </extensions>
      </trkpt>
      <trkpt lat="40.00048061457155" lon="116.43964446189234">
        <ele>42.875369816087186</ele>
        <time>1970-01-01T00:11:44.900000Z</time>
        <extensions>
          <gpxtpx:TrackPointExtension>
            <gpxtpx:hr>152</gpxtpx:hr>
          </gpxtpx:TrackPointExtension>
        </extensions>
      </trkpt>
      <trkpt lat="40.00047828055875" lon="116.43961383250519">
        <ele>42.83660433162004</ele>
        <time>1970-01-01T00:11:45.900000Z</time>
        <extensions>
          <gpxtpx:TrackPointExtension>
            <gpxtpx:hr>152</gpxtpx:hr>
          </gpxtpx:TrackPointExtension>
        </extensions>
      </trkpt>
      <trkpt lat="40.00047492922161" lon="116.43958326245388">
        <ele>42.80196518264711</ele>
        <time>1970-01-01T00:11:46.900000Z</time>
        <extensions>
          <gpxtpx:TrackPointExtension>
            <gpxtpx:hr>152</gpxtpx:hr>
          </gpxtpx:TrackPointExtension>
        </extensions>
      </trkpt>
      <trkpt lat="40.00047027478685" lon="116.4395526588876">
        <ele>42.77132873330265</ele>
        <time>1970-01-01T00:11:47.900000Z</time>
        <extensions>
          <gpxtpx:TrackPointExtension>
            <gpxtpx:hr>152</gpxtpx:hr>
          </gpxtpx:TrackPointExtension>
        </extensions>
      </trkpt>
      <trkpt lat="40.00046435774263" lon="116.43952231439512">
        <ele>42.74523144681007</ele>
        <time>1970-01-01T00:11:48.900000Z</time>
        <extensions>
          <gpxtpx:TrackPointExtension>
            <gpxtpx:hr>152</gpxtpx:hr>
          </gpxtpx:TrackPointExtension>
        </extensions>
      </trkpt>
      <trkpt lat="40.000457312531026" lon="116.43949193496937">
        <ele>42.72502814605832</ele>
        <time>1970-01-01T00:11:49.900000Z</time>
        <extensions>
          <gpxtpx:TrackPointExtension>
            <gpxtpx:hr>151</gpxtpx:hr>
          </gpxtpx:TrackPointExtension>
        </extensions>
      </trkpt>
      <trkpt lat="40.00044978901953" lon="116.43946336500774">
        <ele>42.714152405038476</ele>
        <time>1970-01-01T00:11:50.900000Z</time>
        <extensions>
          <gpxtpx:TrackPointExtension>
            <gpxtpx:hr>151</gpxtpx:hr>
          </gpxtpx:TrackPointExtension>
        </extensions>
      </trkpt>
      <trkpt lat="40.00044180624911" lon="116.43943617179589">
        <ele>42.71389862988144</ele>
        <time>1970-01-01T00:11:51.900000Z</time>
        <extensions>
          <gpxtpx:TrackPointExtension>
            <gpxtpx:hr>151</gpxtpx:hr>
          </gpxtpx:TrackPointExtension>
        </extensions>
      </trkpt>
      <trkpt lat="40.000433456255756" lon="116.43941010272017">
        <ele>42.72538001649082</ele>
        <time>1970-01-01T00:11:52.900000Z</time>
        <extensions>
          <gpxtpx:TrackPointExtension>
            <gpxtpx:hr>151</gpxtpx:hr>
          </gpxtpx:TrackPointExtension>
        </extensions>
      </trkpt>
      <trkpt lat="40.00042454126346" lon="116.43938423149977">
        <ele>42.74925537314266</ele>
        <time>1970-01-01T00:11:53.900000Z</time>
        <extensions>
          <gpxtpx:TrackPointExtension>
            <gpxtpx:hr>151</gpxtpx:hr>
          </gpxtpx:TrackPointExtension>
        </extensions>
      </trkpt>
      <trkpt lat="40.000415199190755" lon="116.43935803827428">
        <ele>42.785867855884135</ele>
        <time>1970-01-01T00:11:54.900000Z</time>
        <extensions>
          <gpxtpx:TrackPointExtension>
            <gpxtpx:hr>151</gpxtpx:hr>
          </gpxtpx:TrackPointExtension>
        </extensions>
      </trkpt>
      <trkpt lat="40.000405966592325" lon="116.43933188668413">
        <ele>42.83515115175396</ele>
        <time>1970-01-01T00:11:55.900000Z</time>
        <extensions>
          <gpxtpx:TrackPointExtension>
            <gpxtpx:hr>151</gpxtpx:hr>
          </gpxtpx:TrackPointExtension>
        </extensions>
      </trkpt>
      <trkpt lat="40.00039716984597" lon="116.43930578378608">
        <ele>42.89661738742143</ele>
        <time>1970-01-01T00:11:56.900000Z</time>
        <extensions>
          <gpxtpx:TrackPointExtension>
            <gpxtpx:hr>151</gpxtpx:hr>
          </gpxtpx:TrackPointExtension>
        </extensions>
      </trkpt>
      <trkpt lat="40.00038886516461" lon="116.43927941640561">
        <ele>42.96945921797305</ele>
        <time>1970-01-01T00:11:57.900000Z</time>
        <extensions>
          <gpxtpx:TrackPointExtension>
            <gpxtpx:hr>151</gpxtpx:hr>
          </gpxtpx:TrackPointExtension>
        </extensions>
      </trkpt>
      <trkpt lat="40.00038139732397" lon="116.43925255995075">
        <ele>43.052532334811985</ele>
        <time>1970-01-01T00:11:58.900000Z</time>
        <extensions>
          <gpxtpx:TrackPointExtension>
            <gpxtpx:hr>151</gpxtpx:hr>
          </gpxtpx:TrackPointExtension>
        </extensions>
      </trkpt>
      <trkpt lat="40.00037524058979" lon="116.43922499721609">
        <ele>43.1442117318511</ele>
        <time>1970-01-01T00:11:59.900000Z</time>
        <extensions>
          <gpxtpx:TrackPointExtension>
            <gpxtpx:hr>151</gpxtpx:hr>
          </gpxtpx:TrackPointExtension>
        </extensions>
      </trkpt>
      <trkpt lat="40.00037066800429" lon="116.43919676622681">
        <ele>43.24225352797657</ele>
        <time>1970-01-01T00:12:00.900000Z</time>
        <extensions>
          <gpxtpx:TrackPointExtension>
            <gpxtpx:hr>150</gpxtpx:hr>
          </gpxtpx:TrackPointExtension>
        </extensions>
      </trkpt>
      <trkpt lat="40.000367582519175" lon="116.43916794360315">
        <ele>43.34369279257953</ele>
        <time>1970-01-01T00:12:01.900000Z</time>
        <extensions>
          <gpxtpx:TrackPointExtension>
            <gpxtpx:hr>150</gpxtpx:hr>
          </gpxtpx:TrackPointExtension>
        </extensions>
      </trkpt>
      <trkpt lat="40.00036612588842" lon="116.43913853216928">
        <ele>43.444666212424636</ele>
        <time>1970-01-01T00:12:02.900000Z</time>
        <extensions>
          <gpxtpx:TrackPointExtension>
            <gpxtpx:hr>150</gpxtpx:hr>
          </gpxtpx:TrackPointExtension>
        </extensions>
      </trkpt>
      <trkpt lat="40.000366778965194" lon="116.4391097759347">
        <ele>43.53720842115581</ele>
        <time>1970-01-01T00:12:03.900000Z</time>
        <extensions>
          <gpxtpx:TrackPointExtension>
            <gpxtpx:hr>150</gpxtpx:hr>
          </gpxtpx:TrackPointExtension>
        </extensions>
      </trkpt>
      <trkpt lat="40.000370128636845" lon="116.43908046994308">
        <ele>43.622431482188404</ele>
        <time>1970-01-01T00:12:04.900000Z</time>
        <extensions>
          <gpxtpx:TrackPointExtension>
            <gpxtpx:hr>150</gpxtpx:hr>
          </gpxtpx:TrackPointExtension>
        </extensions>
      </trkpt>
      <trkpt lat="40.000376591114346" lon="116.43905227568226">
        <ele>43.693772797472775</ele>
        <time>1970-01-01T00:12:05.900000Z</time>
        <extensions>
          <gpxtpx:TrackPointExtension>
            <gpxtpx:hr>152</gpxtpx:hr>
          </gpxtpx:TrackPointExtension>
        </extensions>
      </trkpt>
      <trkpt lat="40.0003867458431" lon="116.43902590801103">
        <ele>43.750773230567575</ele>
        <time>1970-01-01T00:12:06.900000Z</time>
        <extensions>
          <gpxtpx:TrackPointExtension>
            <gpxtpx:hr>152</gpxtpx:hr>
          </gpxtpx:TrackPointExtension>
        </extensions>
      </trkpt>
      <trkpt lat="40.00040112809782" lon="116.43900214504137">
        <ele>43.79491270054132</ele>
        <time>1970-01-01T00:12:07.900000Z</time>
        <extensions>
          <gpxtpx:TrackPointExtension>
            <gpxtpx:hr>152</gpxtpx:hr>
          </gpxtpx:TrackPointExtension>
        </extensions>
      </trkpt>
      <trkpt lat="40.00041919755804" lon="116.4389817232927">
        <ele>43.828916523605585</ele>
        <time>1970-01-01T00:12:08.900000Z</time>
        <extensions>
          <gpxtpx:TrackPointExtension>
            <gpxtpx:hr>152</gpxtpx:hr>
          </gpxtpx:TrackPointExtension>
        </extensions>
      </trkpt>
      <trkpt lat="40.00043967495684" lon="116.43896475766219">
        <ele>43.856064507737756</ele>
        <time>1970-01-01T00:12:09.900000Z</time>
        <extensions>
          <gpxtpx:TrackPointExtension>
            <gpxtpx:hr>152</gpxtpx:hr>
          </gpxtpx:TrackPointExtension>
        </extensions>
      </trkpt>
      <trkpt lat="40.00046131221461" lon="116.4389506904223">
        <ele>43.8794065406546</ele>
        <time>1970-01-01T00:12:10.900000Z</time>
        <extensions>
          <gpxtpx:TrackPointExtension>
            <gpxtpx:hr>152</gpxtpx:hr>
          </gpxtpx:TrackPointExtension>
        </extensions>
      </trkpt>
      <trkpt lat="40.00048335620494" lon="116.43893907390596">
        <ele>43.90110835433006</ele>
        <time>1970-01-01T00:12:11.900000Z</time>
        <extensions>
          <gpxtpx:TrackPointExtension>
            <gpxtpx:hr>151</gpxtpx:hr>
          </gpxtpx:TrackPointExtension>
        </extensions>
      </trkpt>
      <trkpt lat="40.000505604489646" lon="116.43892928145561">
        <ele>43.92204483319074</ele>
        <time>1970-01-01T00:12:12.900000Z</time>
        <extensions>
          <gpxtpx:TrackPointExtension>
            <gpxtpx:hr>151</gpxtpx:hr>
          </gpxtpx:TrackPointExtension>
        </extensions>
      </trkpt>
      <trkpt lat="40.00052794732603" lon="116.43892043800943">
        <ele>43.94161670934409</ele>
        <time>1970-01-01T00:12:13.900000Z</time>
        <extensions>
          <gpxtpx:TrackPointExtension>
            <gpxtpx:hr>151</gpxtpx:hr>
          </gpxtpx:TrackPointExtension>
        </extensions>
      </trkpt>
      <trkpt lat="40.00055014334478" lon="116.43891176427198">
        <ele>43.95802207570523</ele>
        <time>1970-01-01T00:12:14.900000Z</time>
        <extensions>
          <gpxtpx:TrackPointExtension>
            <gpxtpx:hr>153</gpxtpx:hr>
          </gpxtpx:TrackPointExtension>
        </extensions>
      </trkpt>
      <trkpt lat="40.00057240209223" lon="116.4389025873295">
        <ele>43.96907239500433</ele>
        <time>1970-01-01T00:12:15.900000Z</time>
        <extensions>
          <gpxtpx:TrackPointExtension>
            <gpxtpx:hr>153</gpxtpx:hr>
          </gpxtpx:TrackPointExtension>
        </extensions>
      </trkpt>
      <trkpt lat="40.000595142485246" lon="116.4388925181478">
        <ele>43.97322733793408</ele>
        <time>1970-01-01T00:12:16.900000Z</time>
        <extensions>
          <gpxtpx:TrackPointExtension>
            <gpxtpx:hr>153</gpxtpx:hr>
          </gpxtpx:TrackPointExtension>
        </extensions>
      </trkpt>
      <trkpt lat="40.00061828606888" lon="116.43888169810816">
        <ele>43.970718554221094</ele>
        <time>1970-01-01T00:12:17.900000Z</time>
        <extensions>
          <gpxtpx:TrackPointExtension>
            <gpxtpx:hr>153</gpxtpx:hr>
          </gpxtpx:TrackPointExtension>
        </extensions>
      </trkpt>
      <trkpt lat="40.000642286526215" lon="116.43887017150783">
        <ele>43.964574286714196</ele>
        <time>1970-01-01T00:12:18.900000Z</time>
        <extensions>
          <gpxtpx:TrackPointExtension>
            <gpxtpx:hr>153</gpxtpx:hr>
          </gpxtpx:TrackPointExtension>
        </extensions>
      </trkpt>
      <trkpt lat="40.00066475111499" lon="116.43885938636154">
        <ele>43.96084936335683</ele>
        <time>1970-01-01T00:12:19.900000Z</time>
        <extensions>
          <gpxtpx:TrackPointExtension>
            <gpxtpx:hr>150</gpxtpx:hr>
          </gpxtpx:TrackPointExtension>
        </extensions>
      </trkpt>
      <trkpt lat="40.00068640053834" lon="116.4388492019201">
        <ele>43.96388531383127</ele>
        <time>1970-01-01T00:12:20.900000Z</time>
        <extensions>
          <gpxtpx:TrackPointExtension>
            <gpxtpx:hr>150</gpxtpx:hr>
          </gpxtpx:TrackPointExtension>
        </extensions>
      </trkpt>
      <trkpt lat="40.00070744443167" lon="116.43883968161488">
        <ele>43.97559567540884</ele>
        <time>1970-01-01T00:12:21.900000Z</time>
        <extensions>
          <gpxtpx:TrackPointExtension>
            <gpxtpx:hr>150</gpxtpx:hr>
          </gpxtpx:TrackPointExtension>
        </extensions>
      </trkpt>
      <trkpt lat="40.00072830475376" lon="116.43883066595755">
        <ele>43.99520715512335</ele>
        <time>1970-01-01T00:12:22.900000Z</time>
        <extensions>
          <gpxtpx:TrackPointExtension>
            <gpxtpx:hr>150</gpxtpx:hr>
          </gpxtpx:TrackPointExtension>
        </extensions>
      </trkpt>
      <trkpt lat="40.00074853050588" lon="116.4388222292362">
        <ele>44.018165986053646</ele>
        <time>1970-01-01T00:12:23.900000Z</time>
        <extensions>
          <gpxtpx:TrackPointExtension>
            <gpxtpx:hr>150</gpxtpx:hr>
          </gpxtpx:TrackPointExtension>
        </extensions>
      </trkpt>
      <trkpt lat="40.00077051655677" lon="116.43881337811158">
        <ele>44.04219644051045</ele>
        <time>1970-01-01T00:12:24.900000Z</time>
        <extensions>
          <gpxtpx:TrackPointExtension>
            <gpxtpx:hr>150</gpxtpx:hr>
          </gpxtpx:TrackPointExtension>
        </extensions>
      </trkpt>
      <trkpt lat="40.000793441073746" lon="116.43880464241472">
        <ele>44.063297890126705</ele>
        <time>1970-01-01T00:12:25.900000Z</time>
        <extensions>
          <gpxtpx:TrackPointExtension>
            <gpxtpx:hr>151</gpxtpx:hr>
          </gpxtpx:TrackPointExtension>
        </extensions>
      </trkpt>
      <trkpt lat="40.0008170964146" lon="116.43879627927228">
        <ele>44.080404879525304</ele>
        <time>1970-01-01T00:12:26.900000Z</time>
        <extensions>
          <gpxtpx:TrackPointExtension>
            <gpxtpx:hr>151</gpxtpx:hr>
          </gpxtpx:TrackPointExtension>
        </extensions>
      </trkpt>
      <trkpt lat="40.00084137084674" lon="116.43878849610991">
        <ele>44.09366827365011</ele>
        <time>1970-01-01T00:12:27.900000Z</time>
        <extensions>
          <gpxtpx:TrackPointExtension>
            <gpxtpx:hr>151</gpxtpx:hr>
          </gpxtpx:TrackPointExtension>
        </extensions>
      </trkpt>
      <trkpt lat="40.00086621321614" lon="116.43878136844826">
        <ele>44.10367614869028</ele>
        <time>1970-01-01T00:12:28.900000Z</time>
        <extensions>
          <gpxtpx:TrackPointExtension>
            <gpxtpx:hr>151</gpxtpx:hr>
          </gpxtpx:TrackPointExtension>
        </extensions>
      </trkpt>
      <trkpt lat="40.000891503262224" lon="116.4387748963068">
        <ele>44.11094090715051</ele>
        <time>1970-01-01T00:12:29.900000Z</time>
        <extensions>
          <gpxtpx:TrackPointExtension>
            <gpxtpx:hr>152</gpxtpx:hr>
          </gpxtpx:TrackPointExtension>
        </extensions>
      </trkpt>
      <trkpt lat="40.00091712372275" lon="116.43876891606024">
        <ele>44.11575811728835</ele>
        <time>1970-01-01T00:12:30.900000Z</time>
        <extensions>
          <gpxtpx:TrackPointExtension>
            <gpxtpx:hr>152</gpxtpx:hr>
          </gpxtpx:TrackPointExtension>
        </extensions>
      </trkpt>
      <trkpt lat="40.00094308612998" lon="116.4387630314124">
        <ele>44.118236421607435</ele>
        <time>1970-01-01T00:12:31.900000Z</time>
        <extensions>
          <gpxtpx:TrackPointExtension>
            <gpxtpx:hr>152</gpxtpx:hr>
          </gpxtpx:TrackPointExtension>
        </extensions>
      </trkpt>
      <trkpt lat="40.000969289286296" lon="116.43875690959331">
        <ele>44.11832231748849</ele>
        <time>1970-01-01T00:12:32.900000Z</time>
        <extensions>
          <gpxtpx:TrackPointExtension>
            <gpxtpx:hr>152</gpxtpx:hr>
          </gpxtpx:TrackPointExtension>
        </extensions>
      </trkpt>
      <trkpt lat="40.000995382755974" lon="116.43875055453637">
        <ele>44.11582156363875</ele>
        <time>1970-01-01T00:12:33.900000Z</time>
        <extensions>
          <gpxtpx:TrackPointExtension>
            <gpxtpx:hr>152</gpxtpx:hr>
          </gpxtpx:TrackPointExtension>
        </extensions>
      </trkpt>
      <trkpt lat="40.00102113406344" lon="116.43874417925845">
        <ele>44.110361696220934</ele>
        <time>1970-01-01T00:12:34.900000Z</time>
        <extensions>
          <gpxtpx:TrackPointExtension>
            <gpxtpx:hr>152</gpxtpx:hr>
          </gpxtpx:TrackPointExtension>
        </extensions>
      </trkpt>
      <trkpt lat="40.00104656449576" lon="116.43873770020484">
        <ele>44.10125317890197</ele>
        <time>1970-01-01T00:12:35.900000Z</time>
        <extensions>
          <gpxtpx:TrackPointExtension>
            <gpxtpx:hr>154</gpxtpx:hr>
          </gpxtpx:TrackPointExtension>
        </extensions>
      </trkpt>
      <trkpt lat="40.00107166660745" lon="116.43873061141962">
        <ele>44.08731653727591</ele>
        <time>1970-01-01T00:12:36.900000Z</time>
        <extensions>
          <gpxtpx:TrackPointExtension>
            <gpxtpx:hr>154</gpxtpx:hr>
          </gpxtpx:TrackPointExtension>
        </extensions>
      </trkpt>
      <trkpt lat="40.001096399800495" lon="116.43872240218667">
        <ele>44.06683776434511</ele>
        <time>1970-01-01T00:12:37.900000Z</time>
        <extensions>
          <gpxtpx:TrackPointExtension>
            <gpxtpx:hr>154</gpxtpx:hr>
          </gpxtpx:TrackPointExtension>
        </extensions>
      </trkpt>
      <trkpt lat="40.001120698744266" lon="116.43871262110459">
        <ele>44.03764691017568</ele>
        <time>1970-01-01T00:12:38.900000Z</time>
        <extensions>
          <gpxtpx:TrackPointExtension>
            <gpxtpx:hr>154</gpxtpx:hr>
          </gpxtpx:TrackPointExtension>
        </extensions>
      </trkpt>
      <trkpt lat="40.00114436705386" lon="116.43870103044557">
        <ele>43.997355190105736</ele>
        <time>1970-01-01T00:12:39.900000Z</time>
        <extensions>
          <gpxtpx:TrackPointExtension>
            <gpxtpx:hr>154</gpxtpx:hr>
          </gpxtpx:TrackPointExtension>
        </extensions>
      </trkpt>
      <trkpt lat="40.001167080518" lon="116.4386875760453">
        <ele>43.943446164019406</ele>
        <time>1970-01-01T00:12:40.900000Z</time>
        <extensions>
          <gpxtpx:TrackPointExtension>
            <gpxtpx:hr>154</gpxtpx:hr>
          </gpxtpx:TrackPointExtension>
        </extensions>
      </trkpt>
      <trkpt lat="40.00118847381378" lon="116.438671922522">
        <ele>43.87374437134713</ele>
        <time>1970-01-01T00:12:41.900000Z</time>
        <extensions>
          <gpxtpx:TrackPointExtension>
            <gpxtpx:hr>154</gpxtpx:hr>
          </gpxtpx:TrackPointExtension>
        </extensions>
      </trkpt>
      <trkpt lat="40.001208309810515" lon="116.43865353073095">
        <ele>43.78701023571193</ele>
        <time>1970-01-01T00:12:42.900000Z</time>
        <extensions>
          <gpxtpx:TrackPointExtension>
            <gpxtpx:hr>151</gpxtpx:hr>
          </gpxtpx:TrackPointExtension>
        </extensions>
      </trkpt>
      <trkpt lat="40.001226621186" lon="116.43863208350383">
        <ele>43.683873197995126</ele>
        <time>1970-01-01T00:12:43.900000Z</time>
        <extensions>
          <gpxtpx:TrackPointExtension>
            <gpxtpx:hr>151</gpxtpx:hr>
          </gpxtpx:TrackPointExtension>
        </extensions>
      </trkpt>
      <trkpt lat="40.00124461663659" lon="116.43860691583271">
        <ele>43.56137035600841</ele>
        <time>1970-01-01T00:12:45Z</time>
        <extensions>
          <gpxtpx:TrackPointExtension>
            <gpxtpx:hr>151</gpxtpx:hr>
          </gpxtpx:TrackPointExtension>
        </extensions>
      </trkpt>
      <trkpt lat="40.00126082756007" lon="116.43858198127926">
        <ele>43.43930507823825</ele>
        <time>1970-01-01T00:12:46Z</time>
        <extensions>
          <gpxtpx:TrackPointExtension>
            <gpxtpx:hr>151</gpxtpx:hr>
          </gpxtpx:TrackPointExtension>
        </extensions>
      </trkpt>
      <trkpt lat="40.00127680924288" lon="116.4385573838521">
        <ele>43.31785169802606</ele>
        <time>1970-01-01T00:12:47Z</time>
        <extensions>
          <gpxtpx:TrackPointExtension>
            <gpxtpx:hr>151</gpxtpx:hr>
          </gpxtpx:TrackPointExtension>
        </extensions>
      </trkpt>
      <trkpt lat="40.00129326945609" lon="116.43853410385358">
        <ele>43.20111126545817</ele>
        <time>1970-01-01T00:12:48Z</time>
        <extensions>
          <gpxtpx:TrackPointExtension>
            <gpxtpx:hr>151</gpxtpx:hr>
          </gpxtpx:TrackPointExtension>
        </extensions>
      </trkpt>
      <trkpt lat="40.001311057938175" lon="116.4385129317083">
        <ele>43.0919681256637</ele>
        <time>1970-01-01T00:12:49Z</time>
        <extensions>
          <gpxtpx:TrackPointExtension>
            <gpxtpx:hr>151</gpxtpx:hr>
          </gpxtpx:TrackPointExtension>
        </extensions>
      </trkpt>
      <trkpt lat="40.00133075837469" lon="116.43849435847714">
        <ele>42.99249002896249</ele>
        <time>1970-01-01T00:12:50Z</time>
        <extensions>
          <gpxtpx:TrackPointExtension>
            <gpxtpx:hr>151</gpxtpx:hr>
          </gpxtpx:TrackPointExtension>
        </extensions>
      </trkpt>
      <trkpt lat="40.00135243483265" lon="116.43847828396834">
        <ele>42.904110537841916</ele>
        <time>1970-01-01T00:12:51Z</time>
        <extensions>
          <gpxtpx:TrackPointExtension>
            <gpxtpx:hr>152</gpxtpx:hr>
          </gpxtpx:TrackPointExtension>
        </extensions>
      </trkpt>
      <trkpt lat="40.00137553715055" lon="116.43846477928162">
        <ele>42.82749683689326</ele>
        <time>1970-01-01T00:12:52Z</time>
        <extensions>
          <gpxtpx:TrackPointExtension>
            <gpxtpx:hr>152</gpxtpx:hr>
          </gpxtpx:TrackPointExtension>
        </extensions>
      </trkpt>
      <trkpt lat="40.00139911387994" lon="116.43845368630963">
        <ele>42.762401196174324</ele>
        <time>1970-01-01T00:12:53Z</time>
        <extensions>
          <gpxtpx:TrackPointExtension>
            <gpxtpx:hr>152</gpxtpx:hr>
          </gpxtpx:TrackPointExtension>
        </extensions>
      </trkpt>
      <trkpt lat="40.00142263268561" lon="116.43844447296195">
        <ele>42.70800062455237</ele>
        <time>1970-01-01T00:12:54Z</time>
        <extensions>
          <gpxtpx:TrackPointExtension>
            <gpxtpx:hr>152</gpxtpx:hr>
          </gpxtpx:TrackPointExtension>
        </extensions>
      </trkpt>
      <trkpt lat="40.00144612112301" lon="116.43843674744055">
        <ele>42.663424629718065</ele>
        <time>1970-01-01T00:12:55Z</time>
        <extensions>
          <gpxtpx:TrackPointExtension>
            <gpxtpx:hr>152</gpxtpx:hr>
          </gpxtpx:TrackPointExtension>
        </extensions>
      </trkpt>
      <trkpt lat="40.001469698962296" lon="116.4384302900727">
        <ele>42.627827818505466</ele>
        <time>1970-01-01T00:12:56Z</time>
        <extensions>
          <gpxtpx:TrackPointExtension>
            <gpxtpx:hr>152</gpxtpx:hr>
          </gpxtpx:TrackPointExtension>
        </extensions>
      </trkpt>
      <trkpt lat="40.001493512007826" lon="116.43842479646085">
        <ele>42.60031173657626</ele>
        <time>1970-01-01T00:12:57Z</time>
        <extensions>
          <gpxtpx:TrackPointExtension>
            <gpxtpx:hr>152</gpxtpx:hr>
          </gpxtpx:TrackPointExtension>
        </extensions>
      </trkpt>
      <trkpt lat="40.00151767258061" lon="116.43842002568731">
        <ele>42.57972648087889</ele>
        <time>1970-01-01T00:12:58Z</time>
        <extensions>
          <gpxtpx:TrackPointExtension>
            <gpxtpx:hr>152</gpxtpx:hr>
          </gpxtpx:TrackPointExtension>
        </extensions>
      </trkpt>
      <trkpt lat="40.00154230309609" lon="116.43841570794712">
        <ele>42.56471205409616</ele>
        <time>1970-01-01T00:12:59Z</time>
        <extensions>
          <gpxtpx:TrackPointExtension>
            <gpxtpx:hr>152</gpxtpx:hr>
          </gpxtpx:TrackPointExtension>
        </extensions>
      </trkpt>
      <trkpt lat="40.00156734191165" lon="116.43841163799397">
        <ele>42.553775154054165</ele>
        <time>1970-01-01T00:13:00Z</time>
        <extensions>
          <gpxtpx:TrackPointExtension>
            <gpxtpx:hr>152</gpxtpx:hr>
          </gpxtpx:TrackPointExtension>
        </extensions>
      </trkpt>
      <trkpt lat="40.00159259306798" lon="116.43840775054247">
        <ele>42.54496452771127</ele>
        <time>1970-01-01T00:13:01Z</time>
        <extensions>
          <gpxtpx:TrackPointExtension>
            <gpxtpx:hr>151</gpxtpx:hr>
          </gpxtpx:TrackPointExtension>
        </extensions>
      </trkpt>
      <trkpt lat="40.00161794567744" lon="116.43840400612845">
        <ele>42.53774956334382</ele>
        <time>1970-01-01T00:13:02Z</time>
        <extensions>
          <gpxtpx:TrackPointExtension>
            <gpxtpx:hr>151</gpxtpx:hr>
          </gpxtpx:TrackPointExtension>
        </extensions>
      </trkpt>
      <trkpt lat="40.00164350078497" lon="116.4384002706171">
        <ele>42.53118478599936</ele>
        <time>1970-01-01T00:13:03Z</time>
        <extensions>
          <gpxtpx:TrackPointExtension>
            <gpxtpx:hr>151</gpxtpx:hr>
          </gpxtpx:TrackPointExtension>
        </extensions>
      </trkpt>
      <trkpt lat="40.00166935792173" lon="116.43839644439971">
        <ele>42.52490299940109</ele>
        <time>1970-01-01T00:13:04Z</time>
        <extensions>
          <gpxtpx:TrackPointExtension>
            <gpxtpx:hr>151</gpxtpx:hr>
          </gpxtpx:TrackPointExtension>
        </extensions>
      </trkpt>
      <trkpt lat="40.001695323314145" lon="116.43839250917067">
        <ele>42.51878710370511</ele>
        <time>1970-01-01T00:13:05Z</time>
        <extensions>
          <gpxtpx:TrackPointExtension>
            <gpxtpx:hr>151</gpxtpx:hr>
          </gpxtpx:TrackPointExtension>
        </extensions>
      </trkpt>
      <trkpt lat="40.001721140064085" lon="116.43838845298622">
        <ele>42.5128106623888</ele>
        <time>1970-01-01T00:13:06Z</time>
        <extensions>
          <gpxtpx:TrackPointExtension>
            <gpxtpx:hr>151</gpxtpx:hr>
          </gpxtpx:TrackPointExtension>
        </extensions>
      </trkpt>
      <trkpt lat="40.001746643527596" lon="116.43838422911519">
        <ele>42.50703211966902</ele>
        <time>1970-01-01T00:13:07Z</time>
        <extensions>
          <gpxtpx:TrackPointExtension>
            <gpxtpx:hr>151</gpxtpx:hr>
          </gpxtpx:TrackPointExtension>
        </extensions>
      </trkpt>
      <trkpt lat="40.00177184169696" lon="116.43837979801474">
        <ele>42.50168533809483</ele>
        <time>1970-01-01T00:13:08Z</time>
        <extensions>
          <gpxtpx:TrackPointExtension>
            <gpxtpx:hr>151</gpxtpx:hr>
          </gpxtpx:TrackPointExtension>
        </extensions>
      </trkpt>
      <trkpt lat="40.001796602005214" lon="116.43837539012476">
        <ele>42.497254990041256</ele>
        <time>1970-01-01T00:13:09Z</time>
        <extensions>
          <gpxtpx:TrackPointExtension>
            <gpxtpx:hr>151</gpxtpx:hr>
          </gpxtpx:TrackPointExtension>
        </extensions>
      </trkpt>
      <trkpt lat="40.001820707205155" lon="116.43837138012455">
        <ele>42.49473265465349</ele>
        <time>1970-01-01T00:13:10Z</time>
        <extensions>
          <gpxtpx:TrackPointExtension>
            <gpxtpx:hr>151</gpxtpx:hr>
          </gpxtpx:TrackPointExtension>
        </extensions>
      </trkpt>
      <trkpt lat="40.001844408796" lon="116.43836784981671">
        <ele>42.49528142530471</ele>
        <time>1970-01-01T00:13:11Z</time>
        <extensions>
          <gpxtpx:TrackPointExtension>
            <gpxtpx:hr>151</gpxtpx:hr>
          </gpxtpx:TrackPointExtension>
        </extensions>
      </trkpt>
      <trkpt lat="40.00186819159299" lon="116.43836447648187">
        <ele>42.4995305351913</ele>
        <time>1970-01-01T00:13:12Z</time>
        <extensions>
          <gpxtpx:TrackPointExtension>
            <gpxtpx:hr>151</gpxtpx:hr>
          </gpxtpx:TrackPointExtension>
        </extensions>
      </trkpt>
      <trkpt lat="40.00189234991071" lon="116.43836088409012">
        <ele>42.5075505040586</ele>
        <time>1970-01-01T00:13:13Z</time>
        <extensions>
          <gpxtpx:TrackPointExtension>
            <gpxtpx:hr>151</gpxtpx:hr>
          </gpxtpx:TrackPointExtension>
        </extensions>
      </trkpt>
      <trkpt lat="40.00191693263652" lon="116.43835695111288">
        <ele>42.519169356673956</ele>
        <time>1970-01-01T00:13:14Z</time>
        <extensions>
          <gpxtpx:TrackPointExtension>
            <gpxtpx:hr>151</gpxtpx:hr>
          </gpxtpx:TrackPointExtension>
        </extensions>
      </trkpt>
      <trkpt lat="40.001941853194225" lon="116.43835268206553">
        <ele>42.53419846110046</ele>
        <time>1970-01-01T00:13:15Z</time>
        <extensions>
          <gpxtpx:TrackPointExtension>
            <gpxtpx:hr>151</gpxtpx:hr>
          </gpxtpx:TrackPointExtension>
        </extensions>
      </trkpt>
      <trkpt lat="40.001966785387005" lon="116.43834824318864">
        <ele>42.552559717558324</ele>
        <time>1970-01-01T00:13:16Z</time>
        <extensions>
          <gpxtpx:TrackPointExtension>
            <gpxtpx:hr>153</gpxtpx:hr>
          </gpxtpx:TrackPointExtension>
        </extensions>
      </trkpt>
      <trkpt lat="40.001991335747995" lon="116.43834373649727">
        <ele>42.57444042991847</ele>
        <time>1970-01-01T00:13:17Z</time>
        <extensions>
          <gpxtpx:TrackPointExtension>
            <gpxtpx:hr>153</gpxtpx:hr>
          </gpxtpx:TrackPointExtension>
        </extensions>
      </trkpt>
      <trkpt lat="40.00201553853343" lon="116.43833907997988">
        <ele>42.60024133697152</ele>
        <time>1970-01-01T00:13:18Z</time>
        <extensions>
          <gpxtpx:TrackPointExtension>
            <gpxtpx:hr>153</gpxtpx:hr>
          </gpxtpx:TrackPointExtension>
        </extensions>
      </trkpt>
      <trkpt lat="40.00203990093842" lon="116.43833425255332">
        <ele>42.63019782397896</ele>
        <time>1970-01-01T00:13:19Z</time>
        <extensions>
          <gpxtpx:TrackPointExtension>
            <gpxtpx:hr>153</gpxtpx:hr>
          </gpxtpx:TrackPointExtension>
        </extensions>
      </trkpt>
      <trkpt lat="40.00206477815006" lon="116.43832933611503">
        <ele>42.6642610905692</ele>
        <time>1970-01-01T00:13:20Z</time>
        <extensions>
          <gpxtpx:TrackPointExtension>
            <gpxtpx:hr>153</gpxtpx:hr>
          </gpxtpx:TrackPointExtension>
        </extensions>
      </trkpt>
      <trkpt lat="40.00208999410345" lon="116.43832445188507">
        <ele>42.70225633587688</ele>
        <time>1970-01-01T00:13:21Z</time>
        <extensions>
          <gpxtpx:TrackPointExtension>
            <gpxtpx:hr>153</gpxtpx:hr>
          </gpxtpx:TrackPointExtension>
        </extensions>
      </trkpt>
      <trkpt lat="40.002115199808415" lon="116.43831965272557">
        <ele>42.74387960880995</ele>
        <time>1970-01-01T00:13:22Z</time>
        <extensions>
          <gpxtpx:TrackPointExtension>
            <gpxtpx:hr>154</gpxtpx:hr>
          </gpxtpx:TrackPointExtension>
        </extensions>
      </trkpt>
      <trkpt lat="40.00214003955" lon="116.4383149598473">
        <ele>42.7885881094262</ele>
        <time>1970-01-01T00:13:23Z</time>
        <extensions>
          <gpxtpx:TrackPointExtension>
            <gpxtpx:hr>154</gpxtpx:hr>
          </gpxtpx:TrackPointExtension>
        </extensions>
      </trkpt>
      <trkpt lat="40.00216449645995" lon="116.43831040687056">
        <ele>42.835559516213834</ele>
        <time>1970-01-01T00:13:24Z</time>
        <extensions>
          <gpxtpx:TrackPointExtension>
            <gpxtpx:hr>154</gpxtpx:hr>
          </gpxtpx:TrackPointExtension>
        </extensions>
      </trkpt>
      <trkpt lat="40.00218884856122" lon="116.43830605667267">
        <ele>42.88372761197388</ele>
        <time>1970-01-01T00:13:25Z</time>
        <extensions>
          <gpxtpx:TrackPointExtension>
            <gpxtpx:hr>154</gpxtpx:hr>
          </gpxtpx:TrackPointExtension>
        </extensions>
      </trkpt>
      <trkpt lat="40.002213283722206" lon="116.43830199288901">
        <ele>42.931721347384155</ele>
        <time>1970-01-01T00:13:26Z</time>
        <extensions>
          <gpxtpx:TrackPointExtension>
            <gpxtpx:hr>154</gpxtpx:hr>
          </gpxtpx:TrackPointExtension>
        </extensions>
      </trkpt>
      <trkpt lat="40.00223771625481" lon="116.43829817011192">
        <ele>42.977886526845396</ele>
        <time>1970-01-01T00:13:27Z</time>
        <extensions>
          <gpxtpx:TrackPointExtension>
            <gpxtpx:hr>154</gpxtpx:hr>
          </gpxtpx:TrackPointExtension>
        </extensions>
      </trkpt>
      <trkpt lat="40.00226181243822" lon="116.43829460520263">
        <ele>43.02008034661412</ele>
        <time>1970-01-01T00:13:28Z</time>
        <extensions>
          <gpxtpx:TrackPointExtension>
            <gpxtpx:hr>154</gpxtpx:hr>
          </gpxtpx:TrackPointExtension>
        </extensions>
      </trkpt>
      <trkpt lat="40.00228351189445" lon="116.4382915239856">
        <ele>43.053354032337666</ele>
        <time>1970-01-01T00:13:28.900000Z</time>
        <extensions>
          <gpxtpx:TrackPointExtension>
            <gpxtpx:hr>154</gpxtpx:hr>
          </gpxtpx:TrackPointExtension>
        </extensions>
      </trkpt>
      <trkpt lat="40.00230681044255" lon="116.43828792152256">
        <ele>43.081259079277515</ele>
        <time>1970-01-01T00:13:29.900000Z</time>
        <extensions>
          <gpxtpx:TrackPointExtension>
            <gpxtpx:hr>154</gpxtpx:hr>
          </gpxtpx:TrackPointExtension>
        </extensions>
      </trkpt>
      <trkpt lat="40.002330211236114" lon="116.4382837052666">
        <ele>43.09985897317529</ele>
        <time>1970-01-01T00:13:30.900000Z</time>
        <extensions>
          <gpxtpx:TrackPointExtension>
            <gpxtpx:hr>154</gpxtpx:hr>
          </gpxtpx:TrackPointExtension>
        </extensions>
      </trkpt>
      <trkpt lat="40.00235390419063" lon="116.43827873245169">
        <ele>43.110678343102336</ele>
        <time>1970-01-01T00:13:31.900000Z</time>
        <extensions>
          <gpxtpx:TrackPointExtension>
            <gpxtpx:hr>154</gpxtpx:hr>
          </gpxtpx:TrackPointExtension>
        </extensions>
      </trkpt>
      <trkpt lat="40.00237794254729" lon="116.43827318393512">
        <ele>43.11648336797953</ele>
        <time>1970-01-01T00:13:32.900000Z</time>
        <extensions>
          <gpxtpx:TrackPointExtension>
            <gpxtpx:hr>156</gpxtpx:hr>
          </gpxtpx:TrackPointExtension>
        </extensions>
      </trkpt>
      <trkpt lat="40.00240235836641" lon="116.4382673810263">
        <ele>43.12061164341867</ele>
        <time>1970-01-01T00:13:33.900000Z</time>
        <extensions>
          <gpxtpx:TrackPointExtension>
            <gpxtpx:hr>156</gpxtpx:hr>
          </gpxtpx:TrackPointExtension>
        </extensions>
      </trkpt>
      <trkpt lat="40.00242710748114" lon="116.43826153855429">
        <ele>43.12632011808455</ele>
        <time>1970-01-01T00:13:34.900000Z</time>
        <extensions>
          <gpxtpx:TrackPointExtension>
            <gpxtpx:hr>156</gpxtpx:hr>
          </gpxtpx:TrackPointExtension>
        </extensions>
      </trkpt>
      <trkpt lat="40.00245194981247" lon="116.43825584928321">
        <ele>43.13617668300867</ele>
        <time>1970-01-01T00:13:35.900000Z</time>
        <extensions>
          <gpxtpx:TrackPointExtension>
            <gpxtpx:hr>156</gpxtpx:hr>
          </gpxtpx:TrackPointExtension>
        </extensions>
      </trkpt>
      <trkpt lat="40.00247870506881" lon="116.43824967724585">
        <ele>43.15337621141225</ele>
        <time>1970-01-01T00:13:37Z</time>
        <extensions>
          <gpxtpx:TrackPointExtension>
            <gpxtpx:hr>156</gpxtpx:hr>
          </gpxtpx:TrackPointExtension>
        </extensions>
      </trkpt>
      <trkpt lat="40.002503298968605" lon="116.43824370132714">
        <ele>43.175471944734454</ele>
        <time>1970-01-01T00:13:38Z</time>
        <extensions>
          <gpxtpx:TrackPointExtension>
            <gpxtpx:hr>156</gpxtpx:hr>
          </gpxtpx:TrackPointExtension>
        </extensions>
      </trkpt>
      <trkpt lat="40.00252795444346" lon="116.43823738369625">
        <ele>43.20313728693873</ele>
        <time>1970-01-01T00:13:39Z</time>
        <extensions>
          <gpxtpx:TrackPointExtension>
            <gpxtpx:hr>156</gpxtpx:hr>
          </gpxtpx:TrackPointExtension>
        </extensions>
      </trkpt>
      <trkpt lat="40.00255267395458" lon="116.43823074296546">
        <ele>43.23621769994497</ele>
        <time>1970-01-01T00:13:40Z</time>
        <extensions>
          <gpxtpx:TrackPointExtension>
            <gpxtpx:hr>156</gpxtpx:hr>
          </gpxtpx:TrackPointExtension>
        </extensions>
      </trkpt>
      <trkpt lat="40.002577536679375" lon="116.4382239069774">
        <ele>43.27459853608161</ele>
        <time>1970-01-01T00:13:41Z</time>
        <extensions>
          <gpxtpx:TrackPointExtension>
            <gpxtpx:hr>154</gpxtpx:hr>
          </gpxtpx:TrackPointExtension>
        </extensions>
      </trkpt>
      <trkpt lat="40.0026025098228" lon="116.43821704997552">
        <ele>43.31819723919034</ele>
        <time>1970-01-01T00:13:42Z</time>
        <extensions>
          <gpxtpx:TrackPointExtension>
            <gpxtpx:hr>154</gpxtpx:hr>
          </gpxtpx:TrackPointExtension>
        </extensions>
      </trkpt>
      <trkpt lat="40.002627382999606" lon="116.43821038048439">
        <ele>43.366870453581214</ele>
        <time>1970-01-01T00:13:43Z</time>
        <extensions>
          <gpxtpx:TrackPointExtension>
            <gpxtpx:hr>154</gpxtpx:hr>
          </gpxtpx:TrackPointExtension>
        </extensions>
      </trkpt>
      <trkpt lat="40.002652038885984" lon="116.43820400828545">
        <ele>43.42034143023193</ele>
        <time>1970-01-01T00:13:44Z</time>
        <extensions>
          <gpxtpx:TrackPointExtension>
            <gpxtpx:hr>154</gpxtpx:hr>
          </gpxtpx:TrackPointExtension>
        </extensions>
      </trkpt>
      <trkpt lat="40.00267641683814" lon="116.43819787572482">
        <ele>43.47822331264615</ele>
        <time>1970-01-01T00:13:45Z</time>
        <extensions>
          <gpxtpx:TrackPointExtension>
            <gpxtpx:hr>154</gpxtpx:hr>
          </gpxtpx:TrackPointExtension>
        </extensions>
      </trkpt>
      <trkpt lat="40.00270032062517" lon="116.43819206790664">
        <ele>43.54012680333108</ele>
        <time>1970-01-01T00:13:46Z</time>
        <extensions>
          <gpxtpx:TrackPointExtension>
            <gpxtpx:hr>154</gpxtpx:hr>
          </gpxtpx:TrackPointExtension>
        </extensions>
      </trkpt>
      <trkpt lat="40.00272360886074" lon="116.43818657016159">
        <ele>43.60572883859277</ele>
        <time>1970-01-01T00:13:47Z</time>
        <extensions>
          <gpxtpx:TrackPointExtension>
            <gpxtpx:hr>152</gpxtpx:hr>
          </gpxtpx:TrackPointExtension>
        </extensions>
      </trkpt>
      <trkpt lat="40.002746262808806" lon="116.43818139576078">
        <ele>43.6747489804402</ele>
        <time>1970-01-01T00:13:48Z</time>
        <extensions>
          <gpxtpx:TrackPointExtension>
            <gpxtpx:hr>152</gpxtpx:hr>
          </gpxtpx:TrackPointExtension>
        </extensions>
      </trkpt>
      <trkpt lat="40.00276856342795" lon="116.43817681013999">
        <ele>43.74679850228131</ele>
        <time>1970-01-01T00:13:49Z</time>
        <extensions>
          <gpxtpx:TrackPointExtension>
            <gpxtpx:hr>152</gpxtpx:hr>
          </gpxtpx:TrackPointExtension>
        </extensions>
      </trkpt>
      <trkpt lat="40.00279093377998" lon="116.43817317550524">
        <ele>43.82122380565852</ele>
        <time>1970-01-01T00:13:50Z</time>
        <extensions>
          <gpxtpx:TrackPointExtension>
            <gpxtpx:hr>152</gpxtpx:hr>
          </gpxtpx:TrackPointExtension>
        </extensions>
      </trkpt>
      <trkpt lat="40.00281129412451" lon="116.43817085105115">
        <ele>43.89008286688477</ele>
        <time>1970-01-01T00:13:50.900000Z</time>
        <extensions>
          <gpxtpx:TrackPointExtension>
            <gpxtpx:hr>152</gpxtpx:hr>
          </gpxtpx:TrackPointExtension>
        </extensions>
      </trkpt>
      <trkpt lat="40.00283365637754" lon="116.43816887331408">
        <ele>43.96603831835091</ele>
        <time>1970-01-01T00:13:51.900000Z</time>
        <extensions>
          <gpxtpx:TrackPointExtension>
            <gpxtpx:hr>152</gpxtpx:hr>
          </gpxtpx:TrackPointExtension>
        </extensions>
      </trkpt>
      <trkpt lat="40.00285606348613" lon="116.43816702694212">
        <ele>44.04009025823325</ele>
        <time>1970-01-01T00:13:52.900000Z</time>
        <extensions>
          <gpxtpx:TrackPointExtension>
            <gpxtpx:hr>151</gpxtpx:hr>
          </gpxtpx:TrackPointExtension>
        </extensions>
      </trkpt>
      <trkpt lat="40.002878761396175" lon="116.43816503670446">
        <ele>44.10971039533615</ele>
        <time>1970-01-01T00:13:53.900000Z</time>
        <extensions>
          <gpxtpx:TrackPointExtension>
            <gpxtpx:hr>151</gpxtpx:hr>
          </gpxtpx:TrackPointExtension>
        </extensions>
      </trkpt>
      <trkpt lat="40.00290198521426" lon="116.43816275085807">
        <ele>44.17270812578499</ele>
        <time>1970-01-01T00:13:54.900000Z</time>
        <extensions>
          <gpxtpx:TrackPointExtension>
            <gpxtpx:hr>151</gpxtpx:hr>
          </gpxtpx:TrackPointExtension>
        </extensions>
      </trkpt>
      <trkpt lat="40.0029256465757" lon="116.43816004475684">
        <ele>44.227610697969794</ele>
        <time>1970-01-01T00:13:55.900000Z</time>
        <extensions>
          <gpxtpx:TrackPointExtension>
            <gpxtpx:hr>151</gpxtpx:hr>
          </gpxtpx:TrackPointExtension>
        </extensions>
      </trkpt>
      <trkpt lat="40.00294949256533" lon="116.43815701432455">
        <ele>44.27381777949631</ele>
        <time>1970-01-01T00:13:56.900000Z</time>
        <extensions>
          <gpxtpx:TrackPointExtension>
            <gpxtpx:hr>151</gpxtpx:hr>
          </gpxtpx:TrackPointExtension>
        </extensions>
      </trkpt>
      <trkpt lat="40.00297321523675" lon="116.43815379905858">
        <ele>44.311459303833544</ele>
        <time>1970-01-01T00:13:57.900000Z</time>
        <extensions>
          <gpxtpx:TrackPointExtension>
            <gpxtpx:hr>151</gpxtpx:hr>
          </gpxtpx:TrackPointExtension>
        </extensions>
      </trkpt>
      <trkpt lat="40.002996633555306" lon="116.43815042767908">
        <ele>44.34117349423468</ele>
        <time>1970-01-01T00:13:58.900000Z</time>
        <extensions>
          <gpxtpx:TrackPointExtension>
            <gpxtpx:hr>151</gpxtpx:hr>
          </gpxtpx:TrackPointExtension>
        </extensions>
      </trkpt>
      <trkpt lat="40.00301978834406" lon="116.4381467395282">
        <ele>44.363889192231</ele>
        <time>1970-01-01T00:13:59.900000Z</time>
        <extensions>
          <gpxtpx:TrackPointExtension>
            <gpxtpx:hr>151</gpxtpx:hr>
          </gpxtpx:TrackPointExtension>
        </extensions>
      </trkpt>
      <trkpt lat="40.00304287422509" lon="116.43814271776841">
        <ele>44.38062423747033</ele>
        <time>1970-01-01T00:14:00.900000Z</time>
        <extensions>
          <gpxtpx:TrackPointExtension>
            <gpxtpx:hr>151</gpxtpx:hr>
          </gpxtpx:TrackPointExtension>
        </extensions>
      </trkpt>
      <trkpt lat="40.00306602441416" lon="116.4381386612625">
        <ele>44.392438147217035</ele>
        <time>1970-01-01T00:14:01.900000Z</time>
        <extensions>
          <gpxtpx:TrackPointExtension>
            <gpxtpx:hr>151</gpxtpx:hr>
          </gpxtpx:TrackPointExtension>
        </extensions>
      </trkpt>
      <trkpt lat="40.003089142092676" lon="116.43813485507683">
        <ele>44.400545126758516</ele>
        <time>1970-01-01T00:14:02.900000Z</time>
        <extensions>
          <gpxtpx:TrackPointExtension>
            <gpxtpx:hr>151</gpxtpx:hr>
          </gpxtpx:TrackPointExtension>
        </extensions>
      </trkpt>
      <trkpt lat="40.00311423065101" lon="116.438131166288">
        <ele>44.40716797020286</ele>
        <time>1970-01-01T00:14:04Z</time>
        <extensions>
          <gpxtpx:TrackPointExtension>
            <gpxtpx:hr>151</gpxtpx:hr>
          </gpxtpx:TrackPointExtension>
        </extensions>
      </trkpt>
      <trkpt lat="40.003136789559015" lon="116.4381283867707">
        <ele>44.41323743388057</ele>
        <time>1970-01-01T00:14:05Z</time>
        <extensions>
          <gpxtpx:TrackPointExtension>
            <gpxtpx:hr>151</gpxtpx:hr>
          </gpxtpx:TrackPointExtension>
        </extensions>
      </trkpt>
      <trkpt lat="40.003159371671394" lon="116.43812617462109">
        <ele>44.421187731437385</ele>
        <time>1970-01-01T00:14:06Z</time>
        <extensions>
          <gpxtpx:TrackPointExtension>
            <gpxtpx:hr>152</gpxtpx:hr>
          </gpxtpx:TrackPointExtension>
        </extensions>
      </trkpt>
      <trkpt lat="40.003182341331545" lon="116.4381243878203">
        <ele>44.43205820582807</ele>
        <time>1970-01-01T00:14:07Z</time>
        <extensions>
          <gpxtpx:TrackPointExtension>
            <gpxtpx:hr>152</gpxtpx:hr>
          </gpxtpx:TrackPointExtension>
        </extensions>
      </trkpt>
      <trkpt lat="40.00320599239757" lon="116.4381227112999">
        <ele>44.44631419237703</ele>
        <time>1970-01-01T00:14:08Z</time>
        <extensions>
          <gpxtpx:TrackPointExtension>
            <gpxtpx:hr>152</gpxtpx:hr>
          </gpxtpx:TrackPointExtension>
        </extensions>
      </trkpt>
      <trkpt lat="40.00323026141273" lon="116.43812090699427">
        <ele>44.46394621487707</ele>
        <time>1970-01-01T00:14:09Z</time>
        <extensions>
          <gpxtpx:TrackPointExtension>
            <gpxtpx:hr>152</gpxtpx:hr>
          </gpxtpx:TrackPointExtension>
        </extensions>
      </trkpt>
      <trkpt lat="40.003254720264195" lon="116.43811893939014">
        <ele>44.48469670768827</ele>
        <time>1970-01-01T00:14:10Z</time>
        <extensions>
          <gpxtpx:TrackPointExtension>
            <gpxtpx:hr>152</gpxtpx:hr>
          </gpxtpx:TrackPointExtension>
        </extensions>
      </trkpt>
      <trkpt lat="40.00327905999014" lon="116.43811678921242">
        <ele>44.50823391228914</ele>
        <time>1970-01-01T00:14:11Z</time>
        <extensions>
          <gpxtpx:TrackPointExtension>
            <gpxtpx:hr>152</gpxtpx:hr>
          </gpxtpx:TrackPointExtension>
        </extensions>
      </trkpt>
      <trkpt lat="40.00330327341576" lon="116.43811436220287">
        <ele>44.53411545883864</ele>
        <time>1970-01-01T00:14:12Z</time>
        <extensions>
          <gpxtpx:TrackPointExtension>
            <gpxtpx:hr>152</gpxtpx:hr>
          </gpxtpx:TrackPointExtension>
        </extensions>
      </trkpt>
      <trkpt lat="40.00332726526564" lon="116.43811178026277">
        <ele>44.56156375724822</ele>
        <time>1970-01-01T00:14:13Z</time>
        <extensions>
          <gpxtpx:TrackPointExtension>
            <gpxtpx:hr>152</gpxtpx:hr>
          </gpxtpx:TrackPointExtension>
        </extensions>
      </trkpt>
      <trkpt lat="40.00335092288899" lon="116.4381092707879">
        <ele>44.58943722676486</ele>
        <time>1970-01-01T00:14:14Z</time>
        <extensions>
          <gpxtpx:TrackPointExtension>
            <gpxtpx:hr>152</gpxtpx:hr>
          </gpxtpx:TrackPointExtension>
        </extensions>
      </trkpt>
      <trkpt lat="40.00337178859999" lon="116.43810715035087">
        <ele>44.613589176908135</ele>
        <time>1970-01-01T00:14:14.900000Z</time>
        <extensions>
          <gpxtpx:TrackPointExtension>
            <gpxtpx:hr>152</gpxtpx:hr>
          </gpxtpx:TrackPointExtension>
        </extensions>
      </trkpt>
      <trkpt lat="40.00339502500013" lon="116.43810496107015">
        <ele>44.637864366173744</ele>
        <time>1970-01-01T00:14:15.900000Z</time>
        <extensions>
          <gpxtpx:TrackPointExtension>
            <gpxtpx:hr>152</gpxtpx:hr>
          </gpxtpx:TrackPointExtension>
        </extensions>
      </trkpt>
      <trkpt lat="40.00341853973991" lon="116.43810276334332">
        <ele>44.65733285341412</ele>
        <time>1970-01-01T00:14:16.900000Z</time>
        <extensions>
          <gpxtpx:TrackPointExtension>
            <gpxtpx:hr>151</gpxtpx:hr>
          </gpxtpx:TrackPointExtension>
        </extensions>
      </trkpt>
      <trkpt lat="40.003442448761774" lon="116.43810057631494">
        <ele>44.6703794663772</ele>
        <time>1970-01-01T00:14:17.900000Z</time>
        <extensions>
          <gpxtpx:TrackPointExtension>
            <gpxtpx:hr>151</gpxtpx:hr>
          </gpxtpx:TrackPointExtension>
        </extensions>
      </trkpt>
      <trkpt lat="40.00346665506715" lon="116.43809832514665">
        <ele>44.67588472273201</ele>
        <time>1970-01-01T00:14:18.900000Z</time>
        <extensions>
          <gpxtpx:TrackPointExtension>
            <gpxtpx:hr>151</gpxtpx:hr>
          </gpxtpx:TrackPointExtension>
        </extensions>
      </trkpt>
      <trkpt lat="40.00349111715174" lon="116.43809590221115">
        <ele>44.67327742278576</ele>
        <time>1970-01-01T00:14:19.900000Z</time>
        <extensions>
          <gpxtpx:TrackPointExtension>
            <gpxtpx:hr>151</gpxtpx:hr>
          </gpxtpx:TrackPointExtension>
        </extensions>
      </trkpt>
      <trkpt lat="40.00351586971138" lon="116.43809331109098">
        <ele>44.66252648178488</ele>
        <time>1970-01-01T00:14:20.900000Z</time>
        <extensions>
          <gpxtpx:TrackPointExtension>
            <gpxtpx:hr>151</gpxtpx:hr>
          </gpxtpx:TrackPointExtension>
        </extensions>
      </trkpt>
      <trkpt lat="40.0035435769642" lon="116.43809034685236">
        <ele>44.64134976360947</ele>
        <time>1970-01-01T00:14:22Z</time>
        <extensions>
          <gpxtpx:TrackPointExtension>
            <gpxtpx:hr>150</gpxtpx:hr>
          </gpxtpx:TrackPointExtension>
        </extensions>
      </trkpt>
      <trkpt lat="40.0035683508305" lon="116.43808736457267">
        <ele>44.61475410219282</ele>
        <time>1970-01-01T00:14:23Z</time>
        <extensions>
          <gpxtpx:TrackPointExtension>
            <gpxtpx:hr>150</gpxtpx:hr>
          </gpxtpx:TrackPointExtension>
        </extensions>
      </trkpt>
      <trkpt lat="40.003589832673605" lon="116.4380842214107">
        <ele>44.585773929953575</ele>
        <time>1970-01-01T00:14:23.900000Z</time>
        <extensions>
          <gpxtpx:TrackPointExtension>
            <gpxtpx:hr>150</gpxtpx:hr>
          </gpxtpx:TrackPointExtension>
        </extensions>
      </trkpt>
      <trkpt lat="40.00361321543506" lon="116.43807968007557">
        <ele>44.546596644446254</ele>
        <time>1970-01-01T00:14:24.900000Z</time>
        <extensions>
          <gpxtpx:TrackPointExtension>
            <gpxtpx:hr>150</gpxtpx:hr>
          </gpxtpx:TrackPointExtension>
        </extensions>
      </trkpt>
      <trkpt lat="40.00363850438028" lon="116.43807238107067">
        <ele>44.49466872308403</ele>
        <time>1970-01-01T00:14:26Z</time>
        <extensions>
          <gpxtpx:TrackPointExtension>
            <gpxtpx:hr>150</gpxtpx:hr>
          </gpxtpx:TrackPointExtension>
        </extensions>
      </trkpt>
      <trkpt lat="40.0036584072001" lon="116.43806441644631">
        <ele>44.4482541475445</ele>
        <time>1970-01-01T00:14:26.900000Z</time>
        <extensions>
          <gpxtpx:TrackPointExtension>
            <gpxtpx:hr>151</gpxtpx:hr>
          </gpxtpx:TrackPointExtension>
        </extensions>
      </trkpt>
      <trkpt lat="40.00368302756832" lon="116.43805096268927">
        <ele>44.38619969505817</ele>
        <time>1970-01-01T00:14:28Z</time>
        <extensions>
          <gpxtpx:TrackPointExtension>
            <gpxtpx:hr>151</gpxtpx:hr>
          </gpxtpx:TrackPointExtension>
        </extensions>
      </trkpt>
      <trkpt lat="40.003704817352855" lon="116.43803527206312">
        <ele>44.32908715400845</ele>
        <time>1970-01-01T00:14:29Z</time>
        <extensions>
          <gpxtpx:TrackPointExtension>
            <gpxtpx:hr>151</gpxtpx:hr>
          </gpxtpx:TrackPointExtension>
        </extensions>
      </trkpt>
      <trkpt lat="40.003725844391546" lon="116.43801678729993">
        <ele>44.2731103412807</ele>
        <time>1970-01-01T00:14:30Z</time>
        <extensions>
          <gpxtpx:TrackPointExtension>
            <gpxtpx:hr>151</gpxtpx:hr>
          </gpxtpx:TrackPointExtension>
        </extensions>
      </trkpt>
      <trkpt lat="40.00374557171649" lon="116.43799649969249">
        <ele>44.21941861975938</ele>
        <time>1970-01-01T00:14:31Z</time>
        <extensions>
          <gpxtpx:TrackPointExtension>
            <gpxtpx:hr>151</gpxtpx:hr>
          </gpxtpx:TrackPointExtension>
        </extensions>
      </trkpt>
      <trkpt lat="40.00376382408404" lon="116.43797514507803">
        <ele>44.16817527078092</ele>
        <time>1970-01-01T00:14:32Z</time>
        <extensions>
          <gpxtpx:TrackPointExtension>
            <gpxtpx:hr>151</gpxtpx:hr>
          </gpxtpx:TrackPointExtension>
        </extensions>
      </trkpt>
      <trkpt lat="40.00378063884943" lon="116.43795304226481">
        <ele>44.11893187183887</ele>
        <time>1970-01-01T00:14:33Z</time>
        <extensions>
          <gpxtpx:TrackPointExtension>
            <gpxtpx:hr>151</gpxtpx:hr>
          </gpxtpx:TrackPointExtension>
        </extensions>
      </trkpt>
      <trkpt lat="40.00379574659635" lon="116.43793028443476">
        <ele>44.07106486056</ele>
        <time>1970-01-01T00:14:34Z</time>
        <extensions>
          <gpxtpx:TrackPointExtension>
            <gpxtpx:hr>153</gpxtpx:hr>
          </gpxtpx:TrackPointExtension>
        </extensions>
      </trkpt>
      <trkpt lat="40.003809279861095" lon="116.43790676925877">
        <ele>44.02406054455787</ele>
        <time>1970-01-01T00:14:35Z</time>
        <extensions>
          <gpxtpx:TrackPointExtension>
            <gpxtpx:hr>153</gpxtpx:hr>
          </gpxtpx:TrackPointExtension>
        </extensions>
      </trkpt>
      <trkpt lat="40.00382133012461" lon="116.43788233910574">
        <ele>43.97776133194566</ele>
        <time>1970-01-01T00:14:36Z</time>
        <extensions>
          <gpxtpx:TrackPointExtension>
            <gpxtpx:hr>153</gpxtpx:hr>
          </gpxtpx:TrackPointExtension>
        </extensions>
      </trkpt>
      <trkpt lat="40.00383184714043" lon="116.43785699892581">
        <ele>43.93178937584162</ele>
        <time>1970-01-01T00:14:37Z</time>
        <extensions>
          <gpxtpx:TrackPointExtension>
            <gpxtpx:hr>153</gpxtpx:hr>
          </gpxtpx:TrackPointExtension>
        </extensions>
      </trkpt>
      <trkpt lat="40.00384095519864" lon="116.437830669653">
        <ele>43.88574480265379</ele>
        <time>1970-01-01T00:14:38Z</time>
        <extensions>
          <gpxtpx:TrackPointExtension>
            <gpxtpx:hr>153</gpxtpx:hr>
          </gpxtpx:TrackPointExtension>
        </extensions>
      </trkpt>
      <trkpt lat="40.00384852836216" lon="116.43780343758414">
        <ele>43.84027278237045</ele>
        <time>1970-01-01T00:14:39Z</time>
        <extensions>
          <gpxtpx:TrackPointExtension>
            <gpxtpx:hr>153</gpxtpx:hr>
          </gpxtpx:TrackPointExtension>
        </extensions>
      </trkpt>
      <trkpt lat="40.00385447072283" lon="116.43777544140916">
        <ele>43.795650312677026</ele>
        <time>1970-01-01T00:14:40Z</time>
        <extensions>
          <gpxtpx:TrackPointExtension>
            <gpxtpx:hr>153</gpxtpx:hr>
          </gpxtpx:TrackPointExtension>
        </extensions>
      </trkpt>
      <trkpt lat="40.00385883363861" lon="116.4377466045596">
        <ele>43.75177665427327</ele>
        <time>1970-01-01T00:14:41Z</time>
        <extensions>
          <gpxtpx:TrackPointExtension>
            <gpxtpx:hr>154</gpxtpx:hr>
          </gpxtpx:TrackPointExtension>
        </extensions>
      </trkpt>
      <trkpt lat="40.00386193382278" lon="116.43771753290699">
        <ele>43.70847661048174</ele>
        <time>1970-01-01T00:14:42Z</time>
        <extensions>
          <gpxtpx:TrackPointExtension>
            <gpxtpx:hr>154</gpxtpx:hr>
          </gpxtpx:TrackPointExtension>
        </extensions>
      </trkpt>
      <trkpt lat="40.00386407936641" lon="116.43768895205201">
        <ele>43.66524896211922</ele>
        <time>1970-01-01T00:14:43Z</time>
        <extensions>
          <gpxtpx:TrackPointExtension>
            <gpxtpx:hr>154</gpxtpx:hr>
          </gpxtpx:TrackPointExtension>
        </extensions>
      </trkpt>
      <trkpt lat="40.003865683588735" lon="116.43766053729205">
        <ele>43.62179893627763</ele>
        <time>1970-01-01T00:14:44Z</time>
        <extensions>
          <gpxtpx:TrackPointExtension>
            <gpxtpx:hr>154</gpxtpx:hr>
          </gpxtpx:TrackPointExtension>
        </extensions>
      </trkpt>
      <trkpt lat="40.003866935245334" lon="116.43763188684177">
        <ele>43.57791307941079</ele>
        <time>1970-01-01T00:14:45Z</time>
        <extensions>
          <gpxtpx:TrackPointExtension>
            <gpxtpx:hr>154</gpxtpx:hr>
          </gpxtpx:TrackPointExtension>
        </extensions>
      </trkpt>
      <trkpt lat="40.003868092884844" lon="116.43760323239474">
        <ele>43.5336043741554</ele>
        <time>1970-01-01T00:14:46Z</time>
        <extensions>
          <gpxtpx:TrackPointExtension>
            <gpxtpx:hr>155</gpxtpx:hr>
          </gpxtpx:TrackPointExtension>
        </extensions>
      </trkpt>
      <trkpt lat="40.003869248148725" lon="116.43757463468648">
        <ele>43.489389188587666</ele>
        <time>1970-01-01T00:14:47Z</time>
        <extensions>
          <gpxtpx:TrackPointExtension>
            <gpxtpx:hr>155</gpxtpx:hr>
          </gpxtpx:TrackPointExtension>
        </extensions>
      </trkpt>
      <trkpt lat="40.0038703487541" lon="116.43754572139656">
        <ele>43.44544040970504</ele>
        <time>1970-01-01T00:14:48Z</time>
        <extensions>
          <gpxtpx:TrackPointExtension>
            <gpxtpx:hr>155</gpxtpx:hr>
          </gpxtpx:TrackPointExtension>
        </extensions>
      </trkpt>
      <trkpt lat="40.00387128123922" lon="116.4375160417467">
        <ele>43.4029456358403</ele>
        <time>1970-01-01T00:14:49Z</time>
        <extensions>
          <gpxtpx:TrackPointExtension>
            <gpxtpx:hr>154</gpxtpx:hr>
          </gpxtpx:TrackPointExtension>
        </extensions>
      </trkpt>
      <trkpt lat="40.00387220297973" lon="116.43748536828315">
        <ele>43.36325934249908</ele>
        <time>1970-01-01T00:14:50Z</time>
        <extensions>
          <gpxtpx:TrackPointExtension>
            <gpxtpx:hr>154</gpxtpx:hr>
          </gpxtpx:TrackPointExtension>
        </extensions>
      </trkpt>
      <trkpt lat="40.00387340572834" lon="116.43745441881612">
        <ele>43.3282356467098</ele>
        <time>1970-01-01T00:14:51Z</time>
        <extensions>
          <gpxtpx:TrackPointExtension>
            <gpxtpx:hr>154</gpxtpx:hr>
          </gpxtpx:TrackPointExtension>
        </extensions>
      </trkpt>
      <trkpt lat="40.00387484339089" lon="116.437424119905">
        <ele>43.29825663100928</ele>
        <time>1970-01-01T00:14:52Z</time>
        <extensions>
          <gpxtpx:TrackPointExtension>
            <gpxtpx:hr>154</gpxtpx:hr>
          </gpxtpx:TrackPointExtension>
        </extensions>
      </trkpt>
      <trkpt lat="40.00387655687202" lon="116.43739468382664">
        <ele>43.294396546669304</ele>
        <time>1970-01-01T00:14:53Z</time>
        <extensions>
          <gpxtpx:TrackPointExtension>
            <gpxtpx:hr>154</gpxtpx:hr>
          </gpxtpx:TrackPointExtension>
        </extensions>
      </trkpt>
      <trkpt lat="40.00387852678227" lon="116.43736560472662">
        <ele>43.27763723768294</ele>
        <time>1970-01-01T00:14:54Z</time>
        <extensions>
          <gpxtpx:TrackPointExtension>
            <gpxtpx:hr>154</gpxtpx:hr>
          </gpxtpx:TrackPointExtension>
        </extensions>
      </trkpt>
      <trkpt lat="40.003880704079364" lon="116.43733646099943">
        <ele>43.263354159891605</ele>
        <time>1970-01-01T00:14:55Z</time>
        <extensions>
          <gpxtpx:TrackPointExtension>
            <gpxtpx:hr>154</gpxtpx:hr>
          </gpxtpx:TrackPointExtension>
        </extensions>
      </trkpt>
      <trkpt lat="40.00388303497439" lon="116.43730676720347">
        <ele>43.25229927804321</ele>
        <time>1970-01-01T00:14:56Z</time>
        <extensions>
          <gpxtpx:TrackPointExtension>
            <gpxtpx:hr>154</gpxtpx:hr>
          </gpxtpx:TrackPointExtension>
        </extensions>
      </trkpt>
      <trkpt lat="40.003885591549896" lon="116.43727636863905">
        <ele>43.24457383342087</ele>
        <time>1970-01-01T00:14:57Z</time>
        <extensions>
          <gpxtpx:TrackPointExtension>
            <gpxtpx:hr>154</gpxtpx:hr>
          </gpxtpx:TrackPointExtension>
        </extensions>
      </trkpt>
      <trkpt lat="40.00388847910343" lon="116.4372457394974">
        <ele>43.240354653447866</ele>
        <time>1970-01-01T00:14:58Z</time>
        <extensions>
          <gpxtpx:TrackPointExtension>
            <gpxtpx:hr>154</gpxtpx:hr>
          </gpxtpx:TrackPointExtension>
        </extensions>
      </trkpt>
      <trkpt lat="40.003891787021374" lon="116.43721516633809">
        <ele>43.240033647976816</ele>
        <time>1970-01-01T00:14:59Z</time>
        <extensions>
          <gpxtpx:TrackPointExtension>
            <gpxtpx:hr>154</gpxtpx:hr>
          </gpxtpx:TrackPointExtension>
        </extensions>
      </trkpt>
      <trkpt lat="40.003895593203346" lon="116.43718439180903">
        <ele>43.244119979441166</ele>
        <time>1970-01-01T00:15:00Z</time>
        <extensions>
          <gpxtpx:TrackPointExtension>
            <gpxtpx:hr>154</gpxtpx:hr>
          </gpxtpx:TrackPointExtension>
        </extensions>
      </trkpt>
      <trkpt lat="40.0038998722669" lon="116.4371531601899">
        <ele>43.25320059712976</ele>
        <time>1970-01-01T00:15:01Z</time>
        <extensions>
          <gpxtpx:TrackPointExtension>
            <gpxtpx:hr>153</gpxtpx:hr>
          </gpxtpx:TrackPointExtension>
        </extensions>
      </trkpt>
      <trkpt lat="40.00390440117073" lon="116.43712154948774">
        <ele>43.26789715606719</ele>
        <time>1970-01-01T00:15:02Z</time>
        <extensions>
          <gpxtpx:TrackPointExtension>
            <gpxtpx:hr>153</gpxtpx:hr>
          </gpxtpx:TrackPointExtension>
        </extensions>
      </trkpt>
      <trkpt lat="40.00390888383604" lon="116.43709014672316">
        <ele>43.28873367514461</ele>
        <time>1970-01-01T00:15:03Z</time>
        <extensions>
          <gpxtpx:TrackPointExtension>
            <gpxtpx:hr>153</gpxtpx:hr>
          </gpxtpx:TrackPointExtension>
        </extensions>
      </trkpt>
      <trkpt lat="40.00391319321746" lon="116.43705946949096">
        <ele>43.31604302767664</ele>
        <time>1970-01-01T00:15:04Z</time>
        <extensions>
          <gpxtpx:TrackPointExtension>
            <gpxtpx:hr>153</gpxtpx:hr>
          </gpxtpx:TrackPointExtension>
        </extensions>
      </trkpt>
      <trkpt lat="40.003917238918824" lon="116.43702929701467">
        <ele>43.349808022379875</ele>
        <time>1970-01-01T00:15:05Z</time>
        <extensions>
          <gpxtpx:TrackPointExtension>
            <gpxtpx:hr>153</gpxtpx:hr>
          </gpxtpx:TrackPointExtension>
        </extensions>
      </trkpt>
      <trkpt lat="40.003921031037734" lon="116.43699919860059">
        <ele>43.389668460935354</ele>
        <time>1970-01-01T00:15:06Z</time>
        <extensions>
          <gpxtpx:TrackPointExtension>
            <gpxtpx:hr>153</gpxtpx:hr>
          </gpxtpx:TrackPointExtension>
        </extensions>
      </trkpt>
      <trkpt lat="40.003924745020726" lon="116.43696904156815">
        <ele>43.435003084130585</ele>
        <time>1970-01-01T00:15:07Z</time>
        <extensions>
          <gpxtpx:TrackPointExtension>
            <gpxtpx:hr>153</gpxtpx:hr>
          </gpxtpx:TrackPointExtension>
        </extensions>
      </trkpt>
      <trkpt lat="40.00392876063477" lon="116.43693891048645">
        <ele>43.48507113195956</ele>
        <time>1970-01-01T00:15:08Z</time>
        <extensions>
          <gpxtpx:TrackPointExtension>
            <gpxtpx:hr>152</gpxtpx:hr>
          </gpxtpx:TrackPointExtension>
        </extensions>
      </trkpt>
      <trkpt lat="40.00393322098214" lon="116.43690864567913">
        <ele>43.539214636199176</ele>
        <time>1970-01-01T00:15:09Z</time>
        <extensions>
          <gpxtpx:TrackPointExtension>
            <gpxtpx:hr>152</gpxtpx:hr>
          </gpxtpx:TrackPointExtension>
        </extensions>
      </trkpt>
      <trkpt lat="40.0039380933707" lon="116.43687797487382">
        <ele>43.59688897430897</ele>
        <time>1970-01-01T00:15:10Z</time>
        <extensions>
          <gpxtpx:TrackPointExtension>
            <gpxtpx:hr>152</gpxtpx:hr>
          </gpxtpx:TrackPointExtension>
        </extensions>
      </trkpt>
      <trkpt lat="40.00394322787739" lon="116.43684706962654">
        <ele>43.657546875067055</ele>
        <time>1970-01-01T00:15:11Z</time>
        <extensions>
          <gpxtpx:TrackPointExtension>
            <gpxtpx:hr>152</gpxtpx:hr>
          </gpxtpx:TrackPointExtension>
        </extensions>
      </trkpt>
      <trkpt lat="40.00394850311311" lon="116.4368162290091">
        <ele>43.72051940858364</ele>
        <time>1970-01-01T00:15:12Z</time>
        <extensions>
          <gpxtpx:TrackPointExtension>
            <gpxtpx:hr>152</gpxtpx:hr>
          </gpxtpx:TrackPointExtension>
        </extensions>
      </trkpt>
      <trkpt lat="40.00395382115824" lon="116.43678566287004">
        <ele>43.784948794171214</ele>
        <time>1970-01-01T00:15:13Z</time>
        <extensions>
          <gpxtpx:TrackPointExtension>
            <gpxtpx:hr>152</gpxtpx:hr>
          </gpxtpx:TrackPointExtension>
        </extensions>
      </trkpt>
      <trkpt lat="40.003958991550434" lon="116.43675524156649">
        <ele>43.84987410251051</ele>
        <time>1970-01-01T00:15:14Z</time>
        <extensions>
          <gpxtpx:TrackPointExtension>
            <gpxtpx:hr>152</gpxtpx:hr>
          </gpxtpx:TrackPointExtension>
        </extensions>
      </trkpt>
      <trkpt lat="40.00396379842201" lon="116.43672484945897">
        <ele>43.914440827444196</ele>
        <time>1970-01-01T00:15:15Z</time>
        <extensions>
          <gpxtpx:TrackPointExtension>
            <gpxtpx:hr>152</gpxtpx:hr>
          </gpxtpx:TrackPointExtension>
        </extensions>
      </trkpt>
      <trkpt lat="40.00396808035408" lon="116.43669482027677">
        <ele>43.9780755545944</ele>
        <time>1970-01-01T00:15:16Z</time>
        <extensions>
          <gpxtpx:TrackPointExtension>
            <gpxtpx:hr>153</gpxtpx:hr>
          </gpxtpx:TrackPointExtension>
        </extensions>
      </trkpt>
      <trkpt lat="40.00397222856619" lon="116.43666513130381">
        <ele>44.040634494274855</ele>
        <time>1970-01-01T00:15:17Z</time>
        <extensions>
          <gpxtpx:TrackPointExtension>
            <gpxtpx:hr>153</gpxtpx:hr>
          </gpxtpx:TrackPointExtension>
        </extensions>
      </trkpt>
      <trkpt lat="40.003976765335075" lon="116.43663551176427">
        <ele>44.10248208511621</ele>
        <time>1970-01-01T00:15:18Z</time>
        <extensions>
          <gpxtpx:TrackPointExtension>
            <gpxtpx:hr>153</gpxtpx:hr>
          </gpxtpx:TrackPointExtension>
        </extensions>
      </trkpt>
      <trkpt lat="40.00398186952514" lon="116.43660593446168">
        <ele>44.16435505449772</ele>
        <time>1970-01-01T00:15:19Z</time>
        <extensions>
          <gpxtpx:TrackPointExtension>
            <gpxtpx:hr>153</gpxtpx:hr>
          </gpxtpx:TrackPointExtension>
        </extensions>
      </trkpt>
      <trkpt lat="40.00398757996634" lon="116.43657656556621">
        <ele>44.22712395247072</ele>
        <time>1970-01-01T00:15:20Z</time>
        <extensions>
          <gpxtpx:TrackPointExtension>
            <gpxtpx:hr>153</gpxtpx:hr>
          </gpxtpx:TrackPointExtension>
        </extensions>
      </trkpt>
      <trkpt lat="40.00399377869181" lon="116.43654734723972">
        <ele>44.291669733822346</ele>
        <time>1970-01-01T00:15:21Z</time>
        <extensions>
          <gpxtpx:TrackPointExtension>
            <gpxtpx:hr>153</gpxtpx:hr>
          </gpxtpx:TrackPointExtension>
        </extensions>
      </trkpt>
      <trkpt lat="40.004000169790935" lon="116.43651833322457">
        <ele>44.35885606519878</ele>
        <time>1970-01-01T00:15:22Z</time>
        <extensions>
          <gpxtpx:TrackPointExtension>
            <gpxtpx:hr>154</gpxtpx:hr>
          </gpxtpx:TrackPointExtension>
        </extensions>
      </trkpt>
      <trkpt lat="40.00400649481384" lon="116.436489692892">
        <ele>44.42955215089023</ele>
        <time>1970-01-01T00:15:23Z</time>
        <extensions>
          <gpxtpx:TrackPointExtension>
            <gpxtpx:hr>154</gpxtpx:hr>
          </gpxtpx:TrackPointExtension>
        </extensions>
      </trkpt>
      <trkpt lat="40.00401266411014" lon="116.43646101716807">
        <ele>44.50463527161628</ele>
        <time>1970-01-01T00:15:24Z</time>
        <extensions>
          <gpxtpx:TrackPointExtension>
            <gpxtpx:hr>154</gpxtpx:hr>
          </gpxtpx:TrackPointExtension>
        </extensions>
      </trkpt>
      <trkpt lat="40.004018649574604" lon="116.43643183627552">
        <ele>44.58488824311644</ele>
        <time>1970-01-01T00:15:25Z</time>
        <extensions>
          <gpxtpx:TrackPointExtension>
            <gpxtpx:hr>154</gpxtpx:hr>
          </gpxtpx:TrackPointExtension>
        </extensions>
      </trkpt>
      <trkpt lat="40.004024235781806" lon="116.43640206872541">
        <ele>44.67085266858339</ele>
        <time>1970-01-01T00:15:26Z</time>
        <extensions>
          <gpxtpx:TrackPointExtension>
            <gpxtpx:hr>154</gpxtpx:hr>
          </gpxtpx:TrackPointExtension>
        </extensions>
      </trkpt>
      <trkpt lat="40.00402907068309" lon="116.43637237494767">
        <ele>44.76278872322291</ele>
        <time>1970-01-01T00:15:27Z</time>
        <extensions>
          <gpxtpx:TrackPointExtension>
            <gpxtpx:hr>154</gpxtpx:hr>
          </gpxtpx:TrackPointExtension>
        </extensions>
      </trkpt>
      <trkpt lat="40.00403255720159" lon="116.43634348376754">
        <ele>44.86078726872802</ele>
        <time>1970-01-01T00:15:28Z</time>
        <extensions>
          <gpxtpx:TrackPointExtension>
            <gpxtpx:hr>154</gpxtpx:hr>
          </gpxtpx:TrackPointExtension>
        </extensions>
      </trkpt>
      <trkpt lat="40.004034451465834" lon="116.43631494828749">
        <ele>44.96483332198113</ele>
        <time>1970-01-01T00:15:29Z</time>
        <extensions>
          <gpxtpx:TrackPointExtension>
            <gpxtpx:hr>154</gpxtpx:hr>
          </gpxtpx:TrackPointExtension>
        </extensions>
      </trkpt>
      <trkpt lat="40.00403490685215" lon="116.43628591376809">
        <ele>45.07477743458003</ele>
        <time>1970-01-01T00:15:30Z</time>
        <extensions>
          <gpxtpx:TrackPointExtension>
            <gpxtpx:hr>154</gpxtpx:hr>
          </gpxtpx:TrackPointExtension>
        </extensions>
      </trkpt>
      <trkpt lat="40.00403404246663" lon="116.43625627760119">
        <ele>45.19037943892181</ele>
        <time>1970-01-01T00:15:31Z</time>
        <extensions>
          <gpxtpx:TrackPointExtension>
            <gpxtpx:hr>152</gpxtpx:hr>
          </gpxtpx:TrackPointExtension>
        </extensions>
      </trkpt>
      <trkpt lat="40.00403177193737" lon="116.43622637853935">
        <ele>45.311367409303784</ele>
        <time>1970-01-01T00:15:32Z</time>
        <extensions>
          <gpxtpx:TrackPointExtension>
            <gpxtpx:hr>152</gpxtpx:hr>
          </gpxtpx:TrackPointExtension>
        </extensions>
      </trkpt>
      <trkpt lat="40.00402854418243" lon="116.43619672735258">
        <ele>45.437401476316154</ele>
        <time>1970-01-01T00:15:33Z</time>
        <extensions>
          <gpxtpx:TrackPointExtension>
            <gpxtpx:hr>152</gpxtpx:hr>
          </gpxtpx:TrackPointExtension>
        </extensions>
      </trkpt>
      <trkpt lat="40.004024938014446" lon="116.43616767626426">
        <ele>45.56797381211072</ele>
        <time>1970-01-01T00:15:34Z</time>
        <extensions>
          <gpxtpx:TrackPointExtension>
            <gpxtpx:hr>152</gpxtpx:hr>
          </gpxtpx:TrackPointExtension>
        </extensions>
      </trkpt>
      <trkpt lat="40.00402080653675" lon="116.43613884830563">
        <ele>45.70229092426598</ele>
        <time>1970-01-01T00:15:35Z</time>
        <extensions>
          <gpxtpx:TrackPointExtension>
            <gpxtpx:hr>152</gpxtpx:hr>
          </gpxtpx:TrackPointExtension>
        </extensions>
      </trkpt>
      <trkpt lat="40.004016057051125" lon="116.43610936985611">
        <ele>45.839190458878875</ele>
        <time>1970-01-01T00:15:36Z</time>
        <extensions>
          <gpxtpx:TrackPointExtension>
            <gpxtpx:hr>152</gpxtpx:hr>
          </gpxtpx:TrackPointExtension>
        </extensions>
      </trkpt>
      <trkpt lat="40.004010928843606" lon="116.43607873828364">
        <ele>45.97708682715893</ele>
        <time>1970-01-01T00:15:37Z</time>
        <extensions>
          <gpxtpx:TrackPointExtension>
            <gpxtpx:hr>152</gpxtpx:hr>
          </gpxtpx:TrackPointExtension>
        </extensions>
      </trkpt>
      <trkpt lat="40.004005798486524" lon="116.43604714286182">
        <ele>46.11395257432014</ele>
        <time>1970-01-01T00:15:38Z</time>
        <extensions>
          <gpxtpx:TrackPointExtension>
            <gpxtpx:hr>153</gpxtpx:hr>
          </gpxtpx:TrackPointExtension>
        </extensions>
      </trkpt>
      <trkpt lat="40.00400100783592" lon="116.43601477731823">
        <ele>46.24724098481238</ele>
        <time>1970-01-01T00:15:39Z</time>
        <extensions>
          <gpxtpx:TrackPointExtension>
            <gpxtpx:hr>153</gpxtpx:hr>
          </gpxtpx:TrackPointExtension>
        </extensions>
      </trkpt>
      <trkpt lat="40.00399675502941" lon="116.43598248236765">
        <ele>46.3735354533419</ele>
        <time>1970-01-01T00:15:40.100000Z</time>
        <extensions>
          <gpxtpx:TrackPointExtension>
            <gpxtpx:hr>153</gpxtpx:hr>
          </gpxtpx:TrackPointExtension>
        </extensions>
      </trkpt>
      <trkpt lat="40.0039931113732" lon="116.4359508957304">
        <ele>46.487950859591365</ele>
        <time>1970-01-01T00:15:41.100000Z</time>
        <extensions>
          <gpxtpx:TrackPointExtension>
            <gpxtpx:hr>153</gpxtpx:hr>
          </gpxtpx:TrackPointExtension>
        </extensions>
      </trkpt>
      <trkpt lat="40.00399026237636" lon="116.43592007467035">
        <ele>46.58353200182319</ele>
        <time>1970-01-01T00:15:42.100000Z</time>
        <extensions>
          <gpxtpx:TrackPointExtension>
            <gpxtpx:hr>152</gpxtpx:hr>
          </gpxtpx:TrackPointExtension>
        </extensions>
      </trkpt>
      <trkpt lat="40.00398834620312" lon="116.43589440588795">
        <ele>46.64494514092803</ele>
        <time>1970-01-01T00:15:42.900000Z</time>
        <extensions>
          <gpxtpx:TrackPointExtension>
            <gpxtpx:hr>152</gpxtpx:hr>
          </gpxtpx:TrackPointExtension>
        </extensions>
      </trkpt>
      <trkpt lat="40.00398658453846" lon="116.43586412216973">
        <ele>46.68675589375198</ele>
        <time>1970-01-01T00:15:43.900000Z</time>
        <extensions>
          <gpxtpx:TrackPointExtension>
            <gpxtpx:hr>152</gpxtpx:hr>
          </gpxtpx:TrackPointExtension>
        </extensions>
      </trkpt>
      <trkpt lat="40.00398551431221" lon="116.43583346071345">
        <ele>46.69071884825826</ele>
        <time>1970-01-01T00:15:44.900000Z</time>
        <extensions>
          <gpxtpx:TrackPointExtension>
            <gpxtpx:hr>152</gpxtpx:hr>
          </gpxtpx:TrackPointExtension>
        </extensions>
      </trkpt>
      <trkpt lat="40.003984932258476" lon="116.43580216335266">
        <ele>46.65947999153286</ele>
        <time>1970-01-01T00:15:45.900000Z</time>
        <extensions>
          <gpxtpx:TrackPointExtension>
            <gpxtpx:hr>152</gpxtpx:hr>
          </gpxtpx:TrackPointExtension>
        </extensions>
      </trkpt>
      <trkpt lat="40.0039844890597" lon="116.43577043113372">
        <ele>46.59889868553728</ele>
        <time>1970-01-01T00:15:46.900000Z</time>
        <extensions>
          <gpxtpx:TrackPointExtension>
            <gpxtpx:hr>152</gpxtpx:hr>
          </gpxtpx:TrackPointExtension>
        </extensions>
      </trkpt>
      <trkpt lat="40.00398409646729" lon="116.43573882606007">
        <ele>46.515993596985936</ele>
        <time>1970-01-01T00:15:47.900000Z</time>
        <extensions>
          <gpxtpx:TrackPointExtension>
            <gpxtpx:hr>152</gpxtpx:hr>
          </gpxtpx:TrackPointExtension>
        </extensions>
      </trkpt>
      <trkpt lat="40.00398372351271" lon="116.43570775723614">
        <ele>46.41762376576662</ele>
        <time>1970-01-01T00:15:48.900000Z</time>
        <extensions>
          <gpxtpx:TrackPointExtension>
            <gpxtpx:hr>151</gpxtpx:hr>
          </gpxtpx:TrackPointExtension>
        </extensions>
      </trkpt>
      <trkpt lat="40.00398321839319" lon="116.43567717901807">
        <ele>46.309877187013626</ele>
        <time>1970-01-01T00:15:49.900000Z</time>
        <extensions>
          <gpxtpx:TrackPointExtension>
            <gpxtpx:hr>151</gpxtpx:hr>
          </gpxtpx:TrackPointExtension>
        </extensions>
      </trkpt>
      <trkpt lat="40.003982562105094" lon="116.43564676248181">
        <ele>46.19787269178778</ele>
        <time>1970-01-01T00:15:50.900000Z</time>
        <extensions>
          <gpxtpx:TrackPointExtension>
            <gpxtpx:hr>151</gpxtpx:hr>
          </gpxtpx:TrackPointExtension>
        </extensions>
      </trkpt>
      <trkpt lat="40.00398155492434" lon="116.43561630550428">
        <ele>46.0857199318707</ele>
        <time>1970-01-01T00:15:51.900000Z</time>
        <extensions>
          <gpxtpx:TrackPointExtension>
            <gpxtpx:hr>151</gpxtpx:hr>
          </gpxtpx:TrackPointExtension>
        </extensions>
      </trkpt>
      <trkpt lat="40.00397989674444" lon="116.43558562871863">
        <ele>45.97651212103665</ele>
        <time>1970-01-01T00:15:52.900000Z</time>
        <extensions>
          <gpxtpx:TrackPointExtension>
            <gpxtpx:hr>151</gpxtpx:hr>
          </gpxtpx:TrackPointExtension>
        </extensions>
      </trkpt>
      <trkpt lat="40.00397753302354" lon="116.43555456129843">
        <ele>45.872390665113926</ele>
        <time>1970-01-01T00:15:53.900000Z</time>
        <extensions>
          <gpxtpx:TrackPointExtension>
            <gpxtpx:hr>151</gpxtpx:hr>
          </gpxtpx:TrackPointExtension>
        </extensions>
      </trkpt>
      <trkpt lat="40.00397430017034" lon="116.43552336437298">
        <ele>45.774767715483904</ele>
        <time>1970-01-01T00:15:54.900000Z</time>
        <extensions>
          <gpxtpx:TrackPointExtension>
            <gpxtpx:hr>151</gpxtpx:hr>
          </gpxtpx:TrackPointExtension>
        </extensions>
      </trkpt>
      <trkpt lat="40.003970130335375" lon="116.43549191476922">
        <ele>45.68457448389381</ele>
        <time>1970-01-01T00:15:55.900000Z</time>
        <extensions>
          <gpxtpx:TrackPointExtension>
            <gpxtpx:hr>151</gpxtpx:hr>
          </gpxtpx:TrackPointExtension>
        </extensions>
      </trkpt>
      <trkpt lat="40.00396531729028" lon="116.43546022476843">
        <ele>45.60240756254643</ele>
        <time>1970-01-01T00:15:56.900000Z</time>
        <extensions>
          <gpxtpx:TrackPointExtension>
            <gpxtpx:hr>151</gpxtpx:hr>
          </gpxtpx:TrackPointExtension>
        </extensions>
      </trkpt>
      <trkpt lat="40.003960385598575" lon="116.43542872803076">
        <ele>45.52855484280735</ele>
        <time>1970-01-01T00:15:57.900000Z</time>
        <extensions>
          <gpxtpx:TrackPointExtension>
            <gpxtpx:hr>151</gpxtpx:hr>
          </gpxtpx:TrackPointExtension>
        </extensions>
      </trkpt>
      <trkpt lat="40.003955668263366" lon="116.4353976775288">
        <ele>45.4629653384909</ele>
        <time>1970-01-01T00:15:58.900000Z</time>
        <extensions>
          <gpxtpx:TrackPointExtension>
            <gpxtpx:hr>152</gpxtpx:hr>
          </gpxtpx:TrackPointExtension>
        </extensions>
      </trkpt>
      <trkpt lat="40.00395111961926" lon="116.43536674301117">
        <ele>45.40527872275561</ele>
        <time>1970-01-01T00:15:59.900000Z</time>
        <extensions>
          <gpxtpx:TrackPointExtension>
            <gpxtpx:hr>152</gpxtpx:hr>
          </gpxtpx:TrackPointExtension>
        </extensions>
      </trkpt>
      <trkpt lat="40.003946604172135" lon="116.43533550508347">
        <ele>45.35485826525837</ele>
        <time>1970-01-01T00:16:00.900000Z</time>
        <extensions>
          <gpxtpx:TrackPointExtension>
            <gpxtpx:hr>152</gpxtpx:hr>
          </gpxtpx:TrackPointExtension>
        </extensions>
      </trkpt>
      <trkpt lat="40.003942073064174" lon="116.4353036871451">
        <ele>45.310772413387895</ele>
        <time>1970-01-01T00:16:01.900000Z</time>
        <extensions>
          <gpxtpx:TrackPointExtension>
            <gpxtpx:hr>152</gpxtpx:hr>
          </gpxtpx:TrackPointExtension>
        </extensions>
      </trkpt>
      <trkpt lat="40.00393759966386" lon="116.43527132565559">
        <ele>45.27175150252879</ele>
        <time>1970-01-01T00:16:02.900000Z</time>
        <extensions>
          <gpxtpx:TrackPointExtension>
            <gpxtpx:hr>152</gpxtpx:hr>
          </gpxtpx:TrackPointExtension>
        </extensions>
      </trkpt>
      <trkpt lat="40.003933403591525" lon="116.43523849456213">
        <ele>45.23614846263081</ele>
        <time>1970-01-01T00:16:03.900000Z</time>
        <extensions>
          <gpxtpx:TrackPointExtension>
            <gpxtpx:hr>152</gpxtpx:hr>
          </gpxtpx:TrackPointExtension>
        </extensions>
      </trkpt>
      <trkpt lat="40.00392959762859" lon="116.43520525026224">
        <ele>45.202010850422084</ele>
        <time>1970-01-01T00:16:04.900000Z</time>
        <extensions>
          <gpxtpx:TrackPointExtension>
            <gpxtpx:hr>152</gpxtpx:hr>
          </gpxtpx:TrackPointExtension>
        </extensions>
      </trkpt>
      <trkpt lat="40.003926189873944" lon="116.43517191102353">
        <ele>45.16725597623736</ele>
        <time>1970-01-01T00:16:05.900000Z</time>
        <extensions>
          <gpxtpx:TrackPointExtension>
            <gpxtpx:hr>152</gpxtpx:hr>
          </gpxtpx:TrackPointExtension>
        </extensions>
      </trkpt>
      <trkpt lat="40.003923280001075" lon="116.43513879861041">
        <ele>45.12982926052064</ele>
        <time>1970-01-01T00:16:06.900000Z</time>
        <extensions>
          <gpxtpx:TrackPointExtension>
            <gpxtpx:hr>152</gpxtpx:hr>
          </gpxtpx:TrackPointExtension>
        </extensions>
      </trkpt>
      <trkpt lat="40.003920878195245" lon="116.4351057362927">
        <ele>45.08783233631402</ele>
        <time>1970-01-01T00:16:07.900000Z</time>
        <extensions>
          <gpxtpx:TrackPointExtension>
            <gpxtpx:hr>152</gpxtpx:hr>
          </gpxtpx:TrackPointExtension>
        </extensions>
      </trkpt>
      <trkpt lat="40.00391902475591" lon="116.43507268032857">
        <ele>45.039653924293816</ele>
        <time>1970-01-01T00:16:08.900000Z</time>
        <extensions>
          <gpxtpx:TrackPointExtension>
            <gpxtpx:hr>152</gpxtpx:hr>
          </gpxtpx:TrackPointExtension>
        </extensions>
      </trkpt>
      <trkpt lat="40.003917842485386" lon="116.43503981202106">
        <ele>44.98409607540816</ele>
        <time>1970-01-01T00:16:09.900000Z</time>
        <extensions>
          <gpxtpx:TrackPointExtension>
            <gpxtpx:hr>152</gpxtpx:hr>
          </gpxtpx:TrackPointExtension>
        </extensions>
      </trkpt>
      <trkpt lat="40.003917415787456" lon="116.43500701995337">
        <ele>44.92054994031787</ele>
        <time>1970-01-01T00:16:10.900000Z</time>
        <extensions>
          <gpxtpx:TrackPointExtension>
            <gpxtpx:hr>152</gpxtpx:hr>
          </gpxtpx:TrackPointExtension>
        </extensions>
      </trkpt>
      <trkpt lat="40.003917744643076" lon="116.43497433451095">
        <ele>44.84909330960363</ele>
        <time>1970-01-01T00:16:11.900000Z</time>
        <extensions>
          <gpxtpx:TrackPointExtension>
            <gpxtpx:hr>152</gpxtpx:hr>
          </gpxtpx:TrackPointExtension>
        </extensions>
      </trkpt>
      <trkpt lat="40.00391874424171" lon="116.43494201829968">
        <ele>44.77031925972551</ele>
        <time>1970-01-01T00:16:12.900000Z</time>
        <extensions>
          <gpxtpx:TrackPointExtension>
            <gpxtpx:hr>151</gpxtpx:hr>
          </gpxtpx:TrackPointExtension>
        </extensions>
      </trkpt>
      <trkpt lat="40.00392024974132" lon="116.43491003322916">
        <ele>44.68512100633234</ele>
        <time>1970-01-01T00:16:13.900000Z</time>
        <extensions>
          <gpxtpx:TrackPointExtension>
            <gpxtpx:hr>151</gpxtpx:hr>
          </gpxtpx:TrackPointExtension>
        </extensions>
      </trkpt>
      <trkpt lat="40.00392201221327" lon="116.4348781288377">
        <ele>44.59462685137987</ele>
        <time>1970-01-01T00:16:14.900000Z</time>
        <extensions>
          <gpxtpx:TrackPointExtension>
            <gpxtpx:hr>151</gpxtpx:hr>
          </gpxtpx:TrackPointExtension>
        </extensions>
      </trkpt>
      <trkpt lat="40.00392361183512" lon="116.43484618110857">
        <ele>44.50025926530361</ele>
        <time>1970-01-01T00:16:15.900000Z</time>
        <extensions>
          <gpxtpx:TrackPointExtension>
            <gpxtpx:hr>151</gpxtpx:hr>
          </gpxtpx:TrackPointExtension>
        </extensions>
      </trkpt>
      <trkpt lat="40.00392480624852" lon="116.43481426628492">
        <ele>44.40379421133548</ele>
        <time>1970-01-01T00:16:16.900000Z</time>
        <extensions>
          <gpxtpx:TrackPointExtension>
            <gpxtpx:hr>151</gpxtpx:hr>
          </gpxtpx:TrackPointExtension>
        </extensions>
      </trkpt>
      <trkpt lat="40.003925415719095" lon="116.43478251772684">
        <ele>44.3072648672387</ele>
        <time>1970-01-01T00:16:17.900000Z</time>
        <extensions>
          <gpxtpx:TrackPointExtension>
            <gpxtpx:hr>151</gpxtpx:hr>
          </gpxtpx:TrackPointExtension>
        </extensions>
      </trkpt>
      <trkpt lat="40.00392520492164" lon="116.4347510408736">
        <ele>44.21277038566768</ele>
        <time>1970-01-01T00:16:18.900000Z</time>
        <extensions>
          <gpxtpx:TrackPointExtension>
            <gpxtpx:hr>150</gpxtpx:hr>
          </gpxtpx:TrackPointExtension>
        </extensions>
      </trkpt>
      <trkpt lat="40.00392404309365" lon="116.434720158521">
        <ele>44.12222190015018</ele>
        <time>1970-01-01T00:16:19.900000Z</time>
        <extensions>
          <gpxtpx:TrackPointExtension>
            <gpxtpx:hr>150</gpxtpx:hr>
          </gpxtpx:TrackPointExtension>
        </extensions>
      </trkpt>
      <trkpt lat="40.00392208511779" lon="116.43468960883273">
        <ele>44.03697519283742</ele>
        <time>1970-01-01T00:16:20.900000Z</time>
        <extensions>
          <gpxtpx:TrackPointExtension>
            <gpxtpx:hr>150</gpxtpx:hr>
          </gpxtpx:TrackPointExtension>
        </extensions>
      </trkpt>
      <trkpt lat="40.003919507400006" lon="116.43465907139854">
        <ele>43.95752818137407</ele>
        <time>1970-01-01T00:16:21.900000Z</time>
        <extensions>
          <gpxtpx:TrackPointExtension>
            <gpxtpx:hr>150</gpxtpx:hr>
          </gpxtpx:TrackPointExtension>
        </extensions>
      </trkpt>
      <trkpt lat="40.00391638792289" lon="116.43462846769485">
        <ele>43.883527763187885</ele>
        <time>1970-01-01T00:16:22.900000Z</time>
        <extensions>
          <gpxtpx:TrackPointExtension>
            <gpxtpx:hr>150</gpxtpx:hr>
          </gpxtpx:TrackPointExtension>
        </extensions>
      </trkpt>
      <trkpt lat="40.003912833911244" lon="116.43459785724801">
        <ele>43.81394981406629</ele>
        <time>1970-01-01T00:16:23.900000Z</time>
        <extensions>
          <gpxtpx:TrackPointExtension>
            <gpxtpx:hr>150</gpxtpx:hr>
          </gpxtpx:TrackPointExtension>
        </extensions>
      </trkpt>
      <trkpt lat="40.00390894402694" lon="116.43456717165026">
        <ele>43.747350906953216</ele>
        <time>1970-01-01T00:16:24.900000Z</time>
        <extensions>
          <gpxtpx:TrackPointExtension>
            <gpxtpx:hr>150</gpxtpx:hr>
          </gpxtpx:TrackPointExtension>
        </extensions>
      </trkpt>
      <trkpt lat="40.003904637752704" lon="116.4345361280613">
        <ele>43.68225297052413</ele>
        <time>1970-01-01T00:16:25.900000Z</time>
        <extensions>
          <gpxtpx:TrackPointExtension>
            <gpxtpx:hr>149</gpxtpx:hr>
          </gpxtpx:TrackPointExtension>
        </extensions>
      </trkpt>
      <trkpt lat="40.00389976174857" lon="116.43450442852269">
        <ele>43.61752779316157</ele>
        <time>1970-01-01T00:16:26.900000Z</time>
        <extensions>
          <gpxtpx:TrackPointExtension>
            <gpxtpx:hr>149</gpxtpx:hr>
          </gpxtpx:TrackPointExtension>
        </extensions>
      </trkpt>
      <trkpt lat="40.00389459018127" lon="116.43447235473829">
        <ele>43.55267441365868</ele>
        <time>1970-01-01T00:16:27.900000Z</time>
        <extensions>
          <gpxtpx:TrackPointExtension>
            <gpxtpx:hr>149</gpxtpx:hr>
          </gpxtpx:TrackPointExtension>
        </extensions>
      </trkpt>
      <trkpt lat="40.0038894313934" lon="116.43444050282498">
        <ele>43.48798781912774</ele>
        <time>1970-01-01T00:16:28.900000Z</time>
        <extensions>
          <gpxtpx:TrackPointExtension>
            <gpxtpx:hr>149</gpxtpx:hr>
          </gpxtpx:TrackPointExtension>
        </extensions>
      </trkpt>
      <trkpt lat="40.0038841490711" lon="116.43440897568942">
        <ele>43.424604267813265</ele>
        <time>1970-01-01T00:16:29.900000Z</time>
        <extensions>
          <gpxtpx:TrackPointExtension>
            <gpxtpx:hr>149</gpxtpx:hr>
          </gpxtpx:TrackPointExtension>
        </extensions>
      </trkpt>
      <trkpt lat="40.003878556110436" lon="116.43437769162655">
        <ele>43.36423728149384</ele>
        <time>1970-01-01T00:16:30.900000Z</time>
        <extensions>
          <gpxtpx:TrackPointExtension>
            <gpxtpx:hr>149</gpxtpx:hr>
          </gpxtpx:TrackPointExtension>
        </extensions>
      </trkpt>
      <trkpt lat="40.0038729678126" lon="116.43434697808662">
        <ele>43.30885626189411</ele>
        <time>1970-01-01T00:16:31.900000Z</time>
        <extensions>
          <gpxtpx:TrackPointExtension>
            <gpxtpx:hr>149</gpxtpx:hr>
          </gpxtpx:TrackPointExtension>
        </extensions>
      </trkpt>
      <trkpt lat="40.003867564711044" lon="116.43431681656172">
        <ele>43.26049470715225</ele>
        <time>1970-01-01T00:16:32.900000Z</time>
        <extensions>
          <gpxtpx:TrackPointExtension>
            <gpxtpx:hr>149</gpxtpx:hr>
          </gpxtpx:TrackPointExtension>
        </extensions>
      </trkpt>
      <trkpt lat="40.003862277748084" lon="116.43428690783227">
        <ele>43.22110290173441</ele>
        <time>1970-01-01T00:16:33.900000Z</time>
        <extensions>
          <gpxtpx:TrackPointExtension>
            <gpxtpx:hr>149</gpxtpx:hr>
          </gpxtpx:TrackPointExtension>
        </extensions>
      </trkpt>
      <trkpt lat="40.00385697728272" lon="116.4342568717583">
        <ele>43.19243226572871</ele>
        <time>1970-01-01T00:16:34.900000Z</time>
        <extensions>
          <gpxtpx:TrackPointExtension>
            <gpxtpx:hr>150</gpxtpx:hr>
          </gpxtpx:TrackPointExtension>
        </extensions>
      </trkpt>
      <trkpt lat="40.003851760181576" lon="116.43422609834852">
        <ele>43.17591902706772</ele>
        <time>1970-01-01T00:16:35.900000Z</time>
        <extensions>
          <gpxtpx:TrackPointExtension>
            <gpxtpx:hr>150</gpxtpx:hr>
          </gpxtpx:TrackPointExtension>
        </extensions>
      </trkpt>
      <trkpt lat="40.0038469413437" lon="116.43419462784712">
        <ele>43.17255388572812</ele>
        <time>1970-01-01T00:16:36.900000Z</time>
        <extensions>
          <gpxtpx:TrackPointExtension>
            <gpxtpx:hr>150</gpxtpx:hr>
          </gpxtpx:TrackPointExtension>
        </extensions>
      </trkpt>
      <trkpt lat="40.00384283584949" lon="116.43416309036449">
        <ele>43.182787988334894</ele>
        <time>1970-01-01T00:16:37.900000Z</time>
        <extensions>
          <gpxtpx:TrackPointExtension>
            <gpxtpx:hr>150</gpxtpx:hr>
          </gpxtpx:TrackPointExtension>
        </extensions>
      </trkpt>
      <trkpt lat="40.00383964888008" lon="116.43413238025568">
        <ele>43.2064487664029</ele>
        <time>1970-01-01T00:16:38.900000Z</time>
        <extensions>
          <gpxtpx:TrackPointExtension>
            <gpxtpx:hr>150</gpxtpx:hr>
          </gpxtpx:TrackPointExtension>
        </extensions>
      </trkpt>
      <trkpt lat="40.00383747987093" lon="116.43410260266273">
        <ele>43.242354032583535</ele>
        <time>1970-01-01T00:16:39.900000Z</time>
        <extensions>
          <gpxtpx:TrackPointExtension>
            <gpxtpx:hr>148</gpxtpx:hr>
          </gpxtpx:TrackPointExtension>
        </extensions>
      </trkpt>
      <trkpt lat="40.00383612461905" lon="116.43406802481027">
        <ele>43.29666479397565</ele>
        <time>1970-01-01T00:16:41.100000Z</time>
        <extensions>
          <gpxtpx:TrackPointExtension>
            <gpxtpx:hr>148</gpxtpx:hr>
          </gpxtpx:TrackPointExtension>
        </extensions>
      </trkpt>
      <trkpt lat="40.003835739720955" lon="116.43403891746517">
        <ele>43.347203941084445</ele>
        <time>1970-01-01T00:16:42.100000Z</time>
        <extensions>
          <gpxtpx:TrackPointExtension>
            <gpxtpx:hr>148</gpxtpx:hr>
          </gpxtpx:TrackPointExtension>
        </extensions>
      </trkpt>
      <trkpt lat="40.003835836852275" lon="116.43400958015128">
        <ele>43.39698823541403</ele>
        <time>1970-01-01T00:16:43.100000Z</time>
        <extensions>
          <gpxtpx:TrackPointExtension>
            <gpxtpx:hr>148</gpxtpx:hr>
          </gpxtpx:TrackPointExtension>
        </extensions>
      </trkpt>
      <trkpt lat="40.00383631853017" lon="116.43397996462095">
        <ele>43.443528627976775</ele>
        <time>1970-01-01T00:16:44.100000Z</time>
        <extensions>
          <gpxtpx:TrackPointExtension>
            <gpxtpx:hr>148</gpxtpx:hr>
          </gpxtpx:TrackPointExtension>
        </extensions>
      </trkpt>
      <trkpt lat="40.00383711159391" lon="116.43395010405854">
        <ele>43.485132208094</ele>
        <time>1970-01-01T00:16:45.100000Z</time>
        <extensions>
          <gpxtpx:TrackPointExtension>
            <gpxtpx:hr>146</gpxtpx:hr>
          </gpxtpx:TrackPointExtension>
        </extensions>
      </trkpt>
      <trkpt lat="40.003838125137264" lon="116.43391995729085">
        <ele>43.52064943127334</ele>
        <time>1970-01-01T00:16:46.100000Z</time>
        <extensions>
          <gpxtpx:TrackPointExtension>
            <gpxtpx:hr>146</gpxtpx:hr>
          </gpxtpx:TrackPointExtension>
        </extensions>
      </trkpt>
      <trkpt lat="40.00383934416732" lon="116.43388972340642">
        <ele>43.54933072440326</ele>
        <time>1970-01-01T00:16:47.100000Z</time>
        <extensions>
          <gpxtpx:TrackPointExtension>
            <gpxtpx:hr>146</gpxtpx:hr>
          </gpxtpx:TrackPointExtension>
        </extensions>
      </trkpt>
      <trkpt lat="40.00384073523547" lon="116.43385969645153">
        <ele>43.57067355234176</ele>
        <time>1970-01-01T00:16:48.100000Z</time>
        <extensions>
          <gpxtpx:TrackPointExtension>
            <gpxtpx:hr>146</gpxtpx:hr>
          </gpxtpx:TrackPointExtension>
        </extensions>
      </trkpt>
      <trkpt lat="40.00384224731801" lon="116.43382970374354">
        <ele>43.584270771592855</ele>
        <time>1970-01-01T00:16:49.100000Z</time>
        <extensions>
          <gpxtpx:TrackPointExtension>
            <gpxtpx:hr>146</gpxtpx:hr>
          </gpxtpx:TrackPointExtension>
        </extensions>
      </trkpt>
      <trkpt lat="40.0038438826569" lon="116.43379964973869">
        <ele>43.589709545485675</ele>
        <time>1970-01-01T00:16:50.100000Z</time>
        <extensions>
          <gpxtpx:TrackPointExtension>
            <gpxtpx:hr>146</gpxtpx:hr>
          </gpxtpx:TrackPointExtension>
        </extensions>
      </trkpt>
      <trkpt lat="40.00384588536477" lon="116.43376958387205">
        <ele>43.58645504061133</ele>
        <time>1970-01-01T00:16:51.100000Z</time>
        <extensions>
          <gpxtpx:TrackPointExtension>
            <gpxtpx:hr>146</gpxtpx:hr>
          </gpxtpx:TrackPointExtension>
        </extensions>
      </trkpt>
      <trkpt lat="40.003848283958284" lon="116.43373957541681">
        <ele>43.57404703553766</ele>
        <time>1970-01-01T00:16:52.100000Z</time>
        <extensions>
          <gpxtpx:TrackPointExtension>
            <gpxtpx:hr>145</gpxtpx:hr>
          </gpxtpx:TrackPointExtension>
        </extensions>
      </trkpt>
      <trkpt lat="40.00385098801351" lon="116.43370953818916">
        <ele>43.55274137761444</ele>
        <time>1970-01-01T00:16:53.100000Z</time>
        <extensions>
          <gpxtpx:TrackPointExtension>
            <gpxtpx:hr>145</gpxtpx:hr>
          </gpxtpx:TrackPointExtension>
        </extensions>
      </trkpt>
      <trkpt lat="40.003853782056055" lon="116.43367996353955">
        <ele>43.52373872883618</ele>
        <time>1970-01-01T00:16:54.100000Z</time>
        <extensions>
          <gpxtpx:TrackPointExtension>
            <gpxtpx:hr>145</gpxtpx:hr>
          </gpxtpx:TrackPointExtension>
        </extensions>
      </trkpt>
      <trkpt lat="40.003856441143135" lon="116.43365169281785">
        <ele>43.48859369195998</ele>
        <time>1970-01-01T00:16:55.100000Z</time>
        <extensions>
          <gpxtpx:TrackPointExtension>
            <gpxtpx:hr>145</gpxtpx:hr>
          </gpxtpx:TrackPointExtension>
        </extensions>
      </trkpt>
      <trkpt lat="40.00385876097359" lon="116.43362534346433">
        <ele>43.44868185557425</ele>
        <time>1970-01-01T00:16:56.100000Z</time>
        <extensions>
          <gpxtpx:TrackPointExtension>
            <gpxtpx:hr>145</gpxtpx:hr>
          </gpxtpx:TrackPointExtension>
        </extensions>
      </trkpt>
      <trkpt lat="40.00386028920539" lon="116.43360119140175">
        <ele>43.40489549189806</ele>
        <time>1970-01-01T00:16:57.100000Z</time>
        <extensions>
          <gpxtpx:TrackPointExtension>
            <gpxtpx:hr>145</gpxtpx:hr>
          </gpxtpx:TrackPointExtension>
        </extensions>
      </trkpt>
      <trkpt lat="40.00386027488362" lon="116.43358049125911">
        <ele>43.35768609121442</ele>
        <time>1970-01-01T00:16:58.100000Z</time>
        <extensions>
          <gpxtpx:TrackPointExtension>
            <gpxtpx:hr>145</gpxtpx:hr>
          </gpxtpx:TrackPointExtension>
        </extensions>
      </trkpt>
      <trkpt lat="40.00385771755182" lon="116.43356596758152">
        <ele>43.30771885998547</ele>
        <time>1970-01-01T00:16:59.100000Z</time>
        <extensions>
          <gpxtpx:TrackPointExtension>
            <gpxtpx:hr>146</gpxtpx:hr>
          </gpxtpx:TrackPointExtension>
        </extensions>
      </trkpt>
      <trkpt lat="40.00385324092228" lon="116.43356020686285">
        <ele>43.256457849405706</ele>
        <time>1970-01-01T00:17:00.100000Z</time>
        <extensions>
          <gpxtpx:TrackPointExtension>
            <gpxtpx:hr>146</gpxtpx:hr>
          </gpxtpx:TrackPointExtension>
        </extensions>
      </trkpt>
      <trkpt lat="40.00384995826706" lon="116.43356386298461">
        <ele>43.20614215824753</ele>
        <time>1970-01-01T00:17:01.100000Z</time>
        <extensions>
          <gpxtpx:TrackPointExtension>
            <gpxtpx:hr>146</gpxtpx:hr>
          </gpxtpx:TrackPointExtension>
        </extensions>
      </trkpt>
      <trkpt lat="40.00384896876072" lon="116.4335742299655">
        <ele>43.15915738418698</ele>
        <time>1970-01-01T00:17:02.100000Z</time>
        <extensions>
          <gpxtpx:TrackPointExtension>
            <gpxtpx:hr>146</gpxtpx:hr>
          </gpxtpx:TrackPointExtension>
        </extensions>
      </trkpt>
      <trkpt lat="40.0038491802996" lon="116.43358878600769">
        <ele>43.11731425486505</ele>
        <time>1970-01-01T00:17:03.100000Z</time>
        <extensions>
          <gpxtpx:TrackPointExtension>
            <gpxtpx:hr>146</gpxtpx:hr>
          </gpxtpx:TrackPointExtension>
        </extensions>
      </trkpt>
      <trkpt lat="40.003850243248664" lon="116.43360695519458">
        <ele>43.08161123562604</ele>
        <time>1970-01-01T00:17:04.100000Z</time>
        <extensions>
          <gpxtpx:TrackPointExtension>
            <gpxtpx:hr>146</gpxtpx:hr>
          </gpxtpx:TrackPointExtension>
        </extensions>
      </trkpt>
      <trkpt lat="40.003851961643655" lon="116.43362839905912">
        <ele>43.05219850316644</ele>
        <time>1970-01-01T00:17:05.100000Z</time>
        <extensions>
          <gpxtpx:TrackPointExtension>
            <gpxtpx:hr>142</gpxtpx:hr>
          </gpxtpx:TrackPointExtension>
        </extensions>
      </trkpt>
      <trkpt lat="40.00385440511302" lon="116.43365310346279">
        <ele>43.02840097807348</ele>
        <time>1970-01-01T00:17:06.100000Z</time>
        <extensions>
          <gpxtpx:TrackPointExtension>
            <gpxtpx:hr>142</gpxtpx:hr>
          </gpxtpx:TrackPointExtension>
        </extensions>
      </trkpt>
      <trkpt lat="40.00385757428388" lon="116.43368082980386">
        <ele>43.009127194061875</ele>
        <time>1970-01-01T00:17:07.100000Z</time>
        <extensions>
          <gpxtpx:TrackPointExtension>
            <gpxtpx:hr>142</gpxtpx:hr>
          </gpxtpx:TrackPointExtension>
        </extensions>
      </trkpt>
      <trkpt lat="40.003860529109396" lon="116.43370473930013">
        <ele>42.99616932310164</ele>
        <time>1970-01-01T00:17:07.900000Z</time>
        <extensions>
          <gpxtpx:TrackPointExtension>
            <gpxtpx:hr>142</gpxtpx:hr>
          </gpxtpx:TrackPointExtension>
        </extensions>
      </trkpt>
      <trkpt lat="40.00386471551073" lon="116.43373587547244">
        <ele>42.98405461013317</ele>
        <time>1970-01-01T00:17:08.900000Z</time>
        <extensions>
          <gpxtpx:TrackPointExtension>
            <gpxtpx:hr>142</gpxtpx:hr>
          </gpxtpx:TrackPointExtension>
        </extensions>
      </trkpt>
      <trkpt lat="40.003869384666665" lon="116.43376786991132">
        <ele>42.9811949133873</ele>
        <time>1970-01-01T00:17:09.900000Z</time>
        <extensions>
          <gpxtpx:TrackPointExtension>
            <gpxtpx:hr>142</gpxtpx:hr>
          </gpxtpx:TrackPointExtension>
        </extensions>
      </trkpt>
      <trkpt lat="40.00387423639474" lon="116.43380035354737">
        <ele>42.996384975500405</ele>
        <time>1970-01-01T00:17:10.900000Z</time>
        <extensions>
          <gpxtpx:TrackPointExtension>
            <gpxtpx:hr>142</gpxtpx:hr>
          </gpxtpx:TrackPointExtension>
        </extensions>
      </trkpt>
      <trkpt lat="40.003879098117196" lon="116.43383293847201">
        <ele>43.0419833548367</ele>
        <time>1970-01-01T00:17:11.900000Z</time>
        <extensions>
          <gpxtpx:TrackPointExtension>
            <gpxtpx:hr>142</gpxtpx:hr>
          </gpxtpx:TrackPointExtension>
        </extensions>
      </trkpt>
      <trkpt lat="40.00388384624698" lon="116.43386513031913">
        <ele>43.133004357106984</ele>
        <time>1970-01-01T00:17:12.900000Z</time>
        <extensions>
          <gpxtpx:TrackPointExtension>
            <gpxtpx:hr>142</gpxtpx:hr>
          </gpxtpx:TrackPointExtension>
        </extensions>
      </trkpt>
      <trkpt lat="40.003888433661196" lon="116.43389638199785">
        <ele>43.28572863526642</ele>
        <time>1970-01-01T00:17:13.900000Z</time>
        <extensions>
          <gpxtpx:TrackPointExtension>
            <gpxtpx:hr>142</gpxtpx:hr>
          </gpxtpx:TrackPointExtension>
        </extensions>
      </trkpt>
      <trkpt lat="40.003892848938925" lon="116.4339266183384">
        <ele>43.515411235392094</ele>
        <time>1970-01-01T00:17:14.900000Z</time>
        <extensions>
          <gpxtpx:TrackPointExtension>
            <gpxtpx:hr>142</gpxtpx:hr>
          </gpxtpx:TrackPointExtension>
        </extensions>
      </trkpt>
      <trkpt lat="40.00389707189224" lon="116.4339562691674">
        <ele>43.832621820271015</ele>
        <time>1970-01-01T00:17:15.900000Z</time>
        <extensions>
          <gpxtpx:TrackPointExtension>
            <gpxtpx:hr>142</gpxtpx:hr>
          </gpxtpx:TrackPointExtension>
        </extensions>
      </trkpt>
      <trkpt lat="40.00390107954587" lon="116.4339860320133">
        <ele>44.237671378068626</ele>
        <time>1970-01-01T00:17:16.900000Z</time>
        <extensions>
          <gpxtpx:TrackPointExtension>
            <gpxtpx:hr>142</gpxtpx:hr>
          </gpxtpx:TrackPointExtension>
        </extensions>
      </trkpt>
      <trkpt lat="40.003905693191044" lon="116.43402236946122">
        <ele>44.81742922961712</ele>
        <time>1970-01-01T00:17:18.100000Z</time>
        <extensions>
          <gpxtpx:TrackPointExtension>
            <gpxtpx:hr>142</gpxtpx:hr>
          </gpxtpx:TrackPointExtension>
        </extensions>
      </trkpt>
      <trkpt lat="40.00390955310481" lon="116.43405270866982">
        <ele>45.33433247730136</ele>
        <time>1970-01-01T00:17:19.100000Z</time>
        <extensions>
          <gpxtpx:TrackPointExtension>
            <gpxtpx:hr>142</gpxtpx:hr>
          </gpxtpx:TrackPointExtension>
        </extensions>
      </trkpt>
      <trkpt lat="40.00391359116993" lon="116.43408293383247">
        <ele>45.8392790062353</ele>
        <time>1970-01-01T00:17:20.100000Z</time>
        <extensions>
          <gpxtpx:TrackPointExtension>
            <gpxtpx:hr>142</gpxtpx:hr>
          </gpxtpx:TrackPointExtension>
        </extensions>
      </trkpt>
      <trkpt lat="40.00391790956174" lon="116.43411276547363">
        <ele>46.30870381556451</ele>
        <time>1970-01-01T00:17:21.100000Z</time>
        <extensions>
          <gpxtpx:TrackPointExtension>
            <gpxtpx:hr>142</gpxtpx:hr>
          </gpxtpx:TrackPointExtension>
        </extensions>
      </trkpt>
      <trkpt lat="40.00392257125786" lon="116.434142333521">
        <ele>46.72760536056012</ele>
        <time>1970-01-01T00:17:22.100000Z</time>
        <extensions>
          <gpxtpx:TrackPointExtension>
            <gpxtpx:hr>142</gpxtpx:hr>
          </gpxtpx:TrackPointExtension>
        </extensions>
      </trkpt>
      <trkpt lat="40.00392756788511" lon="116.43417201873508">
        <ele>47.088569848798215</ele>
        <time>1970-01-01T00:17:23.100000Z</time>
        <extensions>
          <gpxtpx:TrackPointExtension>
            <gpxtpx:hr>142</gpxtpx:hr>
          </gpxtpx:TrackPointExtension>
        </extensions>
      </trkpt>
      <trkpt lat="40.00393282361126" lon="116.43420204989904">
        <ele>47.39026795420796</ele>
        <time>1970-01-01T00:17:24.100000Z</time>
        <extensions>
          <gpxtpx:TrackPointExtension>
            <gpxtpx:hr>142</gpxtpx:hr>
          </gpxtpx:TrackPointExtension>
        </extensions>
      </trkpt>
      <trkpt lat="40.00393815414288" lon="116.43423251021353">
        <ele>47.63569334149361</ele>
        <time>1970-01-01T00:17:25.100000Z</time>
        <extensions>
          <gpxtpx:TrackPointExtension>
            <gpxtpx:hr>142</gpxtpx:hr>
          </gpxtpx:TrackPointExtension>
        </extensions>
      </trkpt>
      <trkpt lat="40.003943408381176" lon="116.43426333352043">
        <ele>47.829995300620794</ele>
        <time>1970-01-01T00:17:26.100000Z</time>
        <extensions>
          <gpxtpx:TrackPointExtension>
            <gpxtpx:hr>142</gpxtpx:hr>
          </gpxtpx:TrackPointExtension>
        </extensions>
      </trkpt>
      <trkpt lat="40.003948549051096" lon="116.43429443589984">
        <ele>47.9792046751827</ele>
        <time>1970-01-01T00:17:27.100000Z</time>
        <extensions>
          <gpxtpx:TrackPointExtension>
            <gpxtpx:hr>142</gpxtpx:hr>
          </gpxtpx:TrackPointExtension>
        </extensions>
      </trkpt>
      <trkpt lat="40.00395344384594" lon="116.43432578717952">
        <ele>48.08985931426287</ele>
        <time>1970-01-01T00:17:28.100000Z</time>
        <extensions>
          <gpxtpx:TrackPointExtension>
            <gpxtpx:hr>142</gpxtpx:hr>
          </gpxtpx:TrackPointExtension>
        </extensions>
      </trkpt>
      <trkpt lat="40.00395800619331" lon="116.43435732107861">
        <ele>48.16880148649216</ele>
        <time>1970-01-01T00:17:29.100000Z</time>
        <extensions>
          <gpxtpx:TrackPointExtension>
            <gpxtpx:hr>142</gpxtpx:hr>
          </gpxtpx:TrackPointExtension>
        </extensions>
      </trkpt>
      <trkpt lat="40.00396226806754" lon="116.4343888702794">
        <ele>48.22260906919837</ele>
        <time>1970-01-01T00:17:30.100000Z</time>
        <extensions>
          <gpxtpx:TrackPointExtension>
            <gpxtpx:hr>142</gpxtpx:hr>
          </gpxtpx:TrackPointExtension>
        </extensions>
      </trkpt>
      <trkpt lat="40.00396628297253" lon="116.43442021311829">
        <ele>48.256776086986065</ele>
        <time>1970-01-01T00:17:31.100000Z</time>
        <extensions>
          <gpxtpx:TrackPointExtension>
            <gpxtpx:hr>142</gpxtpx:hr>
          </gpxtpx:TrackPointExtension>
        </extensions>
      </trkpt>
      <trkpt lat="40.00397008409224" lon="116.43445101079088">
        <ele>48.27537487447262</ele>
        <time>1970-01-01T00:17:32.100000Z</time>
        <extensions>
          <gpxtpx:TrackPointExtension>
            <gpxtpx:hr>142</gpxtpx:hr>
          </gpxtpx:TrackPointExtension>
        </extensions>
      </trkpt>
      <trkpt lat="40.00397363038963" lon="116.43448096336844">
        <ele>48.28122425545007</ele>
        <time>1970-01-01T00:17:33.100000Z</time>
        <extensions>
          <gpxtpx:TrackPointExtension>
            <gpxtpx:hr>142</gpxtpx:hr>
          </gpxtpx:TrackPointExtension>
        </extensions>
      </trkpt>
      <trkpt lat="40.00397684055659" lon="116.4345100822898">
        <ele>48.276055824011564</ele>
        <time>1970-01-01T00:17:34.100000Z</time>
        <extensions>
          <gpxtpx:TrackPointExtension>
            <gpxtpx:hr>142</gpxtpx:hr>
          </gpxtpx:TrackPointExtension>
        </extensions>
      </trkpt>
      <trkpt lat="40.003979806046246" lon="116.43453864796112">
        <ele>48.2609697105363</ele>
        <time>1970-01-01T00:17:35.100000Z</time>
        <extensions>
          <gpxtpx:TrackPointExtension>
            <gpxtpx:hr>142</gpxtpx:hr>
          </gpxtpx:TrackPointExtension>
        </extensions>
      </trkpt>
      <trkpt lat="40.003982715236624" lon="116.43456706056135">
        <ele>48.23719758260995</ele>
        <time>1970-01-01T00:17:36.100000Z</time>
        <extensions>
          <gpxtpx:TrackPointExtension>
            <gpxtpx:hr>142</gpxtpx:hr>
          </gpxtpx:TrackPointExtension>
        </extensions>
      </trkpt>
      <trkpt lat="40.00398571549295" lon="116.43459542819012">
        <ele>48.206201484426856</ele>
        <time>1970-01-01T00:17:37.100000Z</time>
        <extensions>
          <gpxtpx:TrackPointExtension>
            <gpxtpx:hr>142</gpxtpx:hr>
          </gpxtpx:TrackPointExtension>
        </extensions>
      </trkpt>
      <trkpt lat="40.0039886485215" lon="116.43462396189224">
        <ele>48.1688716346398</ele>
        <time>1970-01-01T00:17:38.100000Z</time>
        <extensions>
          <gpxtpx:TrackPointExtension>
            <gpxtpx:hr>143</gpxtpx:hr>
          </gpxtpx:TrackPointExtension>
        </extensions>
      </trkpt>
      <trkpt lat="40.003991321281006" lon="116.43465315030346">
        <ele>48.125199960544705</ele>
        <time>1970-01-01T00:17:39.100000Z</time>
        <extensions>
          <gpxtpx:TrackPointExtension>
            <gpxtpx:hr>143</gpxtpx:hr>
          </gpxtpx:TrackPointExtension>
        </extensions>
      </trkpt>
      <trkpt lat="40.003993768168755" lon="116.434683461569">
        <ele>48.07445849105716</ele>
        <time>1970-01-01T00:17:40.100000Z</time>
        <extensions>
          <gpxtpx:TrackPointExtension>
            <gpxtpx:hr>143</gpxtpx:hr>
          </gpxtpx:TrackPointExtension>
        </extensions>
      </trkpt>
      <trkpt lat="40.00399604499624" lon="116.43471490421219">
        <ele>48.0156371826306</ele>
        <time>1970-01-01T00:17:41.100000Z</time>
        <extensions>
          <gpxtpx:TrackPointExtension>
            <gpxtpx:hr>143</gpxtpx:hr>
          </gpxtpx:TrackPointExtension>
        </extensions>
      </trkpt>
      <trkpt lat="40.003998059912924" lon="116.43474728704665">
        <ele>47.94789956510067</ele>
        <time>1970-01-01T00:17:42.100000Z</time>
        <extensions>
          <gpxtpx:TrackPointExtension>
            <gpxtpx:hr>145</gpxtpx:hr>
          </gpxtpx:TrackPointExtension>
        </extensions>
      </trkpt>
      <trkpt lat="40.00399960250065" lon="116.43478014180539">
        <ele>47.87106071785092</ele>
        <time>1970-01-01T00:17:43.100000Z</time>
        <extensions>
          <gpxtpx:TrackPointExtension>
            <gpxtpx:hr>145</gpxtpx:hr>
          </gpxtpx:TrackPointExtension>
        </extensions>
      </trkpt>
      <trkpt lat="40.00400040330766" lon="116.43481282727514">
        <ele>47.7852748176083</ele>
        <time>1970-01-01T00:17:44.100000Z</time>
        <extensions>
          <gpxtpx:TrackPointExtension>
            <gpxtpx:hr>145</gpxtpx:hr>
          </gpxtpx:TrackPointExtension>
        </extensions>
      </trkpt>
      <trkpt lat="40.00400021902801" lon="116.43484528446935">
        <ele>47.691162802278996</ele>
        <time>1970-01-01T00:17:45.100000Z</time>
        <extensions>
          <gpxtpx:TrackPointExtension>
            <gpxtpx:hr>145</gpxtpx:hr>
          </gpxtpx:TrackPointExtension>
        </extensions>
      </trkpt>
      <trkpt lat="40.00399908080705" lon="116.43487755649242">
        <ele>47.58968099579215</ele>
        <time>1970-01-01T00:17:46.100000Z</time>
        <extensions>
          <gpxtpx:TrackPointExtension>
            <gpxtpx:hr>145</gpxtpx:hr>
          </gpxtpx:TrackPointExtension>
        </extensions>
      </trkpt>
      <trkpt lat="40.00399723299942" lon="116.43490938114093">
        <ele>47.4820254733786</ele>
        <time>1970-01-01T00:17:47.100000Z</time>
        <extensions>
          <gpxtpx:TrackPointExtension>
            <gpxtpx:hr>145</gpxtpx:hr>
          </gpxtpx:TrackPointExtension>
        </extensions>
      </trkpt>
      <trkpt lat="40.00399497843419" lon="116.43494067998269">
        <ele>47.369788761250675</ele>
        <time>1970-01-01T00:17:48.100000Z</time>
        <extensions>
          <gpxtpx:TrackPointExtension>
            <gpxtpx:hr>145</gpxtpx:hr>
          </gpxtpx:TrackPointExtension>
        </extensions>
      </trkpt>
      <trkpt lat="40.00399257551997" lon="116.4349717877619">
        <ele>47.25531835760921</ele>
        <time>1970-01-01T00:17:49.100000Z</time>
        <extensions>
          <gpxtpx:TrackPointExtension>
            <gpxtpx:hr>145</gpxtpx:hr>
          </gpxtpx:TrackPointExtension>
        </extensions>
      </trkpt>
      <trkpt lat="40.00399034782305" lon="116.43500298537121">
        <ele>47.14103192277253</ele>
        <time>1970-01-01T00:17:50.100000Z</time>
        <extensions>
          <gpxtpx:TrackPointExtension>
            <gpxtpx:hr>145</gpxtpx:hr>
          </gpxtpx:TrackPointExtension>
        </extensions>
      </trkpt>
      <trkpt lat="40.00398863406659" lon="116.43503424218513">
        <ele>47.02852310985327</ele>
        <time>1970-01-01T00:17:51.100000Z</time>
        <extensions>
          <gpxtpx:TrackPointExtension>
            <gpxtpx:hr>145</gpxtpx:hr>
          </gpxtpx:TrackPointExtension>
        </extensions>
      </trkpt>
      <trkpt lat="40.00398763633655" lon="116.43506568860212">
        <ele>46.91919357702136</ele>
        <time>1970-01-01T00:17:52.100000Z</time>
        <extensions>
          <gpxtpx:TrackPointExtension>
            <gpxtpx:hr>145</gpxtpx:hr>
          </gpxtpx:TrackPointExtension>
        </extensions>
      </trkpt>
      <trkpt lat="40.00398723451621" lon="116.43509744146073">
        <ele>46.81379655469209</ele>
        <time>1970-01-01T00:17:53.100000Z</time>
        <extensions>
          <gpxtpx:TrackPointExtension>
            <gpxtpx:hr>145</gpxtpx:hr>
          </gpxtpx:TrackPointExtension>
        </extensions>
      </trkpt>
      <trkpt lat="40.00398727855692" lon="116.4351291330034">
        <ele>46.71333409752697</ele>
        <time>1970-01-01T00:17:54.100000Z</time>
        <extensions>
          <gpxtpx:TrackPointExtension>
            <gpxtpx:hr>145</gpxtpx:hr>
          </gpxtpx:TrackPointExtension>
        </extensions>
      </trkpt>
      <trkpt lat="40.003988008352366" lon="116.43516042378735">
        <ele>46.61881627328694</ele>
        <time>1970-01-01T00:17:55.100000Z</time>
        <extensions>
          <gpxtpx:TrackPointExtension>
            <gpxtpx:hr>145</gpxtpx:hr>
          </gpxtpx:TrackPointExtension>
        </extensions>
      </trkpt>
      <trkpt lat="40.00398953976414" lon="116.43519107995041">
        <ele>46.53092166595161</ele>
        <time>1970-01-01T00:17:56.100000Z</time>
        <extensions>
          <gpxtpx:TrackPointExtension>
            <gpxtpx:hr>146</gpxtpx:hr>
          </gpxtpx:TrackPointExtension>
        </extensions>
      </trkpt>
      <trkpt lat="40.00399178457523" lon="116.43522110868837">
        <ele>46.44863591622561</ele>
        <time>1970-01-01T00:17:57.100000Z</time>
        <extensions>
          <gpxtpx:TrackPointExtension>
            <gpxtpx:hr>146</gpxtpx:hr>
          </gpxtpx:TrackPointExtension>
        </extensions>
      </trkpt>
      <trkpt lat="40.00399477572734" lon="116.43525071915802">
        <ele>46.37121378816664</ele>
        <time>1970-01-01T00:17:58.100000Z</time>
        <extensions>
          <gpxtpx:TrackPointExtension>
            <gpxtpx:hr>146</gpxtpx:hr>
          </gpxtpx:TrackPointExtension>
        </extensions>
      </trkpt>
      <trkpt lat="40.00399855538899" lon="116.43528040125089">
        <ele>46.29747221060097</ele>
        <time>1970-01-01T00:17:59.100000Z</time>
        <extensions>
          <gpxtpx:TrackPointExtension>
            <gpxtpx:hr>146</gpxtpx:hr>
          </gpxtpx:TrackPointExtension>
        </extensions>
      </trkpt>
      <trkpt lat="40.00400306188384" lon="116.43531037369647">
        <ele>46.22679773438722</ele>
        <time>1970-01-01T00:18:00.100000Z</time>
        <extensions>
          <gpxtpx:TrackPointExtension>
            <gpxtpx:hr>146</gpxtpx:hr>
          </gpxtpx:TrackPointExtension>
        </extensions>
      </trkpt>
      <trkpt lat="40.00400818304242" lon="116.43534036674247">
        <ele>46.15855741221458</ele>
        <time>1970-01-01T00:18:01.100000Z</time>
        <extensions>
          <gpxtpx:TrackPointExtension>
            <gpxtpx:hr>147</gpxtpx:hr>
          </gpxtpx:TrackPointExtension>
        </extensions>
      </trkpt>
      <trkpt lat="40.00401361144093" lon="116.43537011624103">
        <ele>46.092305288650095</ele>
        <time>1970-01-01T00:18:02.100000Z</time>
        <extensions>
          <gpxtpx:TrackPointExtension>
            <gpxtpx:hr>147</gpxtpx:hr>
          </gpxtpx:TrackPointExtension>
        </extensions>
      </trkpt>
      <trkpt lat="40.00401903319834" lon="116.43539972896497">
        <ele>46.02810528408736</ele>
        <time>1970-01-01T00:18:03.100000Z</time>
        <extensions>
          <gpxtpx:TrackPointExtension>
            <gpxtpx:hr>147</gpxtpx:hr>
          </gpxtpx:TrackPointExtension>
        </extensions>
      </trkpt>
      <trkpt lat="40.004024229258974" lon="116.43542957307055">
        <ele>45.966081438586116</ele>
        <time>1970-01-01T00:18:04.100000Z</time>
        <extensions>
          <gpxtpx:TrackPointExtension>
            <gpxtpx:hr>147</gpxtpx:hr>
          </gpxtpx:TrackPointExtension>
        </extensions>
      </trkpt>
      <trkpt lat="40.004029028269834" lon="116.43545965114208">
        <ele>45.906231180764735</ele>
        <time>1970-01-01T00:18:05.100000Z</time>
        <extensions>
          <gpxtpx:TrackPointExtension>
            <gpxtpx:hr>147</gpxtpx:hr>
          </gpxtpx:TrackPointExtension>
        </extensions>
      </trkpt>
      <trkpt lat="40.004033490935136" lon="116.43549009370163">
        <ele>45.848344502039254</ele>
        <time>1970-01-01T00:18:06.100000Z</time>
        <extensions>
          <gpxtpx:TrackPointExtension>
            <gpxtpx:hr>149</gpxtpx:hr>
          </gpxtpx:TrackPointExtension>
        </extensions>
      </trkpt>
      <trkpt lat="40.004037657372635" lon="116.43552116549077">
        <ele>45.79209220595658</ele>
        <time>1970-01-01T00:18:07.100000Z</time>
        <extensions>
          <gpxtpx:TrackPointExtension>
            <gpxtpx:hr>149</gpxtpx:hr>
          </gpxtpx:TrackPointExtension>
        </extensions>
      </trkpt>
      <trkpt lat="40.00404137989767" lon="116.4355527901729">
        <ele>45.73813857417554</ele>
        <time>1970-01-01T00:18:08.100000Z</time>
        <extensions>
          <gpxtpx:TrackPointExtension>
            <gpxtpx:hr>149</gpxtpx:hr>
          </gpxtpx:TrackPointExtension>
        </extensions>
      </trkpt>
      <trkpt lat="40.00404458226527" lon="116.43558462442238">
        <ele>45.685681137256324</ele>
        <time>1970-01-01T00:18:09.100000Z</time>
        <extensions>
          <gpxtpx:TrackPointExtension>
            <gpxtpx:hr>149</gpxtpx:hr>
          </gpxtpx:TrackPointExtension>
        </extensions>
      </trkpt>
      <trkpt lat="40.00404728859992" lon="116.43561631017916">
        <ele>45.63494071364403</ele>
        <time>1970-01-01T00:18:10.100000Z</time>
        <extensions>
          <gpxtpx:TrackPointExtension>
            <gpxtpx:hr>149</gpxtpx:hr>
          </gpxtpx:TrackPointExtension>
        </extensions>
      </trkpt>
      <trkpt lat="40.0040492450384" lon="116.43564744530002">
        <ele>45.58541669789702</ele>
        <time>1970-01-01T00:18:11.100000Z</time>
        <extensions>
          <gpxtpx:TrackPointExtension>
            <gpxtpx:hr>149</gpxtpx:hr>
          </gpxtpx:TrackPointExtension>
        </extensions>
      </trkpt>
      <trkpt lat="40.00405021527283" lon="116.43567779166258">
        <ele>45.536055743694305</ele>
        <time>1970-01-01T00:18:12.100000Z</time>
        <extensions>
          <gpxtpx:TrackPointExtension>
            <gpxtpx:hr>149</gpxtpx:hr>
          </gpxtpx:TrackPointExtension>
        </extensions>
      </trkpt>
      <trkpt lat="40.00405022155217" lon="116.43570754449406">
        <ele>45.48571565467864</ele>
        <time>1970-01-01T00:18:13.100000Z</time>
        <extensions>
          <gpxtpx:TrackPointExtension>
            <gpxtpx:hr>148</gpxtpx:hr>
          </gpxtpx:TrackPointExtension>
        </extensions>
      </trkpt>
      <trkpt lat="40.00404937668924" lon="116.43573704043288">
        <ele>45.43400706164539</ele>
        <time>1970-01-01T00:18:14.100000Z</time>
        <extensions>
          <gpxtpx:TrackPointExtension>
            <gpxtpx:hr>148</gpxtpx:hr>
          </gpxtpx:TrackPointExtension>
        </extensions>
      </trkpt>
      <trkpt lat="40.004047641317854" lon="116.43576658916159">
        <ele>45.3801804035902</ele>
        <time>1970-01-01T00:18:15.100000Z</time>
        <extensions>
          <gpxtpx:TrackPointExtension>
            <gpxtpx:hr>148</gpxtpx:hr>
          </gpxtpx:TrackPointExtension>
        </extensions>
      </trkpt>
      <trkpt lat="40.00404491317057" lon="116.43579636877242">
        <ele>45.32404117565602</ele>
        <time>1970-01-01T00:18:16.100000Z</time>
        <extensions>
          <gpxtpx:TrackPointExtension>
            <gpxtpx:hr>149</gpxtpx:hr>
          </gpxtpx:TrackPointExtension>
        </extensions>
      </trkpt>
      <trkpt lat="40.004041110205186" lon="116.43582637379991">
        <ele>45.265320223756135</ele>
        <time>1970-01-01T00:18:17.100000Z</time>
        <extensions>
          <gpxtpx:TrackPointExtension>
            <gpxtpx:hr>149</gpxtpx:hr>
          </gpxtpx:TrackPointExtension>
        </extensions>
      </trkpt>
      <trkpt lat="40.00403620642452" lon="116.435856379131">
        <ele>45.20449643302709</ele>
        <time>1970-01-01T00:18:18.100000Z</time>
        <extensions>
          <gpxtpx:TrackPointExtension>
            <gpxtpx:hr>149</gpxtpx:hr>
          </gpxtpx:TrackPointExtension>
        </extensions>
      </trkpt>
      <trkpt lat="40.004030392274046" lon="116.43588626814824">
        <ele>45.14290590863675</ele>
        <time>1970-01-01T00:18:19.100000Z</time>
        <extensions>
          <gpxtpx:TrackPointExtension>
            <gpxtpx:hr>148</gpxtpx:hr>
          </gpxtpx:TrackPointExtension>
        </extensions>
      </trkpt>
      <trkpt lat="40.00402406564055" lon="116.43591612378324">
        <ele>45.08152422774583</ele>
        <time>1970-01-01T00:18:20.100000Z</time>
        <extensions>
          <gpxtpx:TrackPointExtension>
            <gpxtpx:hr>148</gpxtpx:hr>
          </gpxtpx:TrackPointExtension>
        </extensions>
      </trkpt>
      <trkpt lat="40.00401774547268" lon="116.43594585078154">
        <ele>45.02141472604126</ele>
        <time>1970-01-01T00:18:21.100000Z</time>
        <extensions>
          <gpxtpx:TrackPointExtension>
            <gpxtpx:hr>148</gpxtpx:hr>
          </gpxtpx:TrackPointExtension>
        </extensions>
      </trkpt>
      <trkpt lat="40.004011887015366" lon="116.43597551956667">
        <ele>44.962960314936936</ele>
        <time>1970-01-01T00:18:22.100000Z</time>
        <extensions>
          <gpxtpx:TrackPointExtension>
            <gpxtpx:hr>148</gpxtpx:hr>
          </gpxtpx:TrackPointExtension>
        </extensions>
      </trkpt>
      <trkpt lat="40.004006762396294" lon="116.43600532562532">
        <ele>44.90666480641812</ele>
        <time>1970-01-01T00:18:23.100000Z</time>
        <extensions>
          <gpxtpx:TrackPointExtension>
            <gpxtpx:hr>148</gpxtpx:hr>
          </gpxtpx:TrackPointExtension>
        </extensions>
      </trkpt>
      <trkpt lat="40.00400226447865" lon="116.43603533322873">
        <ele>44.85342444572598</ele>
        <time>1970-01-01T00:18:24.100000Z</time>
        <extensions>
          <gpxtpx:TrackPointExtension>
            <gpxtpx:hr>148</gpxtpx:hr>
          </gpxtpx:TrackPointExtension>
        </extensions>
      </trkpt>
      <trkpt lat="40.00399813445084" lon="116.43606522321446">
        <ele>44.80371584556997</ele>
        <time>1970-01-01T00:18:25.100000Z</time>
        <extensions>
          <gpxtpx:TrackPointExtension>
            <gpxtpx:hr>149</gpxtpx:hr>
          </gpxtpx:TrackPointExtension>
        </extensions>
      </trkpt>
      <trkpt lat="40.00399445484206" lon="116.43609473307141">
        <ele>44.75754884351045</ele>
        <time>1970-01-01T00:18:26.100000Z</time>
        <extensions>
          <gpxtpx:TrackPointExtension>
            <gpxtpx:hr>149</gpxtpx:hr>
          </gpxtpx:TrackPointExtension>
        </extensions>
      </trkpt>
      <trkpt lat="40.00399139478021" lon="116.43612401154226">
        <ele>44.715205875225365</ele>
        <time>1970-01-01T00:18:27.100000Z</time>
        <extensions>
          <gpxtpx:TrackPointExtension>
            <gpxtpx:hr>149</gpxtpx:hr>
          </gpxtpx:TrackPointExtension>
        </extensions>
      </trkpt>
      <trkpt lat="40.00398899598724" lon="116.4361534238574">
        <ele>44.67689508292824</ele>
        <time>1970-01-01T00:18:28.100000Z</time>
        <extensions>
          <gpxtpx:TrackPointExtension>
            <gpxtpx:hr>149</gpxtpx:hr>
          </gpxtpx:TrackPointExtension>
        </extensions>
      </trkpt>
      <trkpt lat="40.00398724366737" lon="116.43618321853292">
        <ele>44.64283018279821</ele>
        <time>1970-01-01T00:18:29.100000Z</time>
        <extensions>
          <gpxtpx:TrackPointExtension>
            <gpxtpx:hr>149</gpxtpx:hr>
          </gpxtpx:TrackPointExtension>
        </extensions>
      </trkpt>
      <trkpt lat="40.00398605431569" lon="116.43621345053921">
        <ele>44.61401356570423</ele>
        <time>1970-01-01T00:18:30.100000Z</time>
        <extensions>
          <gpxtpx:TrackPointExtension>
            <gpxtpx:hr>149</gpxtpx:hr>
          </gpxtpx:TrackPointExtension>
        </extensions>
      </trkpt>
      <trkpt lat="40.003985148134824" lon="116.43624405183373">
        <ele>44.59051417466253</ele>
        <time>1970-01-01T00:18:31.100000Z</time>
        <extensions>
          <gpxtpx:TrackPointExtension>
            <gpxtpx:hr>149</gpxtpx:hr>
          </gpxtpx:TrackPointExtension>
        </extensions>
      </trkpt>
      <trkpt lat="40.0039842305546" lon="116.43627464094783">
        <ele>44.57293123845011</ele>
        <time>1970-01-01T00:18:32.100000Z</time>
        <extensions>
          <gpxtpx:TrackPointExtension>
            <gpxtpx:hr>152</gpxtpx:hr>
          </gpxtpx:TrackPointExtension>
        </extensions>
      </trkpt>
      <trkpt lat="40.0039830716815" lon="116.43630512578916">
        <ele>44.56153283454478</ele>
        <time>1970-01-01T00:18:33.100000Z</time>
        <extensions>
          <gpxtpx:TrackPointExtension>
            <gpxtpx:hr>152</gpxtpx:hr>
          </gpxtpx:TrackPointExtension>
        </extensions>
      </trkpt>
      <trkpt lat="40.00398151476225" lon="116.43633576760678">
        <ele>44.55700739566237</ele>
        <time>1970-01-01T00:18:34.100000Z</time>
        <extensions>
          <gpxtpx:TrackPointExtension>
            <gpxtpx:hr>152</gpxtpx:hr>
          </gpxtpx:TrackPointExtension>
        </extensions>
      </trkpt>
      <trkpt lat="40.00397933669054" lon="116.43636700505702">
        <ele>44.559222431853414</ele>
        <time>1970-01-01T00:18:35.100000Z</time>
        <extensions>
          <gpxtpx:TrackPointExtension>
            <gpxtpx:hr>152</gpxtpx:hr>
          </gpxtpx:TrackPointExtension>
        </extensions>
      </trkpt>
      <trkpt lat="40.00397643995371" lon="116.4363992977316">
        <ele>44.56823665648699</ele>
        <time>1970-01-01T00:18:36.100000Z</time>
        <extensions>
          <gpxtpx:TrackPointExtension>
            <gpxtpx:hr>152</gpxtpx:hr>
          </gpxtpx:TrackPointExtension>
        </extensions>
      </trkpt>
      <trkpt lat="40.00397295653956" lon="116.43643252964578">
        <ele>44.58353051170707</ele>
        <time>1970-01-01T00:18:37.100000Z</time>
        <extensions>
          <gpxtpx:TrackPointExtension>
            <gpxtpx:hr>152</gpxtpx:hr>
          </gpxtpx:TrackPointExtension>
        </extensions>
      </trkpt>
      <trkpt lat="40.00396909671999" lon="116.43646636841383">
        <ele>44.60410119500011</ele>
        <time>1970-01-01T00:18:38.100000Z</time>
        <extensions>
          <gpxtpx:TrackPointExtension>
            <gpxtpx:hr>153</gpxtpx:hr>
          </gpxtpx:TrackPointExtension>
        </extensions>
      </trkpt>
      <trkpt lat="40.00396484108262" lon="116.43650054084011">
        <ele>44.629189097322524</ele>
        <time>1970-01-01T00:18:39.100000Z</time>
        <extensions>
          <gpxtpx:TrackPointExtension>
            <gpxtpx:hr>153</gpxtpx:hr>
          </gpxtpx:TrackPointExtension>
        </extensions>
      </trkpt>
      <trkpt lat="40.00396008472556" lon="116.43653458540754">
        <ele>44.65738456789404</ele>
        <time>1970-01-01T00:18:40.100000Z</time>
        <extensions>
          <gpxtpx:TrackPointExtension>
            <gpxtpx:hr>153</gpxtpx:hr>
          </gpxtpx:TrackPointExtension>
        </extensions>
      </trkpt>
      <trkpt lat="40.003955027413944" lon="116.43656818295771">
        <ele>44.68787673860788</ele>
        <time>1970-01-01T00:18:41.100000Z</time>
        <extensions>
          <gpxtpx:TrackPointExtension>
            <gpxtpx:hr>153</gpxtpx:hr>
          </gpxtpx:TrackPointExtension>
        </extensions>
      </trkpt>
      <trkpt lat="40.00394986017468" lon="116.43660129753125">
        <ele>44.719550747424364</ele>
        <time>1970-01-01T00:18:42.100000Z</time>
        <extensions>
          <gpxtpx:TrackPointExtension>
            <gpxtpx:hr>153</gpxtpx:hr>
          </gpxtpx:TrackPointExtension>
        </extensions>
      </trkpt>
      <trkpt lat="40.00394478442606" lon="116.43663382990577">
        <ele>44.75156224425882</ele>
        <time>1970-01-01T00:18:43.100000Z</time>
        <extensions>
          <gpxtpx:TrackPointExtension>
            <gpxtpx:hr>153</gpxtpx:hr>
          </gpxtpx:TrackPointExtension>
        </extensions>
      </trkpt>
      <trkpt lat="40.00393991836203" lon="116.43666561383735">
        <ele>44.783428793773055</ele>
        <time>1970-01-01T00:18:44.100000Z</time>
        <extensions>
          <gpxtpx:TrackPointExtension>
            <gpxtpx:hr>153</gpxtpx:hr>
          </gpxtpx:TrackPointExtension>
        </extensions>
      </trkpt>
      <trkpt lat="40.00393523530654" lon="116.43669662687184">
        <ele>44.81563476007432</ele>
        <time>1970-01-01T00:18:45.100000Z</time>
        <extensions>
          <gpxtpx:TrackPointExtension>
            <gpxtpx:hr>153</gpxtpx:hr>
          </gpxtpx:TrackPointExtension>
        </extensions>
      </trkpt>
      <trkpt lat="40.00393055310899" lon="116.43672726392931">
        <ele>44.848216702230275</ele>
        <time>1970-01-01T00:18:46.200000Z</time>
        <extensions>
          <gpxtpx:TrackPointExtension>
            <gpxtpx:hr>153</gpxtpx:hr>
          </gpxtpx:TrackPointExtension>
        </extensions>
      </trkpt>
      <trkpt lat="40.00392555965137" lon="116.43675801590031">
        <ele>44.881768671795726</ele>
        <time>1970-01-01T00:18:47.200000Z</time>
        <extensions>
          <gpxtpx:TrackPointExtension>
            <gpxtpx:hr>153</gpxtpx:hr>
          </gpxtpx:TrackPointExtension>
        </extensions>
      </trkpt>
      <trkpt lat="40.00392018128441" lon="116.43678909456267">
        <ele>44.916924038901925</ele>
        <time>1970-01-01T00:18:48.200000Z</time>
        <extensions>
          <gpxtpx:TrackPointExtension>
            <gpxtpx:hr>153</gpxtpx:hr>
          </gpxtpx:TrackPointExtension>
        </extensions>
      </trkpt>
      <trkpt lat="40.00391448059618" lon="116.4368203911676">
        <ele>44.95219977851957</ele>
        <time>1970-01-01T00:18:49.200000Z</time>
        <extensions>
          <gpxtpx:TrackPointExtension>
            <gpxtpx:hr>153</gpxtpx:hr>
          </gpxtpx:TrackPointExtension>
        </extensions>
      </trkpt>
      <trkpt lat="40.003908537268536" lon="116.43685176407922">
        <ele>44.98780458327383</ele>
        <time>1970-01-01T00:18:50.200000Z</time>
        <extensions>
          <gpxtpx:TrackPointExtension>
            <gpxtpx:hr>150</gpxtpx:hr>
          </gpxtpx:TrackPointExtension>
        </extensions>
      </trkpt>
      <trkpt lat="40.003902446246386" lon="116.43688336356009">
        <ele>45.02321379352361</ele>
        <time>1970-01-01T00:18:51.200000Z</time>
        <extensions>
          <gpxtpx:TrackPointExtension>
            <gpxtpx:hr>150</gpxtpx:hr>
          </gpxtpx:TrackPointExtension>
        </extensions>
      </trkpt>
      <trkpt lat="40.00389628906204" lon="116.43691547982209">
        <ele>45.05774068739265</ele>
        <time>1970-01-01T00:18:52.200000Z</time>
        <extensions>
          <gpxtpx:TrackPointExtension>
            <gpxtpx:hr>150</gpxtpx:hr>
          </gpxtpx:TrackPointExtension>
        </extensions>
      </trkpt>
      <trkpt lat="40.0038900867826" lon="116.43694805537194">
        <ele>45.08987164590508</ele>
        <time>1970-01-01T00:18:53.200000Z</time>
        <extensions>
          <gpxtpx:TrackPointExtension>
            <gpxtpx:hr>150</gpxtpx:hr>
          </gpxtpx:TrackPointExtension>
        </extensions>
      </trkpt>
      <trkpt lat="40.003883767300614" lon="116.4369805751797">
        <ele>45.11812274903059</ele>
        <time>1970-01-01T00:18:54.200000Z</time>
        <extensions>
          <gpxtpx:TrackPointExtension>
            <gpxtpx:hr>150</gpxtpx:hr>
          </gpxtpx:TrackPointExtension>
        </extensions>
      </trkpt>
      <trkpt lat="40.003877236108586" lon="116.43701273201012">
        <ele>45.14257824514061</ele>
        <time>1970-01-01T00:18:55.200000Z</time>
        <extensions>
          <gpxtpx:TrackPointExtension>
            <gpxtpx:hr>150</gpxtpx:hr>
          </gpxtpx:TrackPointExtension>
        </extensions>
      </trkpt>
      <trkpt lat="40.00387061219698" lon="116.43704462380083">
        <ele>45.16258921008557</ele>
        <time>1970-01-01T00:18:56.200000Z</time>
        <extensions>
          <gpxtpx:TrackPointExtension>
            <gpxtpx:hr>151</gpxtpx:hr>
          </gpxtpx:TrackPointExtension>
        </extensions>
      </trkpt>
      <trkpt lat="40.00386409307283" lon="116.43707657646421">
        <ele>45.17798782233149</ele>
        <time>1970-01-01T00:18:57.200000Z</time>
        <extensions>
          <gpxtpx:TrackPointExtension>
            <gpxtpx:hr>151</gpxtpx:hr>
          </gpxtpx:TrackPointExtension>
        </extensions>
      </trkpt>
      <trkpt lat="40.00385772611156" lon="116.43710856943035">
        <ele>45.18861608766019</ele>
        <time>1970-01-01T00:18:58.200000Z</time>
        <extensions>
          <gpxtpx:TrackPointExtension>
            <gpxtpx:hr>151</gpxtpx:hr>
          </gpxtpx:TrackPointExtension>
        </extensions>
      </trkpt>
      <trkpt lat="40.003851479777104" lon="116.43714020586432">
        <ele>45.19434433989227</ele>
        <time>1970-01-01T00:18:59.200000Z</time>
        <extensions>
          <gpxtpx:TrackPointExtension>
            <gpxtpx:hr>151</gpxtpx:hr>
          </gpxtpx:TrackPointExtension>
        </extensions>
      </trkpt>
      <trkpt lat="40.0038453171468" lon="116.43717133263873">
        <ele>45.19504034612328</ele>
        <time>1970-01-01T00:19:00.200000Z</time>
        <extensions>
          <gpxtpx:TrackPointExtension>
            <gpxtpx:hr>151</gpxtpx:hr>
          </gpxtpx:TrackPointExtension>
        </extensions>
      </trkpt>
      <trkpt lat="40.00383925952964" lon="116.4372021520965">
        <ele>45.190378739498556</ele>
        <time>1970-01-01T00:19:01.200000Z</time>
        <extensions>
          <gpxtpx:TrackPointExtension>
            <gpxtpx:hr>151</gpxtpx:hr>
          </gpxtpx:TrackPointExtension>
        </extensions>
      </trkpt>
      <trkpt lat="40.00383333378775" lon="116.4372333538349">
        <ele>45.18091095332056</ele>
        <time>1970-01-01T00:19:02.200000Z</time>
        <extensions>
          <gpxtpx:TrackPointExtension>
            <gpxtpx:hr>151</gpxtpx:hr>
          </gpxtpx:TrackPointExtension>
        </extensions>
      </trkpt>
      <trkpt lat="40.00382763112286" lon="116.43726496588894">
        <ele>45.167125270701945</ele>
        <time>1970-01-01T00:19:03.200000Z</time>
        <extensions>
          <gpxtpx:TrackPointExtension>
            <gpxtpx:hr>151</gpxtpx:hr>
          </gpxtpx:TrackPointExtension>
        </extensions>
      </trkpt>
      <trkpt lat="40.003822347391434" lon="116.43729651748848">
        <ele>45.14957297965884</ele>
        <time>1970-01-01T00:19:04.200000Z</time>
        <extensions>
          <gpxtpx:TrackPointExtension>
            <gpxtpx:hr>151</gpxtpx:hr>
          </gpxtpx:TrackPointExtension>
        </extensions>
      </trkpt>
      <trkpt lat="40.0038176766276" lon="116.43732795537314">
        <ele>45.12873230408877</ele>
        <time>1970-01-01T00:19:05.200000Z</time>
        <extensions>
          <gpxtpx:TrackPointExtension>
            <gpxtpx:hr>151</gpxtpx:hr>
          </gpxtpx:TrackPointExtension>
        </extensions>
      </trkpt>
      <trkpt lat="40.00381379771558" lon="116.43735940096941">
        <ele>45.10488960985094</ele>
        <time>1970-01-01T00:19:06.200000Z</time>
        <extensions>
          <gpxtpx:TrackPointExtension>
            <gpxtpx:hr>151</gpxtpx:hr>
          </gpxtpx:TrackPointExtension>
        </extensions>
      </trkpt>
      <trkpt lat="40.00381079833844" lon="116.43739128325885">
        <ele>45.07877722289413</ele>
        <time>1970-01-01T00:19:07.200000Z</time>
        <extensions>
          <gpxtpx:TrackPointExtension>
            <gpxtpx:hr>151</gpxtpx:hr>
          </gpxtpx:TrackPointExtension>
        </extensions>
      </trkpt>
      <trkpt lat="40.00380860482059" lon="116.43742390625414">
        <ele>45.05008227471262</ele>
        <time>1970-01-01T00:19:08.200000Z</time>
        <extensions>
          <gpxtpx:TrackPointExtension>
            <gpxtpx:hr>151</gpxtpx:hr>
          </gpxtpx:TrackPointExtension>
        </extensions>
      </trkpt>
      <trkpt lat="40.00380717221982" lon="116.43745699074532">
        <ele>45.01926162652671</ele>
        <time>1970-01-01T00:19:09.200000Z</time>
        <extensions>
          <gpxtpx:TrackPointExtension>
            <gpxtpx:hr>151</gpxtpx:hr>
          </gpxtpx:TrackPointExtension>
        </extensions>
      </trkpt>
      <trkpt lat="40.00380651352789" lon="116.4374903000267">
        <ele>44.9876185497269</ele>
        <time>1970-01-01T00:19:10.200000Z</time>
        <extensions>
          <gpxtpx:TrackPointExtension>
            <gpxtpx:hr>151</gpxtpx:hr>
          </gpxtpx:TrackPointExtension>
        </extensions>
      </trkpt>
      <trkpt lat="40.003806608885874" lon="116.43752382670692">
        <ele>44.954727535136044</ele>
        <time>1970-01-01T00:19:11.200000Z</time>
        <extensions>
          <gpxtpx:TrackPointExtension>
            <gpxtpx:hr>151</gpxtpx:hr>
          </gpxtpx:TrackPointExtension>
        </extensions>
      </trkpt>
      <trkpt lat="40.003807249288904" lon="116.43755746102318">
        <ele>44.920765571296215</ele>
        <time>1970-01-01T00:19:12.200000Z</time>
        <extensions>
          <gpxtpx:TrackPointExtension>
            <gpxtpx:hr>151</gpxtpx:hr>
          </gpxtpx:TrackPointExtension>
        </extensions>
      </trkpt>
      <trkpt lat="40.00380812966" lon="116.43759111281338">
        <ele>44.88618474267423</ele>
        <time>1970-01-01T00:19:13.200000Z</time>
        <extensions>
          <gpxtpx:TrackPointExtension>
            <gpxtpx:hr>151</gpxtpx:hr>
          </gpxtpx:TrackPointExtension>
        </extensions>
      </trkpt>
      <trkpt lat="40.00380905446435" lon="116.43762483863546">
        <ele>44.85148363839835</ele>
        <time>1970-01-01T00:19:14.200000Z</time>
        <extensions>
          <gpxtpx:TrackPointExtension>
            <gpxtpx:hr>151</gpxtpx:hr>
          </gpxtpx:TrackPointExtension>
        </extensions>
      </trkpt>
      <trkpt lat="40.0038100196814" lon="116.437658793233">
        <ele>44.81695251259953</ele>
        <time>1970-01-01T00:19:15.200000Z</time>
        <extensions>
          <gpxtpx:TrackPointExtension>
            <gpxtpx:hr>154</gpxtpx:hr>
          </gpxtpx:TrackPointExtension>
        </extensions>
      </trkpt>
      <trkpt lat="40.00381090772195" lon="116.43769317656576">
        <ele>44.782159510068595</ele>
        <time>1970-01-01T00:19:16.200000Z</time>
        <extensions>
          <gpxtpx:TrackPointExtension>
            <gpxtpx:hr>154</gpxtpx:hr>
          </gpxtpx:TrackPointExtension>
        </extensions>
      </trkpt>
      <trkpt lat="40.00381146202507" lon="116.43772775361785">
        <ele>44.747078583575785</ele>
        <time>1970-01-01T00:19:17.200000Z</time>
        <extensions>
          <gpxtpx:TrackPointExtension>
            <gpxtpx:hr>154</gpxtpx:hr>
          </gpxtpx:TrackPointExtension>
        </extensions>
      </trkpt>
      <trkpt lat="40.003811537428966" lon="116.4377624068987">
        <ele>44.71204636711627</ele>
        <time>1970-01-01T00:19:18.200000Z</time>
        <extensions>
          <gpxtpx:TrackPointExtension>
            <gpxtpx:hr>154</gpxtpx:hr>
          </gpxtpx:TrackPointExtension>
        </extensions>
      </trkpt>
      <trkpt lat="40.00381042239066" lon="116.43779711817541">
        <ele>44.67672180291265</ele>
        <time>1970-01-01T00:19:19.200000Z</time>
        <extensions>
          <gpxtpx:TrackPointExtension>
            <gpxtpx:hr>154</gpxtpx:hr>
          </gpxtpx:TrackPointExtension>
        </extensions>
      </trkpt>
      <trkpt lat="40.00380726649082" lon="116.43783135073025">
        <ele>44.641780484467745</ele>
        <time>1970-01-01T00:19:20.200000Z</time>
        <extensions>
          <gpxtpx:TrackPointExtension>
            <gpxtpx:hr>154</gpxtpx:hr>
          </gpxtpx:TrackPointExtension>
        </extensions>
      </trkpt>
      <trkpt lat="40.003801857119925" lon="116.43786527630365">
        <ele>44.60651366505772</ele>
        <time>1970-01-01T00:19:21.200000Z</time>
        <extensions>
          <gpxtpx:TrackPointExtension>
            <gpxtpx:hr>154</gpxtpx:hr>
          </gpxtpx:TrackPointExtension>
        </extensions>
      </trkpt>
      <trkpt lat="40.00379415244393" lon="116.4378989825343">
        <ele>44.5710531193763</ele>
        <time>1970-01-01T00:19:22.200000Z</time>
        <extensions>
          <gpxtpx:TrackPointExtension>
            <gpxtpx:hr>153</gpxtpx:hr>
          </gpxtpx:TrackPointExtension>
        </extensions>
      </trkpt>
      <trkpt lat="40.00378406423075" lon="116.43793197126237">
        <ele>44.53595265839249</ele>
        <time>1970-01-01T00:19:23.200000Z</time>
        <extensions>
          <gpxtpx:TrackPointExtension>
            <gpxtpx:hr>153</gpxtpx:hr>
          </gpxtpx:TrackPointExtension>
        </extensions>
      </trkpt>
      <trkpt lat="40.003771492563374" lon="116.43796416648257">
        <ele>44.50122960563749</ele>
        <time>1970-01-01T00:19:24.200000Z</time>
        <extensions>
          <gpxtpx:TrackPointExtension>
            <gpxtpx:hr>153</gpxtpx:hr>
          </gpxtpx:TrackPointExtension>
        </extensions>
      </trkpt>
      <trkpt lat="40.00375654146617" lon="116.43799542673393">
        <ele>44.467151610180736</ele>
        <time>1970-01-01T00:19:25.200000Z</time>
        <extensions>
          <gpxtpx:TrackPointExtension>
            <gpxtpx:hr>153</gpxtpx:hr>
          </gpxtpx:TrackPointExtension>
        </extensions>
      </trkpt>
      <trkpt lat="40.00373916903508" lon="116.43802574399245">
        <ele>44.43399213813245</ele>
        <time>1970-01-01T00:19:26.200000Z</time>
        <extensions>
          <gpxtpx:TrackPointExtension>
            <gpxtpx:hr>153</gpxtpx:hr>
          </gpxtpx:TrackPointExtension>
        </extensions>
      </trkpt>
      <trkpt lat="40.00371909253535" lon="116.43805446456908">
        <ele>44.40076095983386</ele>
        <time>1970-01-01T00:19:27.200000Z</time>
        <extensions>
          <gpxtpx:TrackPointExtension>
            <gpxtpx:hr>153</gpxtpx:hr>
          </gpxtpx:TrackPointExtension>
        </extensions>
      </trkpt>
      <trkpt lat="40.003696398434435" lon="116.43807976326683">
        <ele>44.368264525197446</ele>
        <time>1970-01-01T00:19:28.200000Z</time>
        <extensions>
          <gpxtpx:TrackPointExtension>
            <gpxtpx:hr>153</gpxtpx:hr>
          </gpxtpx:TrackPointExtension>
        </extensions>
      </trkpt>
      <trkpt lat="40.00367176914601" lon="116.43809991355778">
        <ele>44.33637393731624</ele>
        <time>1970-01-01T00:19:29.200000Z</time>
        <extensions>
          <gpxtpx:TrackPointExtension>
            <gpxtpx:hr>153</gpxtpx:hr>
          </gpxtpx:TrackPointExtension>
        </extensions>
      </trkpt>
      <trkpt lat="40.00364599387947" lon="116.4381145110133">
        <ele>44.30420898646116</ele>
        <time>1970-01-01T00:19:30.200000Z</time>
        <extensions>
          <gpxtpx:TrackPointExtension>
            <gpxtpx:hr>153</gpxtpx:hr>
          </gpxtpx:TrackPointExtension>
        </extensions>
      </trkpt>
      <trkpt lat="40.003620005185155" lon="116.43812424073066">
        <ele>44.27119421958923</ele>
        <time>1970-01-01T00:19:31.200000Z</time>
        <extensions>
          <gpxtpx:TrackPointExtension>
            <gpxtpx:hr>153</gpxtpx:hr>
          </gpxtpx:TrackPointExtension>
        </extensions>
      </trkpt>
      <trkpt lat="40.00359456032837" lon="116.43813014313083">
        <ele>44.23709168098867</ele>
        <time>1970-01-01T00:19:32.200000Z</time>
        <extensions>
          <gpxtpx:TrackPointExtension>
            <gpxtpx:hr>153</gpxtpx:hr>
          </gpxtpx:TrackPointExtension>
        </extensions>
      </trkpt>
      <trkpt lat="40.00357007900543" lon="116.43813330767422">
        <ele>44.201264180243015</ele>
        <time>1970-01-01T00:19:33.200000Z</time>
        <extensions>
          <gpxtpx:TrackPointExtension>
            <gpxtpx:hr>153</gpxtpx:hr>
          </gpxtpx:TrackPointExtension>
        </extensions>
      </trkpt>
      <trkpt lat="40.00354625935934" lon="116.43813462458294">
        <ele>44.16375485714525</ele>
        <time>1970-01-01T00:19:34.200000Z</time>
        <extensions>
          <gpxtpx:TrackPointExtension>
            <gpxtpx:hr>153</gpxtpx:hr>
          </gpxtpx:TrackPointExtension>
        </extensions>
      </trkpt>
      <trkpt lat="40.003522511161485" lon="116.43813492696252">
        <ele>44.124424112029374</ele>
        <time>1970-01-01T00:19:35.200000Z</time>
        <extensions>
          <gpxtpx:TrackPointExtension>
            <gpxtpx:hr>153</gpxtpx:hr>
          </gpxtpx:TrackPointExtension>
        </extensions>
      </trkpt>
      <trkpt lat="40.003498290648196" lon="116.43813474621751">
        <ele>44.08345329109579</ele>
        <time>1970-01-01T00:19:36.200000Z</time>
        <extensions>
          <gpxtpx:TrackPointExtension>
            <gpxtpx:hr>153</gpxtpx:hr>
          </gpxtpx:TrackPointExtension>
        </extensions>
      </trkpt>
      <trkpt lat="40.003473252816384" lon="116.43813451233135">
        <ele>44.03979485761374</ele>
        <time>1970-01-01T00:19:37.200000Z</time>
        <extensions>
          <gpxtpx:TrackPointExtension>
            <gpxtpx:hr>153</gpxtpx:hr>
          </gpxtpx:TrackPointExtension>
        </extensions>
      </trkpt>
      <trkpt lat="40.003447723144205" lon="116.438134586872">
        <ele>43.992837419733405</ele>
        <time>1970-01-01T00:19:38.200000Z</time>
        <extensions>
          <gpxtpx:TrackPointExtension>
            <gpxtpx:hr>153</gpxtpx:hr>
          </gpxtpx:TrackPointExtension>
        </extensions>
      </trkpt>
      <trkpt lat="40.003421822716454" lon="116.4381352271372">
        <ele>43.941471624188125</ele>
        <time>1970-01-01T00:19:39.200000Z</time>
        <extensions>
          <gpxtpx:TrackPointExtension>
            <gpxtpx:hr>153</gpxtpx:hr>
          </gpxtpx:TrackPointExtension>
        </extensions>
      </trkpt>
      <trkpt lat="40.003395656108886" lon="116.43813658701167">
        <ele>43.88558976352215</ele>
        <time>1970-01-01T00:19:40.200000Z</time>
        <extensions>
          <gpxtpx:TrackPointExtension>
            <gpxtpx:hr>151</gpxtpx:hr>
          </gpxtpx:TrackPointExtension>
        </extensions>
      </trkpt>
      <trkpt lat="40.0033692816006" lon="116.43813856649493">
        <ele>43.82498060259968</ele>
        <time>1970-01-01T00:19:41.200000Z</time>
        <extensions>
          <gpxtpx:TrackPointExtension>
            <gpxtpx:hr>151</gpxtpx:hr>
          </gpxtpx:TrackPointExtension>
        </extensions>
      </trkpt>
      <trkpt lat="40.00334283248265" lon="116.43814101729345">
        <ele>43.7592328004539</ele>
        <time>1970-01-01T00:19:42.200000Z</time>
        <extensions>
          <gpxtpx:TrackPointExtension>
            <gpxtpx:hr>151</gpxtpx:hr>
          </gpxtpx:TrackPointExtension>
        </extensions>
      </trkpt>
      <trkpt lat="40.00331678713774" lon="116.43814378346832">
        <ele>43.68895613215864</ele>
        <time>1970-01-01T00:19:43.200000Z</time>
        <extensions>
          <gpxtpx:TrackPointExtension>
            <gpxtpx:hr>151</gpxtpx:hr>
          </gpxtpx:TrackPointExtension>
        </extensions>
      </trkpt>
      <trkpt lat="40.00329139048868" lon="116.43814667339173">
        <ele>43.61485316418111</ele>
        <time>1970-01-01T00:19:44.200000Z</time>
        <extensions>
          <gpxtpx:TrackPointExtension>
            <gpxtpx:hr>151</gpxtpx:hr>
          </gpxtpx:TrackPointExtension>
        </extensions>
      </trkpt>
      <trkpt lat="40.00326641594656" lon="116.43814965915885">
        <ele>43.538172711618245</ele>
        <time>1970-01-01T00:19:45.200000Z</time>
        <extensions>
          <gpxtpx:TrackPointExtension>
            <gpxtpx:hr>151</gpxtpx:hr>
          </gpxtpx:TrackPointExtension>
        </extensions>
      </trkpt>
      <trkpt lat="40.003241556508875" lon="116.4381527775229">
        <ele>43.460198409855366</ele>
        <time>1970-01-01T00:19:46.200000Z</time>
        <extensions>
          <gpxtpx:TrackPointExtension>
            <gpxtpx:hr>151</gpxtpx:hr>
          </gpxtpx:TrackPointExtension>
        </extensions>
      </trkpt>
      <trkpt lat="40.003216798002335" lon="116.43815605785026">
        <ele>43.38172318413854</ele>
        <time>1970-01-01T00:19:47.200000Z</time>
        <extensions>
          <gpxtpx:TrackPointExtension>
            <gpxtpx:hr>151</gpxtpx:hr>
          </gpxtpx:TrackPointExtension>
        </extensions>
      </trkpt>
      <trkpt lat="40.00319224293362" lon="116.43815959888614">
        <ele>43.30288534797728</ele>
        <time>1970-01-01T00:19:48.200000Z</time>
        <extensions>
          <gpxtpx:TrackPointExtension>
            <gpxtpx:hr>151</gpxtpx:hr>
          </gpxtpx:TrackPointExtension>
        </extensions>
      </trkpt>
      <trkpt lat="40.003168264967215" lon="116.43816332418984">
        <ele>43.223808554932475</ele>
        <time>1970-01-01T00:19:49.200000Z</time>
        <extensions>
          <gpxtpx:TrackPointExtension>
            <gpxtpx:hr>151</gpxtpx:hr>
          </gpxtpx:TrackPointExtension>
        </extensions>
      </trkpt>
      <trkpt lat="40.003145030586694" lon="116.43816704726662">
        <ele>43.143318781629205</ele>
        <time>1970-01-01T00:19:50.200000Z</time>
        <extensions>
          <gpxtpx:TrackPointExtension>
            <gpxtpx:hr>151</gpxtpx:hr>
          </gpxtpx:TrackPointExtension>
        </extensions>
      </trkpt>
      <trkpt lat="40.003121759895066" lon="116.4381707203185">
        <ele>43.06057420279831</ele>
        <time>1970-01-01T00:19:51.200000Z</time>
        <extensions>
          <gpxtpx:TrackPointExtension>
            <gpxtpx:hr>151</gpxtpx:hr>
          </gpxtpx:TrackPointExtension>
        </extensions>
      </trkpt>
      <trkpt lat="40.003097720920124" lon="116.4381743409137">
        <ele>42.97580158896744</ele>
        <time>1970-01-01T00:19:52.200000Z</time>
        <extensions>
          <gpxtpx:TrackPointExtension>
            <gpxtpx:hr>151</gpxtpx:hr>
          </gpxtpx:TrackPointExtension>
        </extensions>
      </trkpt>
      <trkpt lat="40.0030727284994" lon="116.43817813175922">
        <ele>42.888044758699834</ele>
        <time>1970-01-01T00:19:53.200000Z</time>
        <extensions>
          <gpxtpx:TrackPointExtension>
            <gpxtpx:hr>151</gpxtpx:hr>
          </gpxtpx:TrackPointExtension>
        </extensions>
      </trkpt>
      <trkpt lat="40.003047429253975" lon="116.43818232176352">
        <ele>42.797115727327764</ele>
        <time>1970-01-01T00:19:54.200000Z</time>
        <extensions>
          <gpxtpx:TrackPointExtension>
            <gpxtpx:hr>151</gpxtpx:hr>
          </gpxtpx:TrackPointExtension>
        </extensions>
      </trkpt>
      <trkpt lat="40.00302245449735" lon="116.43818658166455">
        <ele>42.702189727686346</ele>
        <time>1970-01-01T00:19:55.200000Z</time>
        <extensions>
          <gpxtpx:TrackPointExtension>
            <gpxtpx:hr>151</gpxtpx:hr>
          </gpxtpx:TrackPointExtension>
        </extensions>
      </trkpt>
      <trkpt lat="40.00299761936406" lon="116.4381904025476">
        <ele>42.60315348673612</ele>
        <time>1970-01-01T00:19:56.200000Z</time>
        <extensions>
          <gpxtpx:TrackPointExtension>
            <gpxtpx:hr>151</gpxtpx:hr>
          </gpxtpx:TrackPointExtension>
        </extensions>
      </trkpt>
      <trkpt lat="40.0029725880383" lon="116.43819375272939">
        <ele>42.49925774149597</ele>
        <time>1970-01-01T00:19:57.200000Z</time>
        <extensions>
          <gpxtpx:TrackPointExtension>
            <gpxtpx:hr>151</gpxtpx:hr>
          </gpxtpx:TrackPointExtension>
        </extensions>
      </trkpt>
      <trkpt lat="40.00294748862229" lon="116.4381968544522">
        <ele>42.39109382964671</ele>
        <time>1970-01-01T00:19:58.200000Z</time>
        <extensions>
          <gpxtpx:TrackPointExtension>
            <gpxtpx:hr>151</gpxtpx:hr>
          </gpxtpx:TrackPointExtension>
        </extensions>
      </trkpt>
      <trkpt lat="40.00292243242957" lon="116.43819989303206">
        <ele>42.27953290659934</ele>
        <time>1970-01-01T00:19:59.200000Z</time>
        <extensions>
          <gpxtpx:TrackPointExtension>
            <gpxtpx:hr>151</gpxtpx:hr>
          </gpxtpx:TrackPointExtension>
        </extensions>
      </trkpt>
      <trkpt lat="40.00289742144069" lon="116.43820270377236">
        <ele>42.16538130119443</ele>
        <time>1970-01-01T00:20:00.200000Z</time>
        <extensions>
          <gpxtpx:TrackPointExtension>
            <gpxtpx:hr>151</gpxtpx:hr>
          </gpxtpx:TrackPointExtension>
        </extensions>
      </trkpt>
      <trkpt lat="40.00287235968468" lon="116.43820516507749">
        <ele>42.049685787409544</ele>
        <time>1970-01-01T00:20:01.200000Z</time>
        <extensions>
          <gpxtpx:TrackPointExtension>
            <gpxtpx:hr>151</gpxtpx:hr>
          </gpxtpx:TrackPointExtension>
        </extensions>
      </trkpt>
      <trkpt lat="40.00284704365517" lon="116.43820748956183">
        <ele>41.933291947469115</ele>
        <time>1970-01-01T00:20:02.200000Z</time>
        <extensions>
          <gpxtpx:TrackPointExtension>
            <gpxtpx:hr>154</gpxtpx:hr>
          </gpxtpx:TrackPointExtension>
        </extensions>
      </trkpt>
      <trkpt lat="40.00282153441836" lon="116.43820996022649">
        <ele>41.81935290526599</ele>
        <time>1970-01-01T00:20:03.200000Z</time>
        <extensions>
          <gpxtpx:TrackPointExtension>
            <gpxtpx:hr>154</gpxtpx:hr>
          </gpxtpx:TrackPointExtension>
        </extensions>
      </trkpt>
      <trkpt lat="40.00279594774085" lon="116.43821272651822">
        <ele>41.709454889409244</ele>
        <time>1970-01-01T00:20:04.200000Z</time>
        <extensions>
          <gpxtpx:TrackPointExtension>
            <gpxtpx:hr>154</gpxtpx:hr>
          </gpxtpx:TrackPointExtension>
        </extensions>
      </trkpt>
      <trkpt lat="40.0027702657766" lon="116.43821590162594">
        <ele>41.60519511066377</ele>
        <time>1970-01-01T00:20:05.200000Z</time>
        <extensions>
          <gpxtpx:TrackPointExtension>
            <gpxtpx:hr>154</gpxtpx:hr>
          </gpxtpx:TrackPointExtension>
        </extensions>
      </trkpt>
      <trkpt lat="40.002744753658305" lon="116.43821974165435">
        <ele>41.5088484371081</ele>
        <time>1970-01-01T00:20:06.200000Z</time>
        <extensions>
          <gpxtpx:TrackPointExtension>
            <gpxtpx:hr>154</gpxtpx:hr>
          </gpxtpx:TrackPointExtension>
        </extensions>
      </trkpt>
      <trkpt lat="40.00271963775821" lon="116.43822444316831">
        <ele>41.42113760393113</ele>
        <time>1970-01-01T00:20:07.200000Z</time>
        <extensions>
          <gpxtpx:TrackPointExtension>
            <gpxtpx:hr>154</gpxtpx:hr>
          </gpxtpx:TrackPointExtension>
        </extensions>
      </trkpt>
      <trkpt lat="40.00269505969265" lon="116.43822990695682">
        <ele>41.34456290025264</ele>
        <time>1970-01-01T00:20:08.200000Z</time>
        <extensions>
          <gpxtpx:TrackPointExtension>
            <gpxtpx:hr>154</gpxtpx:hr>
          </gpxtpx:TrackPointExtension>
        </extensions>
      </trkpt>
      <trkpt lat="40.002670948596574" lon="116.4382360242094">
        <ele>41.27926244866103</ele>
        <time>1970-01-01T00:20:09.200000Z</time>
        <extensions>
          <gpxtpx:TrackPointExtension>
            <gpxtpx:hr>154</gpxtpx:hr>
          </gpxtpx:TrackPointExtension>
        </extensions>
      </trkpt>
      <trkpt lat="40.00264689653415" lon="116.43824288469746">
        <ele>41.22549465298653</ele>
        <time>1970-01-01T00:20:10.200000Z</time>
        <extensions>
          <gpxtpx:TrackPointExtension>
            <gpxtpx:hr>154</gpxtpx:hr>
          </gpxtpx:TrackPointExtension>
        </extensions>
      </trkpt>
      <trkpt lat="40.00261260330091" lon="116.43825385230042">
        <ele>41.17303732596338</ele>
        <time>1970-01-01T00:20:11.600000Z</time>
        <extensions>
          <gpxtpx:TrackPointExtension>
            <gpxtpx:hr>154</gpxtpx:hr>
          </gpxtpx:TrackPointExtension>
        </extensions>
      </trkpt>
      <trkpt lat="40.002587395247225" lon="116.43826226734899">
        <ele>41.1511500608176</ele>
        <time>1970-01-01T00:20:12.600000Z</time>
        <extensions>
          <gpxtpx:TrackPointExtension>
            <gpxtpx:hr>155</gpxtpx:hr>
          </gpxtpx:TrackPointExtension>
        </extensions>
      </trkpt>
      <trkpt lat="40.00256189844308" lon="116.43827093125795">
        <ele>41.13965506386012</ele>
        <time>1970-01-01T00:20:13.600000Z</time>
        <extensions>
          <gpxtpx:TrackPointExtension>
            <gpxtpx:hr>155</gpxtpx:hr>
          </gpxtpx:TrackPointExtension>
        </extensions>
      </trkpt>
      <trkpt lat="40.002536157656834" lon="116.43827961126688">
        <ele>41.13784244004637</ele>
        <time>1970-01-01T00:20:14.600000Z</time>
        <extensions>
          <gpxtpx:TrackPointExtension>
            <gpxtpx:hr>155</gpxtpx:hr>
          </gpxtpx:TrackPointExtension>
        </extensions>
      </trkpt>
      <trkpt lat="40.002510274778395" lon="116.43828798654188">
        <ele>41.145211453549564</ele>
        <time>1970-01-01T00:20:15.600000Z</time>
        <extensions>
          <gpxtpx:TrackPointExtension>
            <gpxtpx:hr>155</gpxtpx:hr>
          </gpxtpx:TrackPointExtension>
        </extensions>
      </trkpt>
      <trkpt lat="40.00248426067002" lon="116.43829606116482">
        <ele>41.16037061344832</ele>
        <time>1970-01-01T00:20:16.600000Z</time>
        <extensions>
          <gpxtpx:TrackPointExtension>
            <gpxtpx:hr>155</gpxtpx:hr>
          </gpxtpx:TrackPointExtension>
        </extensions>
      </trkpt>
      <trkpt lat="40.002458181797394" lon="116.43830393318562">
        <ele>41.18123819399625</ele>
        <time>1970-01-01T00:20:17.600000Z</time>
        <extensions>
          <gpxtpx:TrackPointExtension>
            <gpxtpx:hr>155</gpxtpx:hr>
          </gpxtpx:TrackPointExtension>
        </extensions>
      </trkpt>
      <trkpt lat="40.00243219163558" lon="116.43831163503529">
        <ele>41.20645012892783</ele>
        <time>1970-01-01T00:20:18.600000Z</time>
        <extensions>
          <gpxtpx:TrackPointExtension>
            <gpxtpx:hr>155</gpxtpx:hr>
          </gpxtpx:TrackPointExtension>
        </extensions>
      </trkpt>
      <trkpt lat="40.002406580922795" lon="116.43831891457901">
        <ele>41.23455459717661</ele>
        <time>1970-01-01T00:20:19.600000Z</time>
        <extensions>
          <gpxtpx:TrackPointExtension>
            <gpxtpx:hr>155</gpxtpx:hr>
          </gpxtpx:TrackPointExtension>
        </extensions>
      </trkpt>
      <trkpt lat="40.002381596340804" lon="116.43832556354293">
        <ele>41.27029938902706</ele>
        <time>1970-01-01T00:20:20.600000Z</time>
        <extensions>
          <gpxtpx:TrackPointExtension>
            <gpxtpx:hr>155</gpxtpx:hr>
          </gpxtpx:TrackPointExtension>
        </extensions>
      </trkpt>
      <trkpt lat="40.00235725992741" lon="116.43833192036833">
        <ele>41.30235893744975</ele>
        <time>1970-01-01T00:20:21.600000Z</time>
        <extensions>
          <gpxtpx:TrackPointExtension>
            <gpxtpx:hr>155</gpxtpx:hr>
          </gpxtpx:TrackPointExtension>
        </extensions>
      </trkpt>
      <trkpt lat="40.00233331006956" lon="116.438338503607">
        <ele>41.33379096072167</ele>
        <time>1970-01-01T00:20:22.600000Z</time>
        <extensions>
          <gpxtpx:TrackPointExtension>
            <gpxtpx:hr>155</gpxtpx:hr>
          </gpxtpx:TrackPointExtension>
        </extensions>
      </trkpt>
      <trkpt lat="40.00230935970963" lon="116.43834522944042">
        <ele>41.36407515313476</ele>
        <time>1970-01-01T00:20:23.600000Z</time>
        <extensions>
          <gpxtpx:TrackPointExtension>
            <gpxtpx:hr>155</gpxtpx:hr>
          </gpxtpx:TrackPointExtension>
        </extensions>
      </trkpt>
      <trkpt lat="40.002285214142255" lon="116.43835195450458">
        <ele>41.392738797701895</ele>
        <time>1970-01-01T00:20:24.600000Z</time>
        <extensions>
          <gpxtpx:TrackPointExtension>
            <gpxtpx:hr>155</gpxtpx:hr>
          </gpxtpx:TrackPointExtension>
        </extensions>
      </trkpt>
      <trkpt lat="40.00226066981555" lon="116.43835883507901">
        <ele>41.41957596130669</ele>
        <time>1970-01-01T00:20:25.600000Z</time>
        <extensions>
          <gpxtpx:TrackPointExtension>
            <gpxtpx:hr>155</gpxtpx:hr>
          </gpxtpx:TrackPointExtension>
        </extensions>
      </trkpt>
      <trkpt lat="40.002235762899865" lon="116.43836582688353">
        <ele>41.44447642751038</ele>
        <time>1970-01-01T00:20:26.600000Z</time>
        <extensions>
          <gpxtpx:TrackPointExtension>
            <gpxtpx:hr>156</gpxtpx:hr>
          </gpxtpx:TrackPointExtension>
        </extensions>
      </trkpt>
      <trkpt lat="40.002210715089824" lon="116.43837273808671">
        <ele>41.46743241511285</ele>
        <time>1970-01-01T00:20:27.600000Z</time>
        <extensions>
          <gpxtpx:TrackPointExtension>
            <gpxtpx:hr>156</gpxtpx:hr>
          </gpxtpx:TrackPointExtension>
        </extensions>
      </trkpt>
      <trkpt lat="40.002185675822815" lon="116.43837950918437">
        <ele>41.488473805598915</ele>
        <time>1970-01-01T00:20:28.600000Z</time>
        <extensions>
          <gpxtpx:TrackPointExtension>
            <gpxtpx:hr>156</gpxtpx:hr>
          </gpxtpx:TrackPointExtension>
        </extensions>
      </trkpt>
      <trkpt lat="40.002160947881315" lon="116.43838600925865">
        <ele>41.5076004518196</ele>
        <time>1970-01-01T00:20:29.600000Z</time>
        <extensions>
          <gpxtpx:TrackPointExtension>
            <gpxtpx:hr>156</gpxtpx:hr>
          </gpxtpx:TrackPointExtension>
        </extensions>
      </trkpt>
      <trkpt lat="40.00213670928237" lon="116.43839215000979">
        <ele>41.52466291561723</ele>
        <time>1970-01-01T00:20:30.600000Z</time>
        <extensions>
          <gpxtpx:TrackPointExtension>
            <gpxtpx:hr>155</gpxtpx:hr>
          </gpxtpx:TrackPointExtension>
        </extensions>
      </trkpt>
      <trkpt lat="40.002112936291134" lon="116.43839805881056">
        <ele>41.53941517416388</ele>
        <time>1970-01-01T00:20:31.600000Z</time>
        <extensions>
          <gpxtpx:TrackPointExtension>
            <gpxtpx:hr>155</gpxtpx:hr>
          </gpxtpx:TrackPointExtension>
        </extensions>
      </trkpt>
      <trkpt lat="40.00208948229571" lon="116.43840398050128">
        <ele>41.551603383384645</ele>
        <time>1970-01-01T00:20:32.600000Z</time>
        <extensions>
          <gpxtpx:TrackPointExtension>
            <gpxtpx:hr>155</gpxtpx:hr>
          </gpxtpx:TrackPointExtension>
        </extensions>
      </trkpt>
      <trkpt lat="40.00206617328656" lon="116.43840965205133">
        <ele>41.56111116334796</ele>
        <time>1970-01-01T00:20:33.600000Z</time>
        <extensions>
          <gpxtpx:TrackPointExtension>
            <gpxtpx:hr>155</gpxtpx:hr>
          </gpxtpx:TrackPointExtension>
        </extensions>
      </trkpt>
      <trkpt lat="40.002042853983" lon="116.43841470007368">
        <ele>41.568023623898625</ele>
        <time>1970-01-01T00:20:34.600000Z</time>
        <extensions>
          <gpxtpx:TrackPointExtension>
            <gpxtpx:hr>155</gpxtpx:hr>
          </gpxtpx:TrackPointExtension>
        </extensions>
      </trkpt>
      <trkpt lat="40.002019355087356" lon="116.43841938147361">
        <ele>41.5726447654888</ele>
        <time>1970-01-01T00:20:35.600000Z</time>
        <extensions>
          <gpxtpx:TrackPointExtension>
            <gpxtpx:hr>154</gpxtpx:hr>
          </gpxtpx:TrackPointExtension>
        </extensions>
      </trkpt>
      <trkpt lat="40.00199557778181" lon="116.43842380326792">
        <ele>41.575449829921126</ele>
        <time>1970-01-01T00:20:36.600000Z</time>
        <extensions>
          <gpxtpx:TrackPointExtension>
            <gpxtpx:hr>154</gpxtpx:hr>
          </gpxtpx:TrackPointExtension>
        </extensions>
      </trkpt>
      <trkpt lat="40.001971435889025" lon="116.43842792752407">
        <ele>41.57697823923081</ele>
        <time>1970-01-01T00:20:37.600000Z</time>
        <extensions>
          <gpxtpx:TrackPointExtension>
            <gpxtpx:hr>154</gpxtpx:hr>
          </gpxtpx:TrackPointExtension>
        </extensions>
      </trkpt>
      <trkpt lat="40.00194715798862" lon="116.43843167809959">
        <ele>41.57776732929051</ele>
        <time>1970-01-01T00:20:38.600000Z</time>
        <extensions>
          <gpxtpx:TrackPointExtension>
            <gpxtpx:hr>154</gpxtpx:hr>
          </gpxtpx:TrackPointExtension>
        </extensions>
      </trkpt>
      <trkpt lat="40.001923082615164" lon="116.43843500463088">
        <ele>41.57832053117454</ele>
        <time>1970-01-01T00:20:39.600000Z</time>
        <extensions>
          <gpxtpx:TrackPointExtension>
            <gpxtpx:hr>154</gpxtpx:hr>
          </gpxtpx:TrackPointExtension>
        </extensions>
      </trkpt>
      <trkpt lat="40.00189920037687" lon="116.43843793067381">
        <ele>41.57914474606514</ele>
        <time>1970-01-01T00:20:40.600000Z</time>
        <extensions>
          <gpxtpx:TrackPointExtension>
            <gpxtpx:hr>154</gpxtpx:hr>
          </gpxtpx:TrackPointExtension>
        </extensions>
      </trkpt>
      <trkpt lat="40.0018752616195" lon="116.43844043858255">
        <ele>41.580818952061236</ele>
        <time>1970-01-01T00:20:41.600000Z</time>
        <extensions>
          <gpxtpx:TrackPointExtension>
            <gpxtpx:hr>154</gpxtpx:hr>
          </gpxtpx:TrackPointExtension>
        </extensions>
      </trkpt>
      <trkpt lat="40.001851231285436" lon="116.43844276314161">
        <ele>41.58390295505524</ele>
        <time>1970-01-01T00:20:42.600000Z</time>
        <extensions>
          <gpxtpx:TrackPointExtension>
            <gpxtpx:hr>154</gpxtpx:hr>
          </gpxtpx:TrackPointExtension>
        </extensions>
      </trkpt>
      <trkpt lat="40.001827287465645" lon="116.43844534492752">
        <ele>41.58880061656237</ele>
        <time>1970-01-01T00:20:43.600000Z</time>
        <extensions>
          <gpxtpx:TrackPointExtension>
            <gpxtpx:hr>154</gpxtpx:hr>
          </gpxtpx:TrackPointExtension>
        </extensions>
      </trkpt>
      <trkpt lat="40.00180361946514" lon="116.43844848081476">
        <ele>41.59576105233282</ele>
        <time>1970-01-01T00:20:44.600000Z</time>
        <extensions>
          <gpxtpx:TrackPointExtension>
            <gpxtpx:hr>154</gpxtpx:hr>
          </gpxtpx:TrackPointExtension>
        </extensions>
      </trkpt>
      <trkpt lat="40.00178009858793" lon="116.43845210143681">
        <ele>41.60491872765124</ele>
        <time>1970-01-01T00:20:45.600000Z</time>
        <extensions>
          <gpxtpx:TrackPointExtension>
            <gpxtpx:hr>154</gpxtpx:hr>
          </gpxtpx:TrackPointExtension>
        </extensions>
      </trkpt>
      <trkpt lat="40.00175658281426" lon="116.43845599176207">
        <ele>41.61631696391851</ele>
        <time>1970-01-01T00:20:46.600000Z</time>
        <extensions>
          <gpxtpx:TrackPointExtension>
            <gpxtpx:hr>151</gpxtpx:hr>
          </gpxtpx:TrackPointExtension>
        </extensions>
      </trkpt>
      <trkpt lat="40.001733054906516" lon="116.43846005029528">
        <ele>41.62992190942168</ele>
        <time>1970-01-01T00:20:47.600000Z</time>
        <extensions>
          <gpxtpx:TrackPointExtension>
            <gpxtpx:hr>151</gpxtpx:hr>
          </gpxtpx:TrackPointExtension>
        </extensions>
      </trkpt>
      <trkpt lat="40.00170948763598" lon="116.43846442976314">
        <ele>41.64557846728712</ele>
        <time>1970-01-01T00:20:48.600000Z</time>
        <extensions>
          <gpxtpx:TrackPointExtension>
            <gpxtpx:hr>151</gpxtpx:hr>
          </gpxtpx:TrackPointExtension>
        </extensions>
      </trkpt>
      <trkpt lat="40.00168592246146" lon="116.43846917336852">
        <ele>41.662909081205726</ele>
        <time>1970-01-01T00:20:49.600000Z</time>
        <extensions>
          <gpxtpx:TrackPointExtension>
            <gpxtpx:hr>151</gpxtpx:hr>
          </gpxtpx:TrackPointExtension>
        </extensions>
      </trkpt>
      <trkpt lat="40.00166224574555" lon="116.4384741200274">
        <ele>41.68133193999529</ele>
        <time>1970-01-01T00:20:50.600000Z</time>
        <extensions>
          <gpxtpx:TrackPointExtension>
            <gpxtpx:hr>151</gpxtpx:hr>
          </gpxtpx:TrackPointExtension>
        </extensions>
      </trkpt>
      <trkpt lat="40.001638337292064" lon="116.43847911849785">
        <ele>41.7002472281456</ele>
        <time>1970-01-01T00:20:51.600000Z</time>
        <extensions>
          <gpxtpx:TrackPointExtension>
            <gpxtpx:hr>151</gpxtpx:hr>
          </gpxtpx:TrackPointExtension>
        </extensions>
      </trkpt>
      <trkpt lat="40.001614361923515" lon="116.4384841764118">
        <ele>41.71922394167632</ele>
        <time>1970-01-01T00:20:52.600000Z</time>
        <extensions>
          <gpxtpx:TrackPointExtension>
            <gpxtpx:hr>151</gpxtpx:hr>
          </gpxtpx:TrackPointExtension>
        </extensions>
      </trkpt>
      <trkpt lat="40.00159063966172" lon="116.43848925653145">
        <ele>41.7380141383037</ele>
        <time>1970-01-01T00:20:53.600000Z</time>
        <extensions>
          <gpxtpx:TrackPointExtension>
            <gpxtpx:hr>151</gpxtpx:hr>
          </gpxtpx:TrackPointExtension>
        </extensions>
      </trkpt>
      <trkpt lat="40.001567147030364" lon="116.43849433697225">
        <ele>41.75649707019329</ele>
        <time>1970-01-01T00:20:54.600000Z</time>
        <extensions>
          <gpxtpx:TrackPointExtension>
            <gpxtpx:hr>151</gpxtpx:hr>
          </gpxtpx:TrackPointExtension>
        </extensions>
      </trkpt>
      <trkpt lat="40.001543577384346" lon="116.43849958238373">
        <ele>41.77478519361466</ele>
        <time>1970-01-01T00:20:55.600000Z</time>
        <extensions>
          <gpxtpx:TrackPointExtension>
            <gpxtpx:hr>151</gpxtpx:hr>
          </gpxtpx:TrackPointExtension>
        </extensions>
      </trkpt>
      <trkpt lat="40.00151948065186" lon="116.4385052809504">
        <ele>41.79327812232077</ele>
        <time>1970-01-01T00:20:56.600000Z</time>
        <extensions>
          <gpxtpx:TrackPointExtension>
            <gpxtpx:hr>152</gpxtpx:hr>
          </gpxtpx:TrackPointExtension>
        </extensions>
      </trkpt>
      <trkpt lat="40.00149463558333" lon="116.43851164593738">
        <ele>41.81256183516234</ele>
        <time>1970-01-01T00:20:57.600000Z</time>
        <extensions>
          <gpxtpx:TrackPointExtension>
            <gpxtpx:hr>152</gpxtpx:hr>
          </gpxtpx:TrackPointExtension>
        </extensions>
      </trkpt>
      <trkpt lat="40.00146931528592" lon="116.4385189487819">
        <ele>41.83323188778013</ele>
        <time>1970-01-01T00:20:58.600000Z</time>
        <extensions>
          <gpxtpx:TrackPointExtension>
            <gpxtpx:hr>152</gpxtpx:hr>
          </gpxtpx:TrackPointExtension>
        </extensions>
      </trkpt>
      <trkpt lat="40.001444205970344" lon="116.43852731654924">
        <ele>41.85571375396103</ele>
        <time>1970-01-01T00:20:59.600000Z</time>
        <extensions>
          <gpxtpx:TrackPointExtension>
            <gpxtpx:hr>152</gpxtpx:hr>
          </gpxtpx:TrackPointExtension>
        </extensions>
      </trkpt>
      <trkpt lat="40.00141999052033" lon="116.4385369084042">
        <ele>41.880274487659335</ele>
        <time>1970-01-01T00:21:00.600000Z</time>
        <extensions>
          <gpxtpx:TrackPointExtension>
            <gpxtpx:hr>152</gpxtpx:hr>
          </gpxtpx:TrackPointExtension>
        </extensions>
      </trkpt>
      <trkpt lat="40.00139674190136" lon="116.43854815026846">
        <ele>41.907123995013535</ele>
        <time>1970-01-01T00:21:01.600000Z</time>
        <extensions>
          <gpxtpx:TrackPointExtension>
            <gpxtpx:hr>152</gpxtpx:hr>
          </gpxtpx:TrackPointExtension>
        </extensions>
      </trkpt>
      <trkpt lat="40.00137451672493" lon="116.43856144890788">
        <ele>41.93649424146861</ele>
        <time>1970-01-01T00:21:02.600000Z</time>
        <extensions>
          <gpxtpx:TrackPointExtension>
            <gpxtpx:hr>152</gpxtpx:hr>
          </gpxtpx:TrackPointExtension>
        </extensions>
      </trkpt>
      <trkpt lat="40.001353436596915" lon="116.438577013329">
        <ele>41.96862019971013</ele>
        <time>1970-01-01T00:21:03.600000Z</time>
        <extensions>
          <gpxtpx:TrackPointExtension>
            <gpxtpx:hr>152</gpxtpx:hr>
          </gpxtpx:TrackPointExtension>
        </extensions>
      </trkpt>
      <trkpt lat="40.001333540453025" lon="116.43859454048317">
        <ele>42.00356052443385</ele>
        <time>1970-01-01T00:21:04.600000Z</time>
        <extensions>
          <gpxtpx:TrackPointExtension>
            <gpxtpx:hr>152</gpxtpx:hr>
          </gpxtpx:TrackPointExtension>
        </extensions>
      </trkpt>
      <trkpt lat="40.001314555065484" lon="116.4386132416521">
        <ele>42.041054636240005</ele>
        <time>1970-01-01T00:21:05.600000Z</time>
        <extensions>
          <gpxtpx:TrackPointExtension>
            <gpxtpx:hr>152</gpxtpx:hr>
          </gpxtpx:TrackPointExtension>
        </extensions>
      </trkpt>
      <trkpt lat="40.00129612365541" lon="116.43863241535588">
        <ele>42.08057753928006</ele>
        <time>1970-01-01T00:21:06.600000Z</time>
        <extensions>
          <gpxtpx:TrackPointExtension>
            <gpxtpx:hr>153</gpxtpx:hr>
          </gpxtpx:TrackPointExtension>
        </extensions>
      </trkpt>
      <trkpt lat="40.00127779107783" lon="116.43865175946772">
        <ele>42.121590743772686</ele>
        <time>1970-01-01T00:21:07.600000Z</time>
        <extensions>
          <gpxtpx:TrackPointExtension>
            <gpxtpx:hr>153</gpxtpx:hr>
          </gpxtpx:TrackPointExtension>
        </extensions>
      </trkpt>
      <trkpt lat="40.0012590730135" lon="116.43867106121553">
        <ele>42.16375860478729</ele>
        <time>1970-01-01T00:21:08.600000Z</time>
        <extensions>
          <gpxtpx:TrackPointExtension>
            <gpxtpx:hr>153</gpxtpx:hr>
          </gpxtpx:TrackPointExtension>
        </extensions>
      </trkpt>
      <trkpt lat="40.00123972603605" lon="116.43868997656435">
        <ele>42.20692561659962</ele>
        <time>1970-01-01T00:21:09.600000Z</time>
        <extensions>
          <gpxtpx:TrackPointExtension>
            <gpxtpx:hr>153</gpxtpx:hr>
          </gpxtpx:TrackPointExtension>
        </extensions>
      </trkpt>
      <trkpt lat="40.001214310708555" lon="116.4387127265735">
        <ele>42.2626762855798</ele>
        <time>1970-01-01T00:21:10.900000Z</time>
        <extensions>
          <gpxtpx:TrackPointExtension>
            <gpxtpx:hr>153</gpxtpx:hr>
          </gpxtpx:TrackPointExtension>
        </extensions>
      </trkpt>
      <trkpt lat="40.00119334770144" lon="116.43872830687836">
        <ele>42.30668636318296</ele>
        <time>1970-01-01T00:21:11.900000Z</time>
        <extensions>
          <gpxtpx:TrackPointExtension>
            <gpxtpx:hr>153</gpxtpx:hr>
          </gpxtpx:TrackPointExtension>
        </extensions>
      </trkpt>
      <trkpt lat="40.00117104050252" lon="116.43874073781511">
        <ele>42.35110632143915</ele>
        <time>1970-01-01T00:21:12.900000Z</time>
        <extensions>
          <gpxtpx:TrackPointExtension>
            <gpxtpx:hr>153</gpxtpx:hr>
          </gpxtpx:TrackPointExtension>
        </extensions>
      </trkpt>
      <trkpt lat="40.00114758730462" lon="116.43875042456376">
        <ele>42.39682856481522</ele>
        <time>1970-01-01T00:21:13.900000Z</time>
        <extensions>
          <gpxtpx:TrackPointExtension>
            <gpxtpx:hr>153</gpxtpx:hr>
          </gpxtpx:TrackPointExtension>
        </extensions>
      </trkpt>
      <trkpt lat="40.001123406506636" lon="116.43875808421652">
        <ele>42.444508233107626</ele>
        <time>1970-01-01T00:21:14.900000Z</time>
        <extensions>
          <gpxtpx:TrackPointExtension>
            <gpxtpx:hr>153</gpxtpx:hr>
          </gpxtpx:TrackPointExtension>
        </extensions>
      </trkpt>
      <trkpt lat="40.00109920469735" lon="116.43876439167012">
        <ele>42.494231063872576</ele>
        <time>1970-01-01T00:21:15.900000Z</time>
        <extensions>
          <gpxtpx:TrackPointExtension>
            <gpxtpx:hr>153</gpxtpx:hr>
          </gpxtpx:TrackPointExtension>
        </extensions>
      </trkpt>
      <trkpt lat="40.001075302582926" lon="116.4387697975786">
        <ele>42.54544429574162</ele>
        <time>1970-01-01T00:21:16.900000Z</time>
        <extensions>
          <gpxtpx:TrackPointExtension>
            <gpxtpx:hr>153</gpxtpx:hr>
          </gpxtpx:TrackPointExtension>
        </extensions>
      </trkpt>
      <trkpt lat="40.001051523935146" lon="116.43877470090328">
        <ele>42.59705196414143</ele>
        <time>1970-01-01T00:21:17.900000Z</time>
        <extensions>
          <gpxtpx:TrackPointExtension>
            <gpxtpx:hr>153</gpxtpx:hr>
          </gpxtpx:TrackPointExtension>
        </extensions>
      </trkpt>
      <trkpt lat="40.00102775117933" lon="116.43877949040224">
        <ele>42.64770662225783</ele>
        <time>1970-01-01T00:21:18.900000Z</time>
        <extensions>
          <gpxtpx:TrackPointExtension>
            <gpxtpx:hr>153</gpxtpx:hr>
          </gpxtpx:TrackPointExtension>
        </extensions>
      </trkpt>
      <trkpt lat="40.00100386623379" lon="116.4387844722176">
        <ele>42.696146031841636</ele>
        <time>1970-01-01T00:21:19.900000Z</time>
        <extensions>
          <gpxtpx:TrackPointExtension>
            <gpxtpx:hr>153</gpxtpx:hr>
          </gpxtpx:TrackPointExtension>
        </extensions>
      </trkpt>
      <trkpt lat="40.00097970149836" lon="116.43878987366428">
        <ele>42.741580966860056</ele>
        <time>1970-01-01T00:21:20.900000Z</time>
        <extensions>
          <gpxtpx:TrackPointExtension>
            <gpxtpx:hr>153</gpxtpx:hr>
          </gpxtpx:TrackPointExtension>
        </extensions>
      </trkpt>
      <trkpt lat="40.00095542248385" lon="116.43879584619125">
        <ele>42.78336343448609</ele>
        <time>1970-01-01T00:21:21.900000Z</time>
        <extensions>
          <gpxtpx:TrackPointExtension>
            <gpxtpx:hr>153</gpxtpx:hr>
          </gpxtpx:TrackPointExtension>
        </extensions>
      </trkpt>
      <trkpt lat="40.00093121455863" lon="116.43880229034536">
        <ele>42.82108173612505</ele>
        <time>1970-01-01T00:21:22.900000Z</time>
        <extensions>
          <gpxtpx:TrackPointExtension>
            <gpxtpx:hr>153</gpxtpx:hr>
          </gpxtpx:TrackPointExtension>
        </extensions>
      </trkpt>
      <trkpt lat="40.000906995947794" lon="116.4388092713479">
        <ele>42.85444284044206</ele>
        <time>1970-01-01T00:21:23.900000Z</time>
        <extensions>
          <gpxtpx:TrackPointExtension>
            <gpxtpx:hr>153</gpxtpx:hr>
          </gpxtpx:TrackPointExtension>
        </extensions>
      </trkpt>
      <trkpt lat="40.000882588075555" lon="116.43881695510618">
        <ele>42.883251891471446</ele>
        <time>1970-01-01T00:21:24.900000Z</time>
        <extensions>
          <gpxtpx:TrackPointExtension>
            <gpxtpx:hr>153</gpxtpx:hr>
          </gpxtpx:TrackPointExtension>
        </extensions>
      </trkpt>
      <trkpt lat="40.00085813301664" lon="116.43882549529782">
        <ele>42.9074247404933</ele>
        <time>1970-01-01T00:21:25.900000Z</time>
        <extensions>
          <gpxtpx:TrackPointExtension>
            <gpxtpx:hr>153</gpxtpx:hr>
          </gpxtpx:TrackPointExtension>
        </extensions>
      </trkpt>
      <trkpt lat="40.00083375371561" lon="116.43883483832036">
        <ele>42.92702000401914</ele>
        <time>1970-01-01T00:21:26.900000Z</time>
        <extensions>
          <gpxtpx:TrackPointExtension>
            <gpxtpx:hr>154</gpxtpx:hr>
          </gpxtpx:TrackPointExtension>
        </extensions>
      </trkpt>
      <trkpt lat="40.000809552800625" lon="116.43884478614883">
        <ele>42.94226124603301</ele>
        <time>1970-01-01T00:21:27.900000Z</time>
        <extensions>
          <gpxtpx:TrackPointExtension>
            <gpxtpx:hr>154</gpxtpx:hr>
          </gpxtpx:TrackPointExtension>
        </extensions>
      </trkpt>
      <trkpt lat="40.00078587225613" lon="116.4388553806986">
        <ele>42.953486282378435</ele>
        <time>1970-01-01T00:21:28.900000Z</time>
        <extensions>
          <gpxtpx:TrackPointExtension>
            <gpxtpx:hr>154</gpxtpx:hr>
          </gpxtpx:TrackPointExtension>
        </extensions>
      </trkpt>
      <trkpt lat="40.00076266216102" lon="116.438866646777">
        <ele>42.96104061603546</ele>
        <time>1970-01-01T00:21:29.900000Z</time>
        <extensions>
          <gpxtpx:TrackPointExtension>
            <gpxtpx:hr>154</gpxtpx:hr>
          </gpxtpx:TrackPointExtension>
        </extensions>
      </trkpt>
      <trkpt lat="40.00073960215056" lon="116.43887808923449">
        <ele>42.96521740127355</ele>
        <time>1970-01-01T00:21:30.900000Z</time>
        <extensions>
          <gpxtpx:TrackPointExtension>
            <gpxtpx:hr>154</gpxtpx:hr>
          </gpxtpx:TrackPointExtension>
        </extensions>
      </trkpt>
      <trkpt lat="40.000716427778386" lon="116.43888928798344">
        <ele>42.96627185493708</ele>
        <time>1970-01-01T00:21:31.900000Z</time>
        <extensions>
          <gpxtpx:TrackPointExtension>
            <gpxtpx:hr>154</gpxtpx:hr>
          </gpxtpx:TrackPointExtension>
        </extensions>
      </trkpt>
      <trkpt lat="40.00069307772258" lon="116.43890040315986">
        <ele>42.96447695232928</ele>
        <time>1970-01-01T00:21:32.900000Z</time>
        <extensions>
          <gpxtpx:TrackPointExtension>
            <gpxtpx:hr>154</gpxtpx:hr>
          </gpxtpx:TrackPointExtension>
        </extensions>
      </trkpt>
      <trkpt lat="40.00066959388264" lon="116.4389113687449">
        <ele>42.960149861872196</ele>
        <time>1970-01-01T00:21:33.900000Z</time>
        <extensions>
          <gpxtpx:TrackPointExtension>
            <gpxtpx:hr>154</gpxtpx:hr>
          </gpxtpx:TrackPointExtension>
        </extensions>
      </trkpt>
      <trkpt lat="40.0006462468463" lon="116.438921800738">
        <ele>42.95364613831043</ele>
        <time>1970-01-01T00:21:34.900000Z</time>
        <extensions>
          <gpxtpx:TrackPointExtension>
            <gpxtpx:hr>154</gpxtpx:hr>
          </gpxtpx:TrackPointExtension>
        </extensions>
      </trkpt>
      <trkpt lat="40.000623205544976" lon="116.43893165518136">
        <ele>42.94535086862743</ele>
        <time>1970-01-01T00:21:35.900000Z</time>
        <extensions>
          <gpxtpx:TrackPointExtension>
            <gpxtpx:hr>153</gpxtpx:hr>
          </gpxtpx:TrackPointExtension>
        </extensions>
      </trkpt>
      <trkpt lat="40.00060042634124" lon="116.43894126012204">
        <ele>42.93563911970705</ele>
        <time>1970-01-01T00:21:36.900000Z</time>
        <extensions>
          <gpxtpx:TrackPointExtension>
            <gpxtpx:hr>153</gpxtpx:hr>
          </gpxtpx:TrackPointExtension>
        </extensions>
      </trkpt>
      <trkpt lat="40.00057757695864" lon="116.43895100061302">
        <ele>42.924856199882925</ele>
        <time>1970-01-01T00:21:37.900000Z</time>
        <extensions>
          <gpxtpx:TrackPointExtension>
            <gpxtpx:hr>153</gpxtpx:hr>
          </gpxtpx:TrackPointExtension>
        </extensions>
      </trkpt>
      <trkpt lat="40.000554388091096" lon="116.43896112645616">
        <ele>42.91321170795709</ele>
        <time>1970-01-01T00:21:38.900000Z</time>
        <extensions>
          <gpxtpx:TrackPointExtension>
            <gpxtpx:hr>153</gpxtpx:hr>
          </gpxtpx:TrackPointExtension>
        </extensions>
      </trkpt>
      <trkpt lat="40.000530907175964" lon="116.43897183777524">
        <ele>42.90072173438966</ele>
        <time>1970-01-01T00:21:39.900000Z</time>
        <extensions>
          <gpxtpx:TrackPointExtension>
            <gpxtpx:hr>153</gpxtpx:hr>
          </gpxtpx:TrackPointExtension>
        </extensions>
      </trkpt>
      <trkpt lat="40.00050754833783" lon="116.43898330079632">
        <ele>42.88712144177407</ele>
        <time>1970-01-01T00:21:40.900000Z</time>
        <extensions>
          <gpxtpx:TrackPointExtension>
            <gpxtpx:hr>153</gpxtpx:hr>
          </gpxtpx:TrackPointExtension>
        </extensions>
      </trkpt>
      <trkpt lat="40.000484953476274" lon="116.4389956293663">
        <ele>42.871936595998704</ele>
        <time>1970-01-01T00:21:41.900000Z</time>
        <extensions>
          <gpxtpx:TrackPointExtension>
            <gpxtpx:hr>153</gpxtpx:hr>
          </gpxtpx:TrackPointExtension>
        </extensions>
      </trkpt>
      <trkpt lat="40.00046350453511" lon="116.43900900329376">
        <ele>42.854535445570946</ele>
        <time>1970-01-01T00:21:42.900000Z</time>
        <extensions>
          <gpxtpx:TrackPointExtension>
            <gpxtpx:hr>153</gpxtpx:hr>
          </gpxtpx:TrackPointExtension>
        </extensions>
      </trkpt>
      <trkpt lat="40.00044354735633" lon="116.43902376645924">
        <ele>42.83426473941654</ele>
        <time>1970-01-01T00:21:43.900000Z</time>
        <extensions>
          <gpxtpx:TrackPointExtension>
            <gpxtpx:hr>153</gpxtpx:hr>
          </gpxtpx:TrackPointExtension>
        </extensions>
      </trkpt>
      <trkpt lat="40.00042558963928" lon="116.43904077215089">
        <ele>42.810714894905686</ele>
        <time>1970-01-01T00:21:44.900000Z</time>
        <extensions>
          <gpxtpx:TrackPointExtension>
            <gpxtpx:hr>153</gpxtpx:hr>
          </gpxtpx:TrackPointExtension>
        </extensions>
      </trkpt>
      <trkpt lat="40.00041018724666" lon="116.43906111511247">
        <ele>42.78397063817829</ele>
        <time>1970-01-01T00:21:45.900000Z</time>
        <extensions>
          <gpxtpx:TrackPointExtension>
            <gpxtpx:hr>153</gpxtpx:hr>
          </gpxtpx:TrackPointExtension>
        </extensions>
      </trkpt>
      <trkpt lat="40.00039795097508" lon="116.43908521364331">
        <ele>42.754713429138064</ele>
        <time>1970-01-01T00:21:46.900000Z</time>
        <extensions>
          <gpxtpx:TrackPointExtension>
            <gpxtpx:hr>152</gpxtpx:hr>
          </gpxtpx:TrackPointExtension>
        </extensions>
      </trkpt>
      <trkpt lat="40.00038943272846" lon="116.43911251123832">
        <ele>42.724290166050196</ele>
        <time>1970-01-01T00:21:47.900000Z</time>
        <extensions>
          <gpxtpx:TrackPointExtension>
            <gpxtpx:hr>152</gpxtpx:hr>
          </gpxtpx:TrackPointExtension>
        </extensions>
      </trkpt>
      <trkpt lat="40.00038438824732" lon="116.43914162051578">
        <ele>42.69446963071823</ele>
        <time>1970-01-01T00:21:48.900000Z</time>
        <extensions>
          <gpxtpx:TrackPointExtension>
            <gpxtpx:hr>152</gpxtpx:hr>
          </gpxtpx:TrackPointExtension>
        </extensions>
      </trkpt>
      <trkpt lat="40.00038230544639" lon="116.43917114455586">
        <ele>42.6668227436021</ele>
        <time>1970-01-01T00:21:49.900000Z</time>
        <extensions>
          <gpxtpx:TrackPointExtension>
            <gpxtpx:hr>152</gpxtpx:hr>
          </gpxtpx:TrackPointExtension>
        </extensions>
      </trkpt>
      <trkpt lat="40.00038312183542" lon="116.43920302967312">
        <ele>42.64046291820705</ele>
        <time>1970-01-01T00:21:51Z</time>
        <extensions>
          <gpxtpx:TrackPointExtension>
            <gpxtpx:hr>152</gpxtpx:hr>
          </gpxtpx:TrackPointExtension>
        </extensions>
      </trkpt>
      <trkpt lat="40.00038644658181" lon="116.43923137549754">
        <ele>42.61875459365547</ele>
        <time>1970-01-01T00:21:52Z</time>
        <extensions>
          <gpxtpx:TrackPointExtension>
            <gpxtpx:hr>152</gpxtpx:hr>
          </gpxtpx:TrackPointExtension>
        </extensions>
      </trkpt>
      <trkpt lat="40.00039189806812" lon="116.43925995857782">
        <ele>42.601174524985254</ele>
        <time>1970-01-01T00:21:53Z</time>
        <extensions>
          <gpxtpx:TrackPointExtension>
            <gpxtpx:hr>152</gpxtpx:hr>
          </gpxtpx:TrackPointExtension>
        </extensions>
      </trkpt>
      <trkpt lat="40.000399325231655" lon="116.43928901869162">
        <ele>42.58668566867709</ele>
        <time>1970-01-01T00:21:54Z</time>
        <extensions>
          <gpxtpx:TrackPointExtension>
            <gpxtpx:hr>152</gpxtpx:hr>
          </gpxtpx:TrackPointExtension>
        </extensions>
      </trkpt>
      <trkpt lat="40.0004083535073" lon="116.43931831040749">
        <ele>42.57480034045875</ele>
        <time>1970-01-01T00:21:55Z</time>
        <extensions>
          <gpxtpx:TrackPointExtension>
            <gpxtpx:hr>152</gpxtpx:hr>
          </gpxtpx:TrackPointExtension>
        </extensions>
      </trkpt>
      <trkpt lat="40.000418404236925" lon="116.43934734021865">
        <ele>42.56508732307702</ele>
        <time>1970-01-01T00:21:56Z</time>
        <extensions>
          <gpxtpx:TrackPointExtension>
            <gpxtpx:hr>152</gpxtpx:hr>
          </gpxtpx:TrackPointExtension>
        </extensions>
      </trkpt>
      <trkpt lat="40.00042908927997" lon="116.43937609328785">
        <ele>42.55694053787738</ele>
        <time>1970-01-01T00:21:57Z</time>
        <extensions>
          <gpxtpx:TrackPointExtension>
            <gpxtpx:hr>152</gpxtpx:hr>
          </gpxtpx:TrackPointExtension>
        </extensions>
      </trkpt>
      <trkpt lat="40.00044022602361" lon="116.4394046882938">
        <ele>42.55002844054252</ele>
        <time>1970-01-01T00:21:58Z</time>
        <extensions>
          <gpxtpx:TrackPointExtension>
            <gpxtpx:hr>152</gpxtpx:hr>
          </gpxtpx:TrackPointExtension>
        </extensions>
      </trkpt>
      <trkpt lat="40.00045134476949" lon="116.4394331893881">
        <ele>42.54361434280872</ele>
        <time>1970-01-01T00:21:59Z</time>
        <extensions>
          <gpxtpx:TrackPointExtension>
            <gpxtpx:hr>152</gpxtpx:hr>
          </gpxtpx:TrackPointExtension>
        </extensions>
      </trkpt>
      <trkpt lat="40.00046205907523" lon="116.4394617419717">
        <ele>42.53717839438468</ele>
        <time>1970-01-01T00:22:00Z</time>
        <extensions>
          <gpxtpx:TrackPointExtension>
            <gpxtpx:hr>153</gpxtpx:hr>
          </gpxtpx:TrackPointExtension>
        </extensions>
      </trkpt>
      <trkpt lat="40.00047246302787" lon="116.43949080338452">
        <ele>42.530273583717644</ele>
        <time>1970-01-01T00:22:01Z</time>
        <extensions>
          <gpxtpx:TrackPointExtension>
            <gpxtpx:hr>153</gpxtpx:hr>
          </gpxtpx:TrackPointExtension>
        </extensions>
      </trkpt>
      <trkpt lat="40.00048243142685" lon="116.43952094332057">
        <ele>42.52246706653386</ele>
        <time>1970-01-01T00:22:02Z</time>
        <extensions>
          <gpxtpx:TrackPointExtension>
            <gpxtpx:hr>153</gpxtpx:hr>
          </gpxtpx:TrackPointExtension>
        </extensions>
      </trkpt>
      <trkpt lat="40.00049173578738" lon="116.43955227887182">
        <ele>42.51337742712349</ele>
        <time>1970-01-01T00:22:03Z</time>
        <extensions>
          <gpxtpx:TrackPointExtension>
            <gpxtpx:hr>153</gpxtpx:hr>
          </gpxtpx:TrackPointExtension>
        </extensions>
      </trkpt>
      <trkpt lat="40.00050016999359" lon="116.43958463379055">
        <ele>42.502759537659585</ele>
        <time>1970-01-01T00:22:04Z</time>
        <extensions>
          <gpxtpx:TrackPointExtension>
            <gpxtpx:hr>153</gpxtpx:hr>
          </gpxtpx:TrackPointExtension>
        </extensions>
      </trkpt>
      <trkpt lat="40.000507483864794" lon="116.43961768794685">
        <ele>42.49024613853544</ele>
        <time>1970-01-01T00:22:05Z</time>
        <extensions>
          <gpxtpx:TrackPointExtension>
            <gpxtpx:hr>153</gpxtpx:hr>
          </gpxtpx:TrackPointExtension>
        </extensions>
      </trkpt>
      <trkpt lat="40.00051372135581" lon="116.43965108030072">
        <ele>42.47543294169009</ele>
        <time>1970-01-01T00:22:06Z</time>
        <extensions>
          <gpxtpx:TrackPointExtension>
            <gpxtpx:hr>153</gpxtpx:hr>
          </gpxtpx:TrackPointExtension>
        </extensions>
      </trkpt>
      <trkpt lat="40.00051885233132" lon="116.43968463719881">
        <ele>42.45799714233726</ele>
        <time>1970-01-01T00:22:07Z</time>
        <extensions>
          <gpxtpx:TrackPointExtension>
            <gpxtpx:hr>155</gpxtpx:hr>
          </gpxtpx:TrackPointExtension>
        </extensions>
      </trkpt>
      <trkpt lat="40.00052281552469" lon="116.43971837194088">
        <ele>42.43778513278812</ele>
        <time>1970-01-01T00:22:08Z</time>
        <extensions>
          <gpxtpx:TrackPointExtension>
            <gpxtpx:hr>155</gpxtpx:hr>
          </gpxtpx:TrackPointExtension>
        </extensions>
      </trkpt>
      <trkpt lat="40.00052598721465" lon="116.43975211206902">
        <ele>42.41476763878018</ele>
        <time>1970-01-01T00:22:09Z</time>
        <extensions>
          <gpxtpx:TrackPointExtension>
            <gpxtpx:hr>155</gpxtpx:hr>
          </gpxtpx:TrackPointExtension>
        </extensions>
      </trkpt>
      <trkpt lat="40.000528884596854" lon="116.43978558928832">
        <ele>42.38901892490685</ele>
        <time>1970-01-01T00:22:10Z</time>
        <extensions>
          <gpxtpx:TrackPointExtension>
            <gpxtpx:hr>155</gpxtpx:hr>
          </gpxtpx:TrackPointExtension>
        </extensions>
      </trkpt>
      <trkpt lat="40.00053209805686" lon="116.43981858400343">
        <ele>42.36075812019408</ele>
        <time>1970-01-01T00:22:11Z</time>
        <extensions>
          <gpxtpx:TrackPointExtension>
            <gpxtpx:hr>154</gpxtpx:hr>
          </gpxtpx:TrackPointExtension>
        </extensions>
      </trkpt>
      <trkpt lat="40.00053610113286" lon="116.43985103140098">
        <ele>42.3304247148335</ele>
        <time>1970-01-01T00:22:12Z</time>
        <extensions>
          <gpxtpx:TrackPointExtension>
            <gpxtpx:hr>154</gpxtpx:hr>
          </gpxtpx:TrackPointExtension>
        </extensions>
      </trkpt>
      <trkpt lat="40.000541293940934" lon="116.43988290224709">
        <ele>42.298767905682325</ele>
        <time>1970-01-01T00:22:13Z</time>
        <extensions>
          <gpxtpx:TrackPointExtension>
            <gpxtpx:hr>154</gpxtpx:hr>
          </gpxtpx:TrackPointExtension>
        </extensions>
      </trkpt>
      <trkpt lat="40.00054799562964" lon="116.43991418786153">
        <ele>42.26683434098959</ele>
        <time>1970-01-01T00:22:14Z</time>
        <extensions>
          <gpxtpx:TrackPointExtension>
            <gpxtpx:hr>154</gpxtpx:hr>
          </gpxtpx:TrackPointExtension>
        </extensions>
      </trkpt>
      <trkpt lat="40.000556276545986" lon="116.43994488764643">
        <ele>42.23569419514388</ele>
        <time>1970-01-01T00:22:15Z</time>
        <extensions>
          <gpxtpx:TrackPointExtension>
            <gpxtpx:hr>154</gpxtpx:hr>
          </gpxtpx:TrackPointExtension>
        </extensions>
      </trkpt>
      <trkpt lat="40.00056607046328" lon="116.43997495428174">
        <ele>42.206203733570874</ele>
        <time>1970-01-01T00:22:16Z</time>
        <extensions>
          <gpxtpx:TrackPointExtension>
            <gpxtpx:hr>153</gpxtpx:hr>
          </gpxtpx:TrackPointExtension>
        </extensions>
      </trkpt>
      <trkpt lat="40.00057711693163" lon="116.44000443112624">
        <ele>42.17884502746165</ele>
        <time>1970-01-01T00:22:17Z</time>
        <extensions>
          <gpxtpx:TrackPointExtension>
            <gpxtpx:hr>153</gpxtpx:hr>
          </gpxtpx:TrackPointExtension>
        </extensions>
      </trkpt>
      <trkpt lat="40.00058889693235" lon="116.44003314111998">
        <ele>42.153819251805544</ele>
        <time>1970-01-01T00:22:18Z</time>
        <extensions>
          <gpxtpx:TrackPointExtension>
            <gpxtpx:hr>153</gpxtpx:hr>
          </gpxtpx:TrackPointExtension>
        </extensions>
      </trkpt>
      <trkpt lat="40.00060085807613" lon="116.44006098779943">
        <ele>42.13124328479171</ele>
        <time>1970-01-01T00:22:19Z</time>
        <extensions>
          <gpxtpx:TrackPointExtension>
            <gpxtpx:hr>153</gpxtpx:hr>
          </gpxtpx:TrackPointExtension>
        </extensions>
      </trkpt>
      <trkpt lat="40.000612695093274" lon="116.44008807568864">
        <ele>42.111250697635114</ele>
        <time>1970-01-01T00:22:20Z</time>
        <extensions>
          <gpxtpx:TrackPointExtension>
            <gpxtpx:hr>153</gpxtpx:hr>
          </gpxtpx:TrackPointExtension>
        </extensions>
      </trkpt>
      <trkpt lat="40.00062450993382" lon="116.44011469784901">
        <ele>42.0938961552456</ele>
        <time>1970-01-01T00:22:21Z</time>
        <extensions>
          <gpxtpx:TrackPointExtension>
            <gpxtpx:hr>152</gpxtpx:hr>
          </gpxtpx:TrackPointExtension>
        </extensions>
      </trkpt>
      <trkpt lat="40.00063646503333" lon="116.44014147577266">
        <ele>42.07908548228443</ele>
        <time>1970-01-01T00:22:22Z</time>
        <extensions>
          <gpxtpx:TrackPointExtension>
            <gpxtpx:hr>152</gpxtpx:hr>
          </gpxtpx:TrackPointExtension>
        </extensions>
      </trkpt>
      <trkpt lat="40.00064859340156" lon="116.44016897186725">
        <ele>42.0666008843109</ele>
        <time>1970-01-01T00:22:23Z</time>
        <extensions>
          <gpxtpx:TrackPointExtension>
            <gpxtpx:hr>152</gpxtpx:hr>
          </gpxtpx:TrackPointExtension>
        </extensions>
      </trkpt>
      <trkpt lat="40.000660837061844" lon="116.4401975572123">
        <ele>42.05611532833427</ele>
        <time>1970-01-01T00:22:24Z</time>
        <extensions>
          <gpxtpx:TrackPointExtension>
            <gpxtpx:hr>152</gpxtpx:hr>
          </gpxtpx:TrackPointExtension>
        </extensions>
      </trkpt>
      <trkpt lat="40.00067285176776" lon="116.44022695142412">
        <ele>42.047173120081425</ele>
        <time>1970-01-01T00:22:25Z</time>
        <extensions>
          <gpxtpx:TrackPointExtension>
            <gpxtpx:hr>152</gpxtpx:hr>
          </gpxtpx:TrackPointExtension>
        </extensions>
      </trkpt>
      <trkpt lat="40.00068408600969" lon="116.44025662071158">
        <ele>42.03916272427887</ele>
        <time>1970-01-01T00:22:26Z</time>
        <extensions>
          <gpxtpx:TrackPointExtension>
            <gpxtpx:hr>154</gpxtpx:hr>
          </gpxtpx:TrackPointExtension>
        </extensions>
      </trkpt>
      <trkpt lat="40.000694471999495" lon="116.44028643243368">
        <ele>42.031397346407175</ele>
        <time>1970-01-01T00:22:27Z</time>
        <extensions>
          <gpxtpx:TrackPointExtension>
            <gpxtpx:hr>154</gpxtpx:hr>
          </gpxtpx:TrackPointExtension>
        </extensions>
      </trkpt>
      <trkpt lat="40.00070406366787" lon="116.44031640997605">
        <ele>42.02331006806344</ele>
        <time>1970-01-01T00:22:28Z</time>
        <extensions>
          <gpxtpx:TrackPointExtension>
            <gpxtpx:hr>154</gpxtpx:hr>
          </gpxtpx:TrackPointExtension>
        </extensions>
      </trkpt>
      <trkpt lat="40.00071298687562" lon="116.4403467158713">
        <ele>42.01453910395503</ele>
        <time>1970-01-01T00:22:29Z</time>
        <extensions>
          <gpxtpx:TrackPointExtension>
            <gpxtpx:hr>154</gpxtpx:hr>
          </gpxtpx:TrackPointExtension>
        </extensions>
      </trkpt>
      <trkpt lat="40.0007214807309" lon="116.44037740866955">
        <ele>42.00478261522949</ele>
        <time>1970-01-01T00:22:30Z</time>
        <extensions>
          <gpxtpx:TrackPointExtension>
            <gpxtpx:hr>154</gpxtpx:hr>
          </gpxtpx:TrackPointExtension>
        </extensions>
      </trkpt>
      <trkpt lat="40.00073001133236" lon="116.44040875775623">
        <ele>41.993652641773224</ele>
        <time>1970-01-01T00:22:31Z</time>
        <extensions>
          <gpxtpx:TrackPointExtension>
            <gpxtpx:hr>154</gpxtpx:hr>
          </gpxtpx:TrackPointExtension>
        </extensions>
      </trkpt>
      <trkpt lat="40.00073881015781" lon="116.44044067480453">
        <ele>41.980697189457715</ele>
        <time>1970-01-01T00:22:32Z</time>
        <extensions>
          <gpxtpx:TrackPointExtension>
            <gpxtpx:hr>154</gpxtpx:hr>
          </gpxtpx:TrackPointExtension>
        </extensions>
      </trkpt>
      <trkpt lat="40.00074781385639" lon="116.44047247475415">
        <ele>41.96552802063525</ele>
        <time>1970-01-01T00:22:33Z</time>
        <extensions>
          <gpxtpx:TrackPointExtension>
            <gpxtpx:hr>154</gpxtpx:hr>
          </gpxtpx:TrackPointExtension>
        </extensions>
      </trkpt>
      <trkpt lat="40.00075703047684" lon="116.44050397693454">
        <ele>41.947860062122345</ele>
        <time>1970-01-01T00:22:34Z</time>
        <extensions>
          <gpxtpx:TrackPointExtension>
            <gpxtpx:hr>154</gpxtpx:hr>
          </gpxtpx:TrackPointExtension>
        </extensions>
      </trkpt>
      <trkpt lat="40.0007663830379" lon="116.44053525178668">
        <ele>41.92742726858705</ele>
        <time>1970-01-01T00:22:35Z</time>
        <extensions>
          <gpxtpx:TrackPointExtension>
            <gpxtpx:hr>154</gpxtpx:hr>
          </gpxtpx:TrackPointExtension>
        </extensions>
      </trkpt>
      <trkpt lat="40.0007756460848" lon="116.44056617409886">
        <ele>41.90395629033446</ele>
        <time>1970-01-01T00:22:36Z</time>
        <extensions>
          <gpxtpx:TrackPointExtension>
            <gpxtpx:hr>154</gpxtpx:hr>
          </gpxtpx:TrackPointExtension>
        </extensions>
      </trkpt>
      <trkpt lat="40.00078463234226" lon="116.44059671105533">
        <ele>41.87721230275929</ele>
        <time>1970-01-01T00:22:37Z</time>
        <extensions>
          <gpxtpx:TrackPointExtension>
            <gpxtpx:hr>153</gpxtpx:hr>
          </gpxtpx:TrackPointExtension>
        </extensions>
      </trkpt>
      <trkpt lat="40.000793266433654" lon="116.440627045339">
        <ele>41.846992729231715</ele>
        <time>1970-01-01T00:22:38Z</time>
        <extensions>
          <gpxtpx:TrackPointExtension>
            <gpxtpx:hr>153</gpxtpx:hr>
          </gpxtpx:TrackPointExtension>
        </extensions>
      </trkpt>
      <trkpt lat="40.0008017298" lon="116.44065756876127">
        <ele>41.81310211960226</ele>
        <time>1970-01-01T00:22:39Z</time>
        <extensions>
          <gpxtpx:TrackPointExtension>
            <gpxtpx:hr>153</gpxtpx:hr>
          </gpxtpx:TrackPointExtension>
        </extensions>
      </trkpt>
      <trkpt lat="40.000810120824504" lon="116.44068842474478">
        <ele>41.775370772928</ele>
        <time>1970-01-01T00:22:40Z</time>
        <extensions>
          <gpxtpx:TrackPointExtension>
            <gpxtpx:hr>153</gpxtpx:hr>
          </gpxtpx:TrackPointExtension>
        </extensions>
      </trkpt>
      <trkpt lat="40.00081860384143" lon="116.44071931561145">
        <ele>41.73352904431522</ele>
        <time>1970-01-01T00:22:41Z</time>
        <extensions>
          <gpxtpx:TrackPointExtension>
            <gpxtpx:hr>153</gpxtpx:hr>
          </gpxtpx:TrackPointExtension>
        </extensions>
      </trkpt>
      <trkpt lat="40.00082633002262" lon="116.44074601583827">
        <ele>41.69344306271523</ele>
        <time>1970-01-01T00:22:41.900000Z</time>
        <extensions>
          <gpxtpx:TrackPointExtension>
            <gpxtpx:hr>153</gpxtpx:hr>
          </gpxtpx:TrackPointExtension>
        </extensions>
      </trkpt>
      <trkpt lat="40.00083562097603" lon="116.44077620142602">
        <ele>41.64230324886739</ele>
        <time>1970-01-01T00:22:42.900000Z</time>
        <extensions>
          <gpxtpx:TrackPointExtension>
            <gpxtpx:hr>153</gpxtpx:hr>
          </gpxtpx:TrackPointExtension>
        </extensions>
      </trkpt>
      <trkpt lat="40.00084669209951" lon="116.44080940280718">
        <ele>41.57537923939526</ele>
        <time>1970-01-01T00:22:44Z</time>
        <extensions>
          <gpxtpx:TrackPointExtension>
            <gpxtpx:hr>153</gpxtpx:hr>
          </gpxtpx:TrackPointExtension>
        </extensions>
      </trkpt>
      <trkpt lat="40.00085701206825" lon="116.44083769131608">
        <ele>41.506588011048734</ele>
        <time>1970-01-01T00:22:45Z</time>
        <extensions>
          <gpxtpx:TrackPointExtension>
            <gpxtpx:hr>153</gpxtpx:hr>
          </gpxtpx:TrackPointExtension>
        </extensions>
      </trkpt>
      <trkpt lat="40.00086647474708" lon="116.44086164618047">
        <ele>41.43900247011334</ele>
        <time>1970-01-01T00:22:45.900000Z</time>
        <extensions>
          <gpxtpx:TrackPointExtension>
            <gpxtpx:hr>151</gpxtpx:hr>
          </gpxtpx:TrackPointExtension>
        </extensions>
      </trkpt>
      <trkpt lat="40.00087960406097" lon="116.440892513328">
        <ele>41.33671201579273</ele>
        <time>1970-01-01T00:22:47Z</time>
        <extensions>
          <gpxtpx:TrackPointExtension>
            <gpxtpx:hr>151</gpxtpx:hr>
          </gpxtpx:TrackPointExtension>
        </extensions>
      </trkpt>
      <trkpt lat="40.00089049868752" lon="116.440916408416">
        <ele>41.24548845272511</ele>
        <time>1970-01-01T00:22:47.900000Z</time>
        <extensions>
          <gpxtpx:TrackPointExtension>
            <gpxtpx:hr>151</gpxtpx:hr>
          </gpxtpx:TrackPointExtension>
        </extensions>
      </trkpt>
      <trkpt lat="40.00090358991385" lon="116.44094474900639">
        <ele>41.12556379567832</ele>
        <time>1970-01-01T00:22:48.900000Z</time>
        <extensions>
          <gpxtpx:TrackPointExtension>
            <gpxtpx:hr>151</gpxtpx:hr>
          </gpxtpx:TrackPointExtension>
        </extensions>
      </trkpt>
      <trkpt lat="40.000916357502376" lon="116.44097437833103">
        <ele>40.987245245836675</ele>
        <time>1970-01-01T00:22:49.900000Z</time>
        <extensions>
          <gpxtpx:TrackPointExtension>
            <gpxtpx:hr>151</gpxtpx:hr>
          </gpxtpx:TrackPointExtension>
        </extensions>
      </trkpt>
      <trkpt lat="40.00092722538895" lon="116.44100532733354">
        <ele>40.83049609605223</ele>
        <time>1970-01-01T00:22:50.900000Z</time>
        <extensions>
          <gpxtpx:TrackPointExtension>
            <gpxtpx:hr>152</gpxtpx:hr>
          </gpxtpx:TrackPointExtension>
        </extensions>
      </trkpt>
      <trkpt lat="40.00093449624915" lon="116.44103687678601">
        <ele>40.656571165658534</ele>
        <time>1970-01-01T00:22:51.900000Z</time>
        <extensions>
          <gpxtpx:TrackPointExtension>
            <gpxtpx:hr>152</gpxtpx:hr>
          </gpxtpx:TrackPointExtension>
        </extensions>
      </trkpt>
      <trkpt lat="40.00093661889132" lon="116.44106809927779">
        <ele>40.468134430237114</ele>
        <time>1970-01-01T00:22:52.900000Z</time>
        <extensions>
          <gpxtpx:TrackPointExtension>
            <gpxtpx:hr>152</gpxtpx:hr>
          </gpxtpx:TrackPointExtension>
        </extensions>
      </trkpt>
      <trkpt lat="40.00093258738761" lon="116.44109829361135">
        <ele>40.26944046467543</ele>
        <time>1970-01-01T00:22:53.900000Z</time>
        <extensions>
          <gpxtpx:TrackPointExtension>
            <gpxtpx:hr>152</gpxtpx:hr>
          </gpxtpx:TrackPointExtension>
        </extensions>
      </trkpt>
      <trkpt lat="40.00092240301055" lon="116.44112711280303">
        <ele>40.066339230164886</ele>
        <time>1970-01-01T00:22:54.900000Z</time>
        <extensions>
          <gpxtpx:TrackPointExtension>
            <gpxtpx:hr>154</gpxtpx:hr>
          </gpxtpx:TrackPointExtension>
        </extensions>
      </trkpt>
      <trkpt lat="40.00090659292396" lon="116.44115466835764">
        <ele>39.86564345937222</ele>
        <time>1970-01-01T00:22:55.900000Z</time>
        <extensions>
          <gpxtpx:TrackPointExtension>
            <gpxtpx:hr>154</gpxtpx:hr>
          </gpxtpx:TrackPointExtension>
        </extensions>
      </trkpt>
      <trkpt lat="40.00088643084465" lon="116.44118083109144">
        <ele>39.674158486537635</ele>
        <time>1970-01-01T00:22:56.900000Z</time>
        <extensions>
          <gpxtpx:TrackPointExtension>
            <gpxtpx:hr>154</gpxtpx:hr>
          </gpxtpx:TrackPointExtension>
        </extensions>
      </trkpt>
      <trkpt lat="40.00086385340796" lon="116.44120553944772">
        <ele>39.49789210129529</ele>
        <time>1970-01-01T00:22:57.900000Z</time>
        <extensions>
          <gpxtpx:TrackPointExtension>
            <gpxtpx:hr>154</gpxtpx:hr>
          </gpxtpx:TrackPointExtension>
        </extensions>
      </trkpt>
      <trkpt lat="40.00084056193057" lon="116.44122874808807">
        <ele>39.34136166237295</ele>
        <time>1970-01-01T00:22:58.900000Z</time>
        <extensions>
          <gpxtpx:TrackPointExtension>
            <gpxtpx:hr>154</gpxtpx:hr>
          </gpxtpx:TrackPointExtension>
        </extensions>
      </trkpt>
      <trkpt lat="40.0008175587721" lon="116.44125064577217">
        <ele>39.2070682849735</ele>
        <time>1970-01-01T00:22:59.900000Z</time>
        <extensions>
          <gpxtpx:TrackPointExtension>
            <gpxtpx:hr>156</gpxtpx:hr>
          </gpxtpx:TrackPointExtension>
        </extensions>
      </trkpt>
      <trkpt lat="40.00079501095104" lon="116.44127193505763">
        <ele>39.095450087450445</ele>
        <time>1970-01-01T00:23:00.900000Z</time>
        <extensions>
          <gpxtpx:TrackPointExtension>
            <gpxtpx:hr>156</gpxtpx:hr>
          </gpxtpx:TrackPointExtension>
        </extensions>
      </trkpt>
      <trkpt lat="40.00077271189887" lon="116.44129323688082">
        <ele>39.00504791084677</ele>
        <time>1970-01-01T00:23:01.900000Z</time>
        <extensions>
          <gpxtpx:TrackPointExtension>
            <gpxtpx:hr>156</gpxtpx:hr>
          </gpxtpx:TrackPointExtension>
        </extensions>
      </trkpt>
      <trkpt lat="40.000750591516216" lon="116.4413147127597">
        <ele>38.93286847975105</ele>
        <time>1970-01-01T00:23:02.900000Z</time>
        <extensions>
          <gpxtpx:TrackPointExtension>
            <gpxtpx:hr>156</gpxtpx:hr>
          </gpxtpx:TrackPointExtension>
        </extensions>
      </trkpt>
      <trkpt lat="40.00072872348924" lon="116.44133617865245">
        <ele>38.875176155008376</ele>
        <time>1970-01-01T00:23:03.900000Z</time>
        <extensions>
          <gpxtpx:TrackPointExtension>
            <gpxtpx:hr>156</gpxtpx:hr>
          </gpxtpx:TrackPointExtension>
        </extensions>
      </trkpt>
      <trkpt lat="40.00070403982429" lon="116.44136029987328">
        <ele>38.82327726390213</ele>
        <time>1970-01-01T00:23:05Z</time>
        <extensions>
          <gpxtpx:TrackPointExtension>
            <gpxtpx:hr>156</gpxtpx:hr>
          </gpxtpx:TrackPointExtension>
        </extensions>
      </trkpt>
      <trkpt lat="40.00068559694746" lon="116.44137789083487">
        <ele>38.791162175126374</ele>
        <time>1970-01-01T00:23:05.900000Z</time>
        <extensions>
          <gpxtpx:TrackPointExtension>
            <gpxtpx:hr>155</gpxtpx:hr>
          </gpxtpx:TrackPointExtension>
        </extensions>
      </trkpt>
      <trkpt lat="40.00066443156013" lon="116.44139735268044">
        <ele>38.757988134399056</ele>
        <time>1970-01-01T00:23:06.900000Z</time>
        <extensions>
          <gpxtpx:TrackPointExtension>
            <gpxtpx:hr>155</gpxtpx:hr>
          </gpxtpx:TrackPointExtension>
        </extensions>
      </trkpt>
      <trkpt lat="40.00064349602566" lon="116.44141615747593">
        <ele>38.727934354916215</ele>
        <time>1970-01-01T00:23:07.900000Z</time>
        <extensions>
          <gpxtpx:TrackPointExtension>
            <gpxtpx:hr>155</gpxtpx:hr>
          </gpxtpx:TrackPointExtension>
        </extensions>
      </trkpt>
      <trkpt lat="40.00061957928304" lon="116.44143796843213">
        <ele>38.69659908302128</ele>
        <time>1970-01-01T00:23:09Z</time>
        <extensions>
          <gpxtpx:TrackPointExtension>
            <gpxtpx:hr>155</gpxtpx:hr>
          </gpxtpx:TrackPointExtension>
        </extensions>
      </trkpt>
      <trkpt lat="40.00059862480427" lon="116.44145767605998">
        <ele>38.67166180256754</ele>
        <time>1970-01-01T00:23:10Z</time>
        <extensions>
          <gpxtpx:TrackPointExtension>
            <gpxtpx:hr>155</gpxtpx:hr>
          </gpxtpx:TrackPointExtension>
        </extensions>
      </trkpt>
      <trkpt lat="40.000578157486416" lon="116.44147788057374">
        <ele>38.648920027539134</ele>
        <time>1970-01-01T00:23:11Z</time>
        <extensions>
          <gpxtpx:TrackPointExtension>
            <gpxtpx:hr>155</gpxtpx:hr>
          </gpxtpx:TrackPointExtension>
        </extensions>
      </trkpt>
      <trkpt lat="40.000561359360994" lon="116.44149528063664">
        <ele>38.63099507894367</ele>
        <time>1970-01-01T00:23:11.900000Z</time>
        <extensions>
          <gpxtpx:TrackPointExtension>
            <gpxtpx:hr>155</gpxtpx:hr>
          </gpxtpx:TrackPointExtension>
        </extensions>
      </trkpt>
      <trkpt lat="40.000542645236834" lon="116.44151541672068">
        <ele>38.61159948911518</ele>
        <time>1970-01-01T00:23:12.900000Z</time>
        <extensions>
          <gpxtpx:TrackPointExtension>
            <gpxtpx:hr>155</gpxtpx:hr>
          </gpxtpx:TrackPointExtension>
        </extensions>
      </trkpt>
      <trkpt lat="40.00052499984456" lon="116.4415356924173">
        <ele>38.593516351655126</ele>
        <time>1970-01-01T00:23:13.900000Z</time>
        <extensions>
          <gpxtpx:TrackPointExtension>
            <gpxtpx:hr>155</gpxtpx:hr>
          </gpxtpx:TrackPointExtension>
        </extensions>
      </trkpt>
      <trkpt lat="40.00050888777039" lon="116.44155681401718">
        <ele>38.57612714357674</ele>
        <time>1970-01-01T00:23:14.900000Z</time>
        <extensions>
          <gpxtpx:TrackPointExtension>
            <gpxtpx:hr>155</gpxtpx:hr>
          </gpxtpx:TrackPointExtension>
        </extensions>
      </trkpt>
      <trkpt lat="40.000495093440705" lon="116.4415797953912">
        <ele>38.55885817762464</ele>
        <time>1970-01-01T00:23:15.900000Z</time>
        <extensions>
          <gpxtpx:TrackPointExtension>
            <gpxtpx:hr>155</gpxtpx:hr>
          </gpxtpx:TrackPointExtension>
        </extensions>
      </trkpt>
      <trkpt lat="40.00048354480532" lon="116.44160972054291">
        <ele>38.53904985729605</ele>
        <time>1970-01-01T00:23:17Z</time>
        <extensions>
          <gpxtpx:TrackPointExtension>
            <gpxtpx:hr>155</gpxtpx:hr>
          </gpxtpx:TrackPointExtension>
        </extensions>
      </trkpt>
      <trkpt lat="40.00047797192822" lon="116.44163407518354">
        <ele>38.52445479482412</ele>
        <time>1970-01-01T00:23:17.900000Z</time>
        <extensions>
          <gpxtpx:TrackPointExtension>
            <gpxtpx:hr>155</gpxtpx:hr>
          </gpxtpx:TrackPointExtension>
        </extensions>
      </trkpt>
      <trkpt lat="40.0004740665858" lon="116.44166363249298">
        <ele>38.5077801309526</ele>
        <time>1970-01-01T00:23:18.900000Z</time>
        <extensions>
          <gpxtpx:TrackPointExtension>
            <gpxtpx:hr>155</gpxtpx:hr>
          </gpxtpx:TrackPointExtension>
        </extensions>
      </trkpt>
      <trkpt lat="40.000472398475175" lon="116.44169817876333">
        <ele>38.490182902663946</ele>
        <time>1970-01-01T00:23:20Z</time>
        <extensions>
          <gpxtpx:TrackPointExtension>
            <gpxtpx:hr>155</gpxtpx:hr>
          </gpxtpx:TrackPointExtension>
        </extensions>
      </trkpt>
      <trkpt lat="40.000472541431684" lon="116.44172855424907">
        <ele>38.477266191504896</ele>
        <time>1970-01-01T00:23:21Z</time>
        <extensions>
          <gpxtpx:TrackPointExtension>
            <gpxtpx:hr>155</gpxtpx:hr>
          </gpxtpx:TrackPointExtension>
        </extensions>
      </trkpt>
      <trkpt lat="40.0004731862879" lon="116.44175910136536">
        <ele>38.467415186576545</ele>
        <time>1970-01-01T00:23:22Z</time>
        <extensions>
          <gpxtpx:TrackPointExtension>
            <gpxtpx:hr>155</gpxtpx:hr>
          </gpxtpx:TrackPointExtension>
        </extensions>
      </trkpt>
      <trkpt lat="40.00047357979877" lon="116.44178953601937">
        <ele>38.4611696396023</ele>
        <time>1970-01-01T00:23:23Z</time>
        <extensions>
          <gpxtpx:TrackPointExtension>
            <gpxtpx:hr>155</gpxtpx:hr>
          </gpxtpx:TrackPointExtension>
        </extensions>
      </trkpt>
      <trkpt lat="40.00047311722855" lon="116.44181984041978">
        <ele>38.458864689804614</ele>
        <time>1970-01-01T00:23:24Z</time>
        <extensions>
          <gpxtpx:TrackPointExtension>
            <gpxtpx:hr>155</gpxtpx:hr>
          </gpxtpx:TrackPointExtension>
        </extensions>
      </trkpt>
      <trkpt lat="40.00047150618274" lon="116.44184997078904">
        <ele>38.46065287850797</ele>
        <time>1970-01-01T00:23:25Z</time>
        <extensions>
          <gpxtpx:TrackPointExtension>
            <gpxtpx:hr>155</gpxtpx:hr>
          </gpxtpx:TrackPointExtension>
        </extensions>
      </trkpt>
      <trkpt lat="40.00046887473263" lon="116.44187987162628">
        <ele>38.46641641668975</ele>
        <time>1970-01-01T00:23:26Z</time>
        <extensions>
          <gpxtpx:TrackPointExtension>
            <gpxtpx:hr>155</gpxtpx:hr>
          </gpxtpx:TrackPointExtension>
        </extensions>
      </trkpt>
      <trkpt lat="40.00046567447901" lon="116.44190984471986">
        <ele>38.47567340079695</ele>
        <time>1970-01-01T00:23:27Z</time>
        <extensions>
          <gpxtpx:TrackPointExtension>
            <gpxtpx:hr>155</gpxtpx:hr>
          </gpxtpx:TrackPointExtension>
        </extensions>
      </trkpt>
      <trkpt lat="40.00046283523918" lon="116.44193984528769">
        <ele>38.48758287355304</ele>
        <time>1970-01-01T00:23:28.100000Z</time>
        <extensions>
          <gpxtpx:TrackPointExtension>
            <gpxtpx:hr>155</gpxtpx:hr>
          </gpxtpx:TrackPointExtension>
        </extensions>
      </trkpt>
      <trkpt lat="40.000461302632715" lon="116.44196495178035">
        <ele>38.498892893083394</ele>
        <time>1970-01-01T00:23:28.900000Z</time>
        <extensions>
          <gpxtpx:TrackPointExtension>
            <gpxtpx:hr>155</gpxtpx:hr>
          </gpxtpx:TrackPointExtension>
        </extensions>
      </trkpt>
      <trkpt lat="40.000460993251444" lon="116.44199392369717">
        <ele>38.51253723818809</ele>
        <time>1970-01-01T00:23:29.900000Z</time>
        <extensions>
          <gpxtpx:TrackPointExtension>
            <gpxtpx:hr>155</gpxtpx:hr>
          </gpxtpx:TrackPointExtension>
        </extensions>
      </trkpt>
      <trkpt lat="40.00046258131662" lon="116.44202194878153">
        <ele>38.52559051197022</ele>
        <time>1970-01-01T00:23:30.900000Z</time>
        <extensions>
          <gpxtpx:TrackPointExtension>
            <gpxtpx:hr>155</gpxtpx:hr>
          </gpxtpx:TrackPointExtension>
        </extensions>
      </trkpt>
      <trkpt lat="40.000465721482655" lon="116.44204872016195">
        <ele>38.53727141022682</ele>
        <time>1970-01-01T00:23:31.900000Z</time>
        <extensions>
          <gpxtpx:TrackPointExtension>
            <gpxtpx:hr>155</gpxtpx:hr>
          </gpxtpx:TrackPointExtension>
        </extensions>
      </trkpt>
      <trkpt lat="40.00046982854311" lon="116.44207413320937">
        <ele>38.547195634804666</ele>
        <time>1970-01-01T00:23:32.900000Z</time>
        <extensions>
          <gpxtpx:TrackPointExtension>
            <gpxtpx:hr>155</gpxtpx:hr>
          </gpxtpx:TrackPointExtension>
        </extensions>
      </trkpt>
      <trkpt lat="40.00047408878771" lon="116.44210160843903">
        <ele>38.556685138493776</ele>
        <time>1970-01-01T00:23:34.100000Z</time>
        <extensions>
          <gpxtpx:TrackPointExtension>
            <gpxtpx:hr>155</gpxtpx:hr>
          </gpxtpx:TrackPointExtension>
        </extensions>
      </trkpt>
      <trkpt lat="40.00047541202094" lon="116.44212033262859">
        <ele>38.56276252865791</ele>
        <time>1970-01-01T00:23:34.900000Z</time>
        <extensions>
          <gpxtpx:TrackPointExtension>
            <gpxtpx:hr>155</gpxtpx:hr>
          </gpxtpx:TrackPointExtension>
        </extensions>
      </trkpt>
      <trkpt lat="40.000474538159416" lon="116.44214499007603">
        <ele>38.57076205406338</ele>
        <time>1970-01-01T00:23:36.100000Z</time>
        <extensions>
          <gpxtpx:TrackPointExtension>
            <gpxtpx:hr>155</gpxtpx:hr>
          </gpxtpx:TrackPointExtension>
        </extensions>
      </trkpt>
      <trkpt lat="40.00047339454716" lon="116.44216423667893">
        <ele>38.576571754179895</ele>
        <time>1970-01-01T00:23:36.900000Z</time>
        <extensions>
          <gpxtpx:TrackPointExtension>
            <gpxtpx:hr>155</gpxtpx:hr>
          </gpxtpx:TrackPointExtension>
        </extensions>
      </trkpt>
      <trkpt lat="40.00047324225771" lon="116.44219084629651">
        <ele>38.58314970694482</ele>
        <time>1970-01-01T00:23:37.900000Z</time>
        <extensions>
          <gpxtpx:TrackPointExtension>
            <gpxtpx:hr>155</gpxtpx:hr>
          </gpxtpx:TrackPointExtension>
        </extensions>
      </trkpt>
      <trkpt lat="40.00047494396978" lon="116.44222079574051">
        <ele>38.58892591390759</ele>
        <time>1970-01-01T00:23:38.900000Z</time>
        <extensions>
          <gpxtpx:TrackPointExtension>
            <gpxtpx:hr>155</gpxtpx:hr>
          </gpxtpx:TrackPointExtension>
        </extensions>
      </trkpt>
      <trkpt lat="40.000478283125204" lon="116.44225225354224">
        <ele>38.593684148043394</ele>
        <time>1970-01-01T00:23:39.900000Z</time>
        <extensions>
          <gpxtpx:TrackPointExtension>
            <gpxtpx:hr>155</gpxtpx:hr>
          </gpxtpx:TrackPointExtension>
        </extensions>
      </trkpt>
      <trkpt lat="40.000482512726585" lon="116.44228332317161">
        <ele>38.597312938421965</ele>
        <time>1970-01-01T00:23:40.900000Z</time>
        <extensions>
          <gpxtpx:TrackPointExtension>
            <gpxtpx:hr>154</gpxtpx:hr>
          </gpxtpx:TrackPointExtension>
        </extensions>
      </trkpt>
      <trkpt lat="40.00048703284057" lon="116.44231363486907">
        <ele>38.59976962208748</ele>
        <time>1970-01-01T00:23:41.900000Z</time>
        <extensions>
          <gpxtpx:TrackPointExtension>
            <gpxtpx:hr>154</gpxtpx:hr>
          </gpxtpx:TrackPointExtension>
        </extensions>
      </trkpt>
      <trkpt lat="40.00049238345072" lon="116.4423488154546">
        <ele>38.60121700167656</ele>
        <time>1970-01-01T00:23:43.100000Z</time>
        <extensions>
          <gpxtpx:TrackPointExtension>
            <gpxtpx:hr>154</gpxtpx:hr>
          </gpxtpx:TrackPointExtension>
        </extensions>
      </trkpt>
      <trkpt lat="40.00049646009617" lon="116.44237490469057">
        <ele>38.60142381768674</ele>
        <time>1970-01-01T00:23:43.900000Z</time>
        <extensions>
          <gpxtpx:TrackPointExtension>
            <gpxtpx:hr>154</gpxtpx:hr>
          </gpxtpx:TrackPointExtension>
        </extensions>
      </trkpt>
      <trkpt lat="40.00050183324051" lon="116.44240698558075">
        <ele>38.60055131930858</ele>
        <time>1970-01-01T00:23:44.900000Z</time>
        <extensions>
          <gpxtpx:TrackPointExtension>
            <gpxtpx:hr>154</gpxtpx:hr>
          </gpxtpx:TrackPointExtension>
        </extensions>
      </trkpt>
      <trkpt lat="40.000507668259374" lon="116.44243955145686">
        <ele>38.598177312873304</ele>
        <time>1970-01-01T00:23:45.900000Z</time>
        <extensions>
          <gpxtpx:TrackPointExtension>
            <gpxtpx:hr>152</gpxtpx:hr>
          </gpxtpx:TrackPointExtension>
        </extensions>
      </trkpt>
      <trkpt lat="40.00051356821939" lon="116.44247208219915">
        <ele>38.594392453320324</ele>
        <time>1970-01-01T00:23:46.900000Z</time>
        <extensions>
          <gpxtpx:TrackPointExtension>
            <gpxtpx:hr>152</gpxtpx:hr>
          </gpxtpx:TrackPointExtension>
        </extensions>
      </trkpt>
      <trkpt lat="40.00051934088062" lon="116.44250420406432">
        <ele>38.58945706021041</ele>
        <time>1970-01-01T00:23:47.900000Z</time>
        <extensions>
          <gpxtpx:TrackPointExtension>
            <gpxtpx:hr>152</gpxtpx:hr>
          </gpxtpx:TrackPointExtension>
        </extensions>
      </trkpt>
      <trkpt lat="40.00052492249786" lon="116.44253585059376">
        <ele>38.58368082065135</ele>
        <time>1970-01-01T00:23:48.900000Z</time>
        <extensions>
          <gpxtpx:TrackPointExtension>
            <gpxtpx:hr>152</gpxtpx:hr>
          </gpxtpx:TrackPointExtension>
        </extensions>
      </trkpt>
      <trkpt lat="40.000530231036464" lon="116.44256728413221">
        <ele>38.57736936118454</ele>
        <time>1970-01-01T00:23:49.900000Z</time>
        <extensions>
          <gpxtpx:TrackPointExtension>
            <gpxtpx:hr>152</gpxtpx:hr>
          </gpxtpx:TrackPointExtension>
        </extensions>
      </trkpt>
      <trkpt lat="40.000535191810194" lon="116.442598935156">
        <ele>38.57078618183732</ele>
        <time>1970-01-01T00:23:50.900000Z</time>
        <extensions>
          <gpxtpx:TrackPointExtension>
            <gpxtpx:hr>152</gpxtpx:hr>
          </gpxtpx:TrackPointExtension>
        </extensions>
      </trkpt>
      <trkpt lat="40.00053987715637" lon="116.44263092092048">
        <ele>38.56408136244863</ele>
        <time>1970-01-01T00:23:51.900000Z</time>
        <extensions>
          <gpxtpx:TrackPointExtension>
            <gpxtpx:hr>152</gpxtpx:hr>
          </gpxtpx:TrackPointExtension>
        </extensions>
      </trkpt>
      <trkpt lat="40.000544526668136" lon="116.44266319406483">
        <ele>38.557203142903745</ele>
        <time>1970-01-01T00:23:52.900000Z</time>
        <extensions>
          <gpxtpx:TrackPointExtension>
            <gpxtpx:hr>152</gpxtpx:hr>
          </gpxtpx:TrackPointExtension>
        </extensions>
      </trkpt>
      <trkpt lat="40.0005490857324" lon="116.44269550918526">
        <ele>38.5498759271577</ele>
        <time>1970-01-01T00:23:53.900000Z</time>
        <extensions>
          <gpxtpx:TrackPointExtension>
            <gpxtpx:hr>152</gpxtpx:hr>
          </gpxtpx:TrackPointExtension>
        </extensions>
      </trkpt>
      <trkpt lat="40.000553408665816" lon="116.4427276975163">
        <ele>38.54168908111751</ele>
        <time>1970-01-01T00:23:54.900000Z</time>
        <extensions>
          <gpxtpx:TrackPointExtension>
            <gpxtpx:hr>152</gpxtpx:hr>
          </gpxtpx:TrackPointExtension>
        </extensions>
      </trkpt>
      <trkpt lat="40.000557581313984" lon="116.44276003408153">
        <ele>38.532224187627435</ele>
        <time>1970-01-01T00:23:55.900000Z</time>
        <extensions>
          <gpxtpx:TrackPointExtension>
            <gpxtpx:hr>153</gpxtpx:hr>
          </gpxtpx:TrackPointExtension>
        </extensions>
      </trkpt>
      <trkpt lat="40.00056172242414" lon="116.44279273926924">
        <ele>38.52115888521075</ele>
        <time>1970-01-01T00:23:56.900000Z</time>
        <extensions>
          <gpxtpx:TrackPointExtension>
            <gpxtpx:hr>153</gpxtpx:hr>
          </gpxtpx:TrackPointExtension>
        </extensions>
      </trkpt>
      <trkpt lat="40.00056595768588" lon="116.44282573262555">
        <ele>38.508365225978196</ele>
        <time>1970-01-01T00:23:57.900000Z</time>
        <extensions>
          <gpxtpx:TrackPointExtension>
            <gpxtpx:hr>153</gpxtpx:hr>
          </gpxtpx:TrackPointExtension>
        </extensions>
      </trkpt>
      <trkpt lat="40.000570307665356" lon="116.44285877814464">
        <ele>38.49397496599704</ele>
        <time>1970-01-01T00:23:58.900000Z</time>
        <extensions>
          <gpxtpx:TrackPointExtension>
            <gpxtpx:hr>153</gpxtpx:hr>
          </gpxtpx:TrackPointExtension>
        </extensions>
      </trkpt>
      <trkpt lat="40.00057476201569" lon="116.44289173549028">
        <ele>38.478376287035644</ele>
        <time>1970-01-01T00:23:59.900000Z</time>
        <extensions>
          <gpxtpx:TrackPointExtension>
            <gpxtpx:hr>153</gpxtpx:hr>
          </gpxtpx:TrackPointExtension>
        </extensions>
      </trkpt>
      <trkpt lat="40.000579344680254" lon="116.44292455938437">
        <ele>38.46217190846801</ele>
        <time>1970-01-01T00:24:00.900000Z</time>
        <extensions>
          <gpxtpx:TrackPointExtension>
            <gpxtpx:hr>153</gpxtpx:hr>
          </gpxtpx:TrackPointExtension>
        </extensions>
      </trkpt>
      <trkpt lat="40.000584089110994" lon="116.44295724974018">
        <ele>38.446087796241045</ele>
        <time>1970-01-01T00:24:01.900000Z</time>
        <extensions>
          <gpxtpx:TrackPointExtension>
            <gpxtpx:hr>153</gpxtpx:hr>
          </gpxtpx:TrackPointExtension>
        </extensions>
      </trkpt>
      <trkpt lat="40.000589953686074" lon="116.44299547440933">
        <ele>38.42857446614653</ele>
        <time>1970-01-01T00:24:03.100000Z</time>
        <extensions>
          <gpxtpx:TrackPointExtension>
            <gpxtpx:hr>154</gpxtpx:hr>
          </gpxtpx:TrackPointExtension>
        </extensions>
      </trkpt>
      <trkpt lat="40.00059437070727" lon="116.4430226402001">
        <ele>38.41738149896264</ele>
        <time>1970-01-01T00:24:03.900000Z</time>
        <extensions>
          <gpxtpx:TrackPointExtension>
            <gpxtpx:hr>154</gpxtpx:hr>
          </gpxtpx:TrackPointExtension>
        </extensions>
      </trkpt>
      <trkpt lat="40.00060006200283" lon="116.44305547167127">
        <ele>38.4053422966972</ele>
        <time>1970-01-01T00:24:04.900000Z</time>
        <extensions>
          <gpxtpx:TrackPointExtension>
            <gpxtpx:hr>154</gpxtpx:hr>
          </gpxtpx:TrackPointExtension>
        </extensions>
      </trkpt>
      <trkpt lat="40.00060590848702" lon="116.4430883348801">
        <ele>38.39486850146204</ele>
        <time>1970-01-01T00:24:05.900000Z</time>
        <extensions>
          <gpxtpx:TrackPointExtension>
            <gpxtpx:hr>153</gpxtpx:hr>
          </gpxtpx:TrackPointExtension>
        </extensions>
      </trkpt>
      <trkpt lat="40.00061140773219" lon="116.44312113956184">
        <ele>38.38553985860199</ele>
        <time>1970-01-01T00:24:06.900000Z</time>
        <extensions>
          <gpxtpx:TrackPointExtension>
            <gpxtpx:hr>153</gpxtpx:hr>
          </gpxtpx:TrackPointExtension>
        </extensions>
      </trkpt>
      <trkpt lat="40.000616370627625" lon="116.44315374104322">
        <ele>38.37675102613866</ele>
        <time>1970-01-01T00:24:07.900000Z</time>
        <extensions>
          <gpxtpx:TrackPointExtension>
            <gpxtpx:hr>153</gpxtpx:hr>
          </gpxtpx:TrackPointExtension>
        </extensions>
      </trkpt>
      <trkpt lat="40.00062064834062" lon="116.44318601277777">
        <ele>38.36788190249354</ele>
        <time>1970-01-01T00:24:08.900000Z</time>
        <extensions>
          <gpxtpx:TrackPointExtension>
            <gpxtpx:hr>153</gpxtpx:hr>
          </gpxtpx:TrackPointExtension>
        </extensions>
      </trkpt>
      <trkpt lat="40.00062439166823" lon="116.44321799071948">
        <ele>38.358502375893295</ele>
        <time>1970-01-01T00:24:09.900000Z</time>
        <extensions>
          <gpxtpx:TrackPointExtension>
            <gpxtpx:hr>153</gpxtpx:hr>
          </gpxtpx:TrackPointExtension>
        </extensions>
      </trkpt>
      <trkpt lat="40.00062809681229" lon="116.44324978708264">
        <ele>38.348566606640816</ele>
        <time>1970-01-01T00:24:10.900000Z</time>
        <extensions>
          <gpxtpx:TrackPointExtension>
            <gpxtpx:hr>153</gpxtpx:hr>
          </gpxtpx:TrackPointExtension>
        </extensions>
      </trkpt>
      <trkpt lat="40.00063210721514" lon="116.44328157912709">
        <ele>38.338449792936444</ele>
        <time>1970-01-01T00:24:11.900000Z</time>
        <extensions>
          <gpxtpx:TrackPointExtension>
            <gpxtpx:hr>153</gpxtpx:hr>
          </gpxtpx:TrackPointExtension>
        </extensions>
      </trkpt>
      <trkpt lat="40.000636513499224" lon="116.44331330264662">
        <ele>38.3287859139964</ele>
        <time>1970-01-01T00:24:12.900000Z</time>
        <extensions>
          <gpxtpx:TrackPointExtension>
            <gpxtpx:hr>153</gpxtpx:hr>
          </gpxtpx:TrackPointExtension>
        </extensions>
      </trkpt>
      <trkpt lat="40.00064133781407" lon="116.44334481531628">
        <ele>38.320244557224214</ele>
        <time>1970-01-01T00:24:13.900000Z</time>
        <extensions>
          <gpxtpx:TrackPointExtension>
            <gpxtpx:hr>153</gpxtpx:hr>
          </gpxtpx:TrackPointExtension>
        </extensions>
      </trkpt>
      <trkpt lat="40.00064663151902" lon="116.44337614774743">
        <ele>38.313326572068036</ele>
        <time>1970-01-01T00:24:14.900000Z</time>
        <extensions>
          <gpxtpx:TrackPointExtension>
            <gpxtpx:hr>153</gpxtpx:hr>
          </gpxtpx:TrackPointExtension>
        </extensions>
      </trkpt>
      <trkpt lat="40.00065222092936" lon="116.44340750446786">
        <ele>38.30817942135036</ele>
        <time>1970-01-01T00:24:15.900000Z</time>
        <extensions>
          <gpxtpx:TrackPointExtension>
            <gpxtpx:hr>153</gpxtpx:hr>
          </gpxtpx:TrackPointExtension>
        </extensions>
      </trkpt>
      <trkpt lat="40.00065788369712" lon="116.44343921515251">
        <ele>38.30454521253705</ele>
        <time>1970-01-01T00:24:16.900000Z</time>
        <extensions>
          <gpxtpx:TrackPointExtension>
            <gpxtpx:hr>153</gpxtpx:hr>
          </gpxtpx:TrackPointExtension>
        </extensions>
      </trkpt>
      <trkpt lat="40.00066352076143" lon="116.44347116779186">
        <ele>38.301907188259065</ele>
        <time>1970-01-01T00:24:17.900000Z</time>
        <extensions>
          <gpxtpx:TrackPointExtension>
            <gpxtpx:hr>154</gpxtpx:hr>
          </gpxtpx:TrackPointExtension>
        </extensions>
      </trkpt>
      <trkpt lat="40.00066915001418" lon="116.4435029188402">
        <ele>38.29968657530844</ele>
        <time>1970-01-01T00:24:18.900000Z</time>
        <extensions>
          <gpxtpx:TrackPointExtension>
            <gpxtpx:hr>154</gpxtpx:hr>
          </gpxtpx:TrackPointExtension>
        </extensions>
      </trkpt>
      <trkpt lat="40.00067484814537" lon="116.44353438982812">
        <ele>38.29738547373563</ele>
        <time>1970-01-01T00:24:19.900000Z</time>
        <extensions>
          <gpxtpx:TrackPointExtension>
            <gpxtpx:hr>154</gpxtpx:hr>
          </gpxtpx:TrackPointExtension>
        </extensions>
      </trkpt>
      <trkpt lat="40.000680693557904" lon="116.44356583940403">
        <ele>38.29469472076744</ele>
        <time>1970-01-01T00:24:20.900000Z</time>
        <extensions>
          <gpxtpx:TrackPointExtension>
            <gpxtpx:hr>154</gpxtpx:hr>
          </gpxtpx:TrackPointExtension>
        </extensions>
      </trkpt>
      <trkpt lat="40.00068676635257" lon="116.44359726535681">
        <ele>38.29153295233846</ele>
        <time>1970-01-01T00:24:21.900000Z</time>
        <extensions>
          <gpxtpx:TrackPointExtension>
            <gpxtpx:hr>154</gpxtpx:hr>
          </gpxtpx:TrackPointExtension>
        </extensions>
      </trkpt>
      <trkpt lat="40.000693119673954" lon="116.44362877704326">
        <ele>38.28798416443169</ele>
        <time>1970-01-01T00:24:22.900000Z</time>
        <extensions>
          <gpxtpx:TrackPointExtension>
            <gpxtpx:hr>154</gpxtpx:hr>
          </gpxtpx:TrackPointExtension>
        </extensions>
      </trkpt>
      <trkpt lat="40.00069959054837" lon="116.44366053967039">
        <ele>38.28420830704272</ele>
        <time>1970-01-01T00:24:23.900000Z</time>
        <extensions>
          <gpxtpx:TrackPointExtension>
            <gpxtpx:hr>154</gpxtpx:hr>
          </gpxtpx:TrackPointExtension>
        </extensions>
      </trkpt>
      <trkpt lat="40.000705991473275" lon="116.44369270207135">
        <ele>38.280405226163566</ele>
        <time>1970-01-01T00:24:24.900000Z</time>
        <extensions>
          <gpxtpx:TrackPointExtension>
            <gpxtpx:hr>154</gpxtpx:hr>
          </gpxtpx:TrackPointExtension>
        </extensions>
      </trkpt>
      <trkpt lat="40.00071194427796" lon="116.44372541699559">
        <ele>38.27681336738169</ele>
        <time>1970-01-01T00:24:25.900000Z</time>
        <extensions>
          <gpxtpx:TrackPointExtension>
            <gpxtpx:hr>154</gpxtpx:hr>
          </gpxtpx:TrackPointExtension>
        </extensions>
      </trkpt>
      <trkpt lat="40.00071715128497" lon="116.44375851654766">
        <ele>38.2737195128575</ele>
        <time>1970-01-01T00:24:26.900000Z</time>
        <extensions>
          <gpxtpx:TrackPointExtension>
            <gpxtpx:hr>154</gpxtpx:hr>
          </gpxtpx:TrackPointExtension>
        </extensions>
      </trkpt>
      <trkpt lat="40.000722097881024" lon="116.44379167184313">
        <ele>38.271471589803696</ele>
        <time>1970-01-01T00:24:27.900000Z</time>
        <extensions>
          <gpxtpx:TrackPointExtension>
            <gpxtpx:hr>154</gpxtpx:hr>
          </gpxtpx:TrackPointExtension>
        </extensions>
      </trkpt>
      <trkpt lat="40.00072735649894" lon="116.44382455919684">
        <ele>38.2704744739458</ele>
        <time>1970-01-01T00:24:28.900000Z</time>
        <extensions>
          <gpxtpx:TrackPointExtension>
            <gpxtpx:hr>154</gpxtpx:hr>
          </gpxtpx:TrackPointExtension>
        </extensions>
      </trkpt>
      <trkpt lat="40.000732904331095" lon="116.44385676445867">
        <ele>38.27112771011889</ele>
        <time>1970-01-01T00:24:29.900000Z</time>
        <extensions>
          <gpxtpx:TrackPointExtension>
            <gpxtpx:hr>155</gpxtpx:hr>
          </gpxtpx:TrackPointExtension>
        </extensions>
      </trkpt>
      <trkpt lat="40.00073849499178" lon="116.44388831655822">
        <ele>38.27369794342667</ele>
        <time>1970-01-01T00:24:30.900000Z</time>
        <extensions>
          <gpxtpx:TrackPointExtension>
            <gpxtpx:hr>155</gpxtpx:hr>
          </gpxtpx:TrackPointExtension>
        </extensions>
      </trkpt>
      <trkpt lat="40.00074405771257" lon="116.44391945919381">
        <ele>38.27820499893278</ele>
        <time>1970-01-01T00:24:31.900000Z</time>
        <extensions>
          <gpxtpx:TrackPointExtension>
            <gpxtpx:hr>155</gpxtpx:hr>
          </gpxtpx:TrackPointExtension>
        </extensions>
      </trkpt>
      <trkpt lat="40.00074939654485" lon="116.44395028841937">
        <ele>38.2843854194507</ele>
        <time>1970-01-01T00:24:32.900000Z</time>
        <extensions>
          <gpxtpx:TrackPointExtension>
            <gpxtpx:hr>155</gpxtpx:hr>
          </gpxtpx:TrackPointExtension>
        </extensions>
      </trkpt>
      <trkpt lat="40.000754390772016" lon="116.44398097646658">
        <ele>38.29170983284712</ele>
        <time>1970-01-01T00:24:33.900000Z</time>
        <extensions>
          <gpxtpx:TrackPointExtension>
            <gpxtpx:hr>155</gpxtpx:hr>
          </gpxtpx:TrackPointExtension>
        </extensions>
      </trkpt>
      <trkpt lat="40.00075893238569" lon="116.44401198680525">
        <ele>38.299495892599225</ele>
        <time>1970-01-01T00:24:34.900000Z</time>
        <extensions>
          <gpxtpx:TrackPointExtension>
            <gpxtpx:hr>155</gpxtpx:hr>
          </gpxtpx:TrackPointExtension>
        </extensions>
      </trkpt>
      <trkpt lat="40.00076281734444" lon="116.44404378671943">
        <ele>38.30716341268271</ele>
        <time>1970-01-01T00:24:35.900000Z</time>
        <extensions>
          <gpxtpx:TrackPointExtension>
            <gpxtpx:hr>155</gpxtpx:hr>
          </gpxtpx:TrackPointExtension>
        </extensions>
      </trkpt>
      <trkpt lat="40.00076571746496" lon="116.44407652741836">
        <ele>38.31442117970437</ele>
        <time>1970-01-01T00:24:36.900000Z</time>
        <extensions>
          <gpxtpx:TrackPointExtension>
            <gpxtpx:hr>155</gpxtpx:hr>
          </gpxtpx:TrackPointExtension>
        </extensions>
      </trkpt>
      <trkpt lat="40.00076704805709" lon="116.44411008317608">
        <ele>38.321333825588226</ele>
        <time>1970-01-01T00:24:37.900000Z</time>
        <extensions>
          <gpxtpx:TrackPointExtension>
            <gpxtpx:hr>155</gpxtpx:hr>
          </gpxtpx:TrackPointExtension>
        </extensions>
      </trkpt>
      <trkpt lat="40.000768440387" lon="116.44414370319436">
        <ele>38.32829847652465</ele>
        <time>1970-01-01T00:24:38.900000Z</time>
        <extensions>
          <gpxtpx:TrackPointExtension>
            <gpxtpx:hr>155</gpxtpx:hr>
          </gpxtpx:TrackPointExtension>
        </extensions>
      </trkpt>
      <trkpt lat="40.00077168713236" lon="116.44417659984738">
        <ele>38.33596068248153</ele>
        <time>1970-01-01T00:24:39.900000Z</time>
        <extensions>
          <gpxtpx:TrackPointExtension>
            <gpxtpx:hr>155</gpxtpx:hr>
          </gpxtpx:TrackPointExtension>
        </extensions>
      </trkpt>
      <trkpt lat="40.00077657895757" lon="116.44420848693014">
        <ele>38.345207588747144</ele>
        <time>1970-01-01T00:24:40.900000Z</time>
        <extensions>
          <gpxtpx:TrackPointExtension>
            <gpxtpx:hr>153</gpxtpx:hr>
          </gpxtpx:TrackPointExtension>
        </extensions>
      </trkpt>
      <trkpt lat="40.000782951362936" lon="116.44423986917387">
        <ele>38.357177160680294</ele>
        <time>1970-01-01T00:24:41.900000Z</time>
        <extensions>
          <gpxtpx:TrackPointExtension>
            <gpxtpx:hr>153</gpxtpx:hr>
          </gpxtpx:TrackPointExtension>
        </extensions>
      </trkpt>
      <trkpt lat="40.00079055358709" lon="116.44427133225774">
        <ele>38.37326224241406</ele>
        <time>1970-01-01T00:24:42.900000Z</time>
        <extensions>
          <gpxtpx:TrackPointExtension>
            <gpxtpx:hr>153</gpxtpx:hr>
          </gpxtpx:TrackPointExtension>
        </extensions>
      </trkpt>
      <trkpt lat="40.000799155324664" lon="116.44430300716489">
        <ele>38.39503292925656</ele>
        <time>1970-01-01T00:24:43.900000Z</time>
        <extensions>
          <gpxtpx:TrackPointExtension>
            <gpxtpx:hr>153</gpxtpx:hr>
          </gpxtpx:TrackPointExtension>
        </extensions>
      </trkpt>
      <trkpt lat="40.00080857978722" lon="116.44433453707691">
        <ele>38.42399939149618</ele>
        <time>1970-01-01T00:24:44.900000Z</time>
        <extensions>
          <gpxtpx:TrackPointExtension>
            <gpxtpx:hr>153</gpxtpx:hr>
          </gpxtpx:TrackPointExtension>
        </extensions>
      </trkpt>
      <trkpt lat="40.00081823371845" lon="116.44436557474737">
        <ele>38.46119982097298</ele>
        <time>1970-01-01T00:24:45.900000Z</time>
        <extensions>
          <gpxtpx:TrackPointExtension>
            <gpxtpx:hr>153</gpxtpx:hr>
          </gpxtpx:TrackPointExtension>
        </extensions>
      </trkpt>
      <trkpt lat="40.000830617206724" lon="116.44440857625725">
        <ele>38.528358611278236</ele>
        <time>1970-01-01T00:24:47.300000Z</time>
        <extensions>
          <gpxtpx:TrackPointExtension>
            <gpxtpx:hr>152</gpxtpx:hr>
          </gpxtpx:TrackPointExtension>
        </extensions>
      </trkpt>
      <trkpt lat="40.000838140068495" lon="116.44443912852793">
        <ele>38.58459588792175</ele>
        <time>1970-01-01T00:24:48.300000Z</time>
        <extensions>
          <gpxtpx:TrackPointExtension>
            <gpxtpx:hr>152</gpxtpx:hr>
          </gpxtpx:TrackPointExtension>
        </extensions>
      </trkpt>
      <trkpt lat="40.00084501940424" lon="116.44446967370253">
        <ele>38.64440924115479</ele>
        <time>1970-01-01T00:24:49.300000Z</time>
        <extensions>
          <gpxtpx:TrackPointExtension>
            <gpxtpx:hr>152</gpxtpx:hr>
          </gpxtpx:TrackPointExtension>
        </extensions>
      </trkpt>
      <trkpt lat="40.000852280077034" lon="116.44450043993814">
        <ele>38.70684250630438</ele>
        <time>1970-01-01T00:24:50.300000Z</time>
        <extensions>
          <gpxtpx:TrackPointExtension>
            <gpxtpx:hr>152</gpxtpx:hr>
          </gpxtpx:TrackPointExtension>
        </extensions>
      </trkpt>
      <trkpt lat="40.000860307926416" lon="116.44453159271642">
        <ele>38.770132769830525</ele>
        <time>1970-01-01T00:24:51.300000Z</time>
        <extensions>
          <gpxtpx:TrackPointExtension>
            <gpxtpx:hr>152</gpxtpx:hr>
          </gpxtpx:TrackPointExtension>
        </extensions>
      </trkpt>
      <trkpt lat="40.00086868229767" lon="116.44456338991871">
        <ele>38.83247635047883</ele>
        <time>1970-01-01T00:24:52.300000Z</time>
        <extensions>
          <gpxtpx:TrackPointExtension>
            <gpxtpx:hr>152</gpxtpx:hr>
          </gpxtpx:TrackPointExtension>
        </extensions>
      </trkpt>
      <trkpt lat="40.00087700844589" lon="116.44459569805463">
        <ele>38.892658745869994</ele>
        <time>1970-01-01T00:24:53.300000Z</time>
        <extensions>
          <gpxtpx:TrackPointExtension>
            <gpxtpx:hr>152</gpxtpx:hr>
          </gpxtpx:TrackPointExtension>
        </extensions>
      </trkpt>
      <trkpt lat="40.000885248522536" lon="116.44462835269923">
        <ele>38.94945080205798</ele>
        <time>1970-01-01T00:24:54.300000Z</time>
        <extensions>
          <gpxtpx:TrackPointExtension>
            <gpxtpx:hr>151</gpxtpx:hr>
          </gpxtpx:TrackPointExtension>
        </extensions>
      </trkpt>
      <trkpt lat="40.0008931285256" lon="116.44466163018923">
        <ele>39.002043928951025</ele>
        <time>1970-01-01T00:24:55.300000Z</time>
        <extensions>
          <gpxtpx:TrackPointExtension>
            <gpxtpx:hr>151</gpxtpx:hr>
          </gpxtpx:TrackPointExtension>
        </extensions>
      </trkpt>
      <trkpt lat="40.000900212580724" lon="116.44469549413017">
        <ele>39.049121897667646</ele>
        <time>1970-01-01T00:24:56.300000Z</time>
        <extensions>
          <gpxtpx:TrackPointExtension>
            <gpxtpx:hr>151</gpxtpx:hr>
          </gpxtpx:TrackPointExtension>
        </extensions>
      </trkpt>
      <trkpt lat="40.00090649935801" lon="116.44472954537054">
        <ele>39.089072823524475</ele>
        <time>1970-01-01T00:24:57.300000Z</time>
        <extensions>
          <gpxtpx:TrackPointExtension>
            <gpxtpx:hr>151</gpxtpx:hr>
          </gpxtpx:TrackPointExtension>
        </extensions>
      </trkpt>
      <trkpt lat="40.000912267846225" lon="116.44476348341398">
        <ele>39.12233649380505</ele>
        <time>1970-01-01T00:24:58.300000Z</time>
        <extensions>
          <gpxtpx:TrackPointExtension>
            <gpxtpx:hr>151</gpxtpx:hr>
          </gpxtpx:TrackPointExtension>
        </extensions>
      </trkpt>
      <trkpt lat="40.00091786264212" lon="116.44479724158563">
        <ele>39.14943578466773</ele>
        <time>1970-01-01T00:24:59.300000Z</time>
        <extensions>
          <gpxtpx:TrackPointExtension>
            <gpxtpx:hr>151</gpxtpx:hr>
          </gpxtpx:TrackPointExtension>
        </extensions>
      </trkpt>
      <trkpt lat="40.00092338637968" lon="116.44483069515901">
        <ele>39.17131903767586</ele>
        <time>1970-01-01T00:25:00.300000Z</time>
        <extensions>
          <gpxtpx:TrackPointExtension>
            <gpxtpx:hr>151</gpxtpx:hr>
          </gpxtpx:TrackPointExtension>
        </extensions>
      </trkpt>
      <trkpt lat="40.000929031177066" lon="116.44486433998568">
        <ele>39.18799337837845</ele>
        <time>1970-01-01T00:25:01.300000Z</time>
        <extensions>
          <gpxtpx:TrackPointExtension>
            <gpxtpx:hr>149</gpxtpx:hr>
          </gpxtpx:TrackPointExtension>
        </extensions>
      </trkpt>
      <trkpt lat="40.00093490125768" lon="116.44489843531443">
        <ele>39.19886330794543</ele>
        <time>1970-01-01T00:25:02.300000Z</time>
        <extensions>
          <gpxtpx:TrackPointExtension>
            <gpxtpx:hr>149</gpxtpx:hr>
          </gpxtpx:TrackPointExtension>
        </extensions>
      </trkpt>
      <trkpt lat="40.00094106829536" lon="116.44493272363545">
        <ele>39.20466221962124</ele>
        <time>1970-01-01T00:25:03.300000Z</time>
        <extensions>
          <gpxtpx:TrackPointExtension>
            <gpxtpx:hr>149</gpxtpx:hr>
          </gpxtpx:TrackPointExtension>
        </extensions>
      </trkpt>
      <trkpt lat="40.000947872009746" lon="116.44496690019592">
        <ele>39.20551301538944</ele>
        <time>1970-01-01T00:25:04.300000Z</time>
        <extensions>
          <gpxtpx:TrackPointExtension>
            <gpxtpx:hr>149</gpxtpx:hr>
          </gpxtpx:TrackPointExtension>
        </extensions>
      </trkpt>
      <trkpt lat="40.00095572670652" lon="116.4450000112253">
        <ele>39.20128212869167</ele>
        <time>1970-01-01T00:25:05.300000Z</time>
        <extensions>
          <gpxtpx:TrackPointExtension>
            <gpxtpx:hr>150</gpxtpx:hr>
          </gpxtpx:TrackPointExtension>
        </extensions>
      </trkpt>
      <trkpt lat="40.00096487107012" lon="116.44503110808915">
        <ele>39.19261841569096</ele>
        <time>1970-01-01T00:25:06.300000Z</time>
        <extensions>
          <gpxtpx:TrackPointExtension>
            <gpxtpx:hr>150</gpxtpx:hr>
          </gpxtpx:TrackPointExtension>
        </extensions>
      </trkpt>
      <trkpt lat="40.00097571995585" lon="116.44505958486454">
        <ele>39.180491232313216</ele>
        <time>1970-01-01T00:25:07.300000Z</time>
        <extensions>
          <gpxtpx:TrackPointExtension>
            <gpxtpx:hr>150</gpxtpx:hr>
          </gpxtpx:TrackPointExtension>
        </extensions>
      </trkpt>
      <trkpt lat="40.000987543597745" lon="116.44508613657783">
        <ele>39.16420138254762</ele>
        <time>1970-01-01T00:25:08.300000Z</time>
        <extensions>
          <gpxtpx:TrackPointExtension>
            <gpxtpx:hr>150</gpxtpx:hr>
          </gpxtpx:TrackPointExtension>
        </extensions>
      </trkpt>
      <trkpt lat="40.00099918048396" lon="116.44511278505578">
        <ele>39.14459278713912</ele>
        <time>1970-01-01T00:25:09.300000Z</time>
        <extensions>
          <gpxtpx:TrackPointExtension>
            <gpxtpx:hr>150</gpxtpx:hr>
          </gpxtpx:TrackPointExtension>
        </extensions>
      </trkpt>
      <trkpt lat="40.00101076026794" lon="116.44514086756107">
        <ele>39.12189514376223</ele>
        <time>1970-01-01T00:25:10.300000Z</time>
        <extensions>
          <gpxtpx:TrackPointExtension>
            <gpxtpx:hr>150</gpxtpx:hr>
          </gpxtpx:TrackPointExtension>
        </extensions>
      </trkpt>
      <trkpt lat="40.001022534933554" lon="116.44516997390309">
        <ele>39.09641691297293</ele>
        <time>1970-01-01T00:25:11.300000Z</time>
        <extensions>
          <gpxtpx:TrackPointExtension>
            <gpxtpx:hr>150</gpxtpx:hr>
          </gpxtpx:TrackPointExtension>
        </extensions>
      </trkpt>
      <trkpt lat="40.00103409637047" lon="116.4451994120671">
        <ele>39.06834795419127</ele>
        <time>1970-01-01T00:25:12.300000Z</time>
        <extensions>
          <gpxtpx:TrackPointExtension>
            <gpxtpx:hr>150</gpxtpx:hr>
          </gpxtpx:TrackPointExtension>
        </extensions>
      </trkpt>
      <trkpt lat="40.00104457923537" lon="116.44522905906582">
        <ele>39.03712294623256</ele>
        <time>1970-01-01T00:25:13.300000Z</time>
        <extensions>
          <gpxtpx:TrackPointExtension>
            <gpxtpx:hr>150</gpxtpx:hr>
          </gpxtpx:TrackPointExtension>
        </extensions>
      </trkpt>
      <trkpt lat="40.00105363331708" lon="116.4452588226292">
        <ele>39.003829878754914</ele>
        <time>1970-01-01T00:25:14.300000Z</time>
        <extensions>
          <gpxtpx:TrackPointExtension>
            <gpxtpx:hr>150</gpxtpx:hr>
          </gpxtpx:TrackPointExtension>
        </extensions>
      </trkpt>
      <trkpt lat="40.00106153260767" lon="116.44528890068463">
        <ele>38.969073895365</ele>
        <time>1970-01-01T00:25:15.300000Z</time>
        <extensions>
          <gpxtpx:TrackPointExtension>
            <gpxtpx:hr>151</gpxtpx:hr>
          </gpxtpx:TrackPointExtension>
        </extensions>
      </trkpt>
      <trkpt lat="40.001068778808964" lon="116.44531913058755">
        <ele>38.93324809148908</ele>
        <time>1970-01-01T00:25:16.300000Z</time>
        <extensions>
          <gpxtpx:TrackPointExtension>
            <gpxtpx:hr>151</gpxtpx:hr>
          </gpxtpx:TrackPointExtension>
        </extensions>
      </trkpt>
      <trkpt lat="40.00107562884325" lon="116.4453495183393">
        <ele>38.89705275185406</ele>
        <time>1970-01-01T00:25:17.300000Z</time>
        <extensions>
          <gpxtpx:TrackPointExtension>
            <gpxtpx:hr>151</gpxtpx:hr>
          </gpxtpx:TrackPointExtension>
        </extensions>
      </trkpt>
      <trkpt lat="40.001082500470105" lon="116.44538024718267">
        <ele>38.86038958840072</ele>
        <time>1970-01-01T00:25:18.300000Z</time>
        <extensions>
          <gpxtpx:TrackPointExtension>
            <gpxtpx:hr>151</gpxtpx:hr>
          </gpxtpx:TrackPointExtension>
        </extensions>
      </trkpt>
      <trkpt lat="40.00108993642968" lon="116.4454114610766">
        <ele>38.82357474323362</ele>
        <time>1970-01-01T00:25:19.300000Z</time>
        <extensions>
          <gpxtpx:TrackPointExtension>
            <gpxtpx:hr>151</gpxtpx:hr>
          </gpxtpx:TrackPointExtension>
        </extensions>
      </trkpt>
      <trkpt lat="40.001098140790326" lon="116.44544264992808">
        <ele>38.78717104252428</ele>
        <time>1970-01-01T00:25:20.300000Z</time>
        <extensions>
          <gpxtpx:TrackPointExtension>
            <gpxtpx:hr>151</gpxtpx:hr>
          </gpxtpx:TrackPointExtension>
        </extensions>
      </trkpt>
      <trkpt lat="40.0011070797482" lon="116.4454735006059">
        <ele>38.752185605466366</ele>
        <time>1970-01-01T00:25:21.300000Z</time>
        <extensions>
          <gpxtpx:TrackPointExtension>
            <gpxtpx:hr>151</gpxtpx:hr>
          </gpxtpx:TrackPointExtension>
        </extensions>
      </trkpt>
      <trkpt lat="40.001116632274936" lon="116.44550418106591">
        <ele>38.71881838981062</ele>
        <time>1970-01-01T00:25:22.300000Z</time>
        <extensions>
          <gpxtpx:TrackPointExtension>
            <gpxtpx:hr>151</gpxtpx:hr>
          </gpxtpx:TrackPointExtension>
        </extensions>
      </trkpt>
      <trkpt lat="40.001126634234744" lon="116.44553476393077">
        <ele>38.687217210419476</ele>
        <time>1970-01-01T00:25:23.300000Z</time>
        <extensions>
          <gpxtpx:TrackPointExtension>
            <gpxtpx:hr>151</gpxtpx:hr>
          </gpxtpx:TrackPointExtension>
        </extensions>
      </trkpt>
      <trkpt lat="40.00113677432126" lon="116.44556504327676">
        <ele>38.6576611995697</ele>
        <time>1970-01-01T00:25:24.300000Z</time>
        <extensions>
          <gpxtpx:TrackPointExtension>
            <gpxtpx:hr>151</gpxtpx:hr>
          </gpxtpx:TrackPointExtension>
        </extensions>
      </trkpt>
      <trkpt lat="40.00114693699671" lon="116.44559484347334">
        <ele>38.63039119169116</ele>
        <time>1970-01-01T00:25:25.300000Z</time>
        <extensions>
          <gpxtpx:TrackPointExtension>
            <gpxtpx:hr>151</gpxtpx:hr>
          </gpxtpx:TrackPointExtension>
        </extensions>
      </trkpt>
      <trkpt lat="40.00115722792622" lon="116.4456243916458">
        <ele>38.60525068640709</ele>
        <time>1970-01-01T00:25:26.300000Z</time>
        <extensions>
          <gpxtpx:TrackPointExtension>
            <gpxtpx:hr>152</gpxtpx:hr>
          </gpxtpx:TrackPointExtension>
        </extensions>
      </trkpt>
      <trkpt lat="40.00116774299194" lon="116.44565407616699">
        <ele>38.58336262125522</ele>
        <time>1970-01-01T00:25:27.300000Z</time>
        <extensions>
          <gpxtpx:TrackPointExtension>
            <gpxtpx:hr>152</gpxtpx:hr>
          </gpxtpx:TrackPointExtension>
        </extensions>
      </trkpt>
      <trkpt lat="40.001178566541036" lon="116.44568409111908">
        <ele>38.564723710529506</ele>
        <time>1970-01-01T00:25:28.300000Z</time>
        <extensions>
          <gpxtpx:TrackPointExtension>
            <gpxtpx:hr>152</gpxtpx:hr>
          </gpxtpx:TrackPointExtension>
        </extensions>
      </trkpt>
      <trkpt lat="40.0011895257847" lon="116.44571449240782">
        <ele>38.54893045220524</ele>
        <time>1970-01-01T00:25:29.300000Z</time>
        <extensions>
          <gpxtpx:TrackPointExtension>
            <gpxtpx:hr>152</gpxtpx:hr>
          </gpxtpx:TrackPointExtension>
        </extensions>
      </trkpt>
      <trkpt lat="40.001200466904294" lon="116.44574574436702">
        <ele>38.536164126358926</ele>
        <time>1970-01-01T00:25:30.300000Z</time>
        <extensions>
          <gpxtpx:TrackPointExtension>
            <gpxtpx:hr>152</gpxtpx:hr>
          </gpxtpx:TrackPointExtension>
        </extensions>
      </trkpt>
      <trkpt lat="40.00121085725496" lon="116.44577744873435">
        <ele>38.525792055763304</ele>
        <time>1970-01-01T00:25:31.300000Z</time>
        <extensions>
          <gpxtpx:TrackPointExtension>
            <gpxtpx:hr>153</gpxtpx:hr>
          </gpxtpx:TrackPointExtension>
        </extensions>
      </trkpt>
      <trkpt lat="40.00122009164244" lon="116.44580923770377">
        <ele>38.51701133232564</ele>
        <time>1970-01-01T00:25:32.300000Z</time>
        <extensions>
          <gpxtpx:TrackPointExtension>
            <gpxtpx:hr>153</gpxtpx:hr>
          </gpxtpx:TrackPointExtension>
        </extensions>
      </trkpt>
      <trkpt lat="40.001227625271426" lon="116.4458411687579">
        <ele>38.508288462646306</ele>
        <time>1970-01-01T00:25:33.300000Z</time>
        <extensions>
          <gpxtpx:TrackPointExtension>
            <gpxtpx:hr>153</gpxtpx:hr>
          </gpxtpx:TrackPointExtension>
        </extensions>
      </trkpt>
      <trkpt lat="40.00123300300606" lon="116.4458732075044">
        <ele>38.49828264582902</ele>
        <time>1970-01-01T00:25:34.300000Z</time>
        <extensions>
          <gpxtpx:TrackPointExtension>
            <gpxtpx:hr>153</gpxtpx:hr>
          </gpxtpx:TrackPointExtension>
        </extensions>
      </trkpt>
      <trkpt lat="40.00123609503115" lon="116.44590575257568">
        <ele>38.48711250163615</ele>
        <time>1970-01-01T00:25:35.300000Z</time>
        <extensions>
          <gpxtpx:TrackPointExtension>
            <gpxtpx:hr>153</gpxtpx:hr>
          </gpxtpx:TrackPointExtension>
        </extensions>
      </trkpt>
      <trkpt lat="40.001237004508745" lon="116.44593909631988">
        <ele>38.47436954639852</ele>
        <time>1970-01-01T00:25:36.300000Z</time>
        <extensions>
          <gpxtpx:TrackPointExtension>
            <gpxtpx:hr>153</gpxtpx:hr>
          </gpxtpx:TrackPointExtension>
        </extensions>
      </trkpt>
      <trkpt lat="40.00123601162734" lon="116.44597296115964">
        <ele>38.460771328769624</ele>
        <time>1970-01-01T00:25:37.300000Z</time>
        <extensions>
          <gpxtpx:TrackPointExtension>
            <gpxtpx:hr>153</gpxtpx:hr>
          </gpxtpx:TrackPointExtension>
        </extensions>
      </trkpt>
      <trkpt lat="40.00123376758099" lon="116.44600688569155">
        <ele>38.4462417634204</ele>
        <time>1970-01-01T00:25:38.300000Z</time>
        <extensions>
          <gpxtpx:TrackPointExtension>
            <gpxtpx:hr>153</gpxtpx:hr>
          </gpxtpx:TrackPointExtension>
        </extensions>
      </trkpt>
      <trkpt lat="40.00123077339867" lon="116.44604051072959">
        <ele>38.43098968733102</ele>
        <time>1970-01-01T00:25:39.300000Z</time>
        <extensions>
          <gpxtpx:TrackPointExtension>
            <gpxtpx:hr>153</gpxtpx:hr>
          </gpxtpx:TrackPointExtension>
        </extensions>
      </trkpt>
      <trkpt lat="40.001227246786875" lon="116.44607370199851">
        <ele>38.41547345742583</ele>
        <time>1970-01-01T00:25:40.300000Z</time>
        <extensions>
          <gpxtpx:TrackPointExtension>
            <gpxtpx:hr>153</gpxtpx:hr>
          </gpxtpx:TrackPointExtension>
        </extensions>
      </trkpt>
      <trkpt lat="40.00122340398857" lon="116.44610658074366">
        <ele>38.40033725555986</ele>
        <time>1970-01-01T00:25:41.300000Z</time>
        <extensions>
          <gpxtpx:TrackPointExtension>
            <gpxtpx:hr>153</gpxtpx:hr>
          </gpxtpx:TrackPointExtension>
        </extensions>
      </trkpt>
      <trkpt lat="40.001219346024925" lon="116.44613953111629">
        <ele>38.38618803489953</ele>
        <time>1970-01-01T00:25:42.300000Z</time>
        <extensions>
          <gpxtpx:TrackPointExtension>
            <gpxtpx:hr>154</gpxtpx:hr>
          </gpxtpx:TrackPointExtension>
        </extensions>
      </trkpt>
      <trkpt lat="40.001215062042384" lon="116.44617270144825">
        <ele>38.373980678617954</ele>
        <time>1970-01-01T00:25:43.300000Z</time>
        <extensions>
          <gpxtpx:TrackPointExtension>
            <gpxtpx:hr>154</gpxtpx:hr>
          </gpxtpx:TrackPointExtension>
        </extensions>
      </trkpt>
      <trkpt lat="40.00121071997022" lon="116.44620619558046">
        <ele>38.36435735505074</ele>
        <time>1970-01-01T00:25:44.300000Z</time>
        <extensions>
          <gpxtpx:TrackPointExtension>
            <gpxtpx:hr>154</gpxtpx:hr>
          </gpxtpx:TrackPointExtension>
        </extensions>
      </trkpt>
      <trkpt lat="40.00120713753665" lon="116.44623981466026">
        <ele>38.35746531840414</ele>
        <time>1970-01-01T00:25:45.300000Z</time>
        <extensions>
          <gpxtpx:TrackPointExtension>
            <gpxtpx:hr>154</gpxtpx:hr>
          </gpxtpx:TrackPointExtension>
        </extensions>
      </trkpt>
      <trkpt lat="40.0012050952837" lon="116.44627335022436">
        <ele>38.35329923592508</ele>
        <time>1970-01-01T00:25:46.300000Z</time>
        <extensions>
          <gpxtpx:TrackPointExtension>
            <gpxtpx:hr>154</gpxtpx:hr>
          </gpxtpx:TrackPointExtension>
        </extensions>
      </trkpt>
      <trkpt lat="40.001203979954354" lon="116.44630654381834">
        <ele>38.3522195937112</ele>
        <time>1970-01-01T00:25:47.300000Z</time>
        <extensions>
          <gpxtpx:TrackPointExtension>
            <gpxtpx:hr>154</gpxtpx:hr>
          </gpxtpx:TrackPointExtension>
        </extensions>
      </trkpt>
      <trkpt lat="40.0012031468555" lon="116.44633882228128">
        <ele>38.35398733615875</ele>
        <time>1970-01-01T00:25:48.300000Z</time>
        <extensions>
          <gpxtpx:TrackPointExtension>
            <gpxtpx:hr>154</gpxtpx:hr>
          </gpxtpx:TrackPointExtension>
        </extensions>
      </trkpt>
      <trkpt lat="40.0012031450593" lon="116.44636996536767">
        <ele>38.358878194354475</ele>
        <time>1970-01-01T00:25:49.300000Z</time>
        <extensions>
          <gpxtpx:TrackPointExtension>
            <gpxtpx:hr>154</gpxtpx:hr>
          </gpxtpx:TrackPointExtension>
        </extensions>
      </trkpt>
      <trkpt lat="40.00120452169317" lon="116.44640046268334">
        <ele>38.36665132921189</ele>
        <time>1970-01-01T00:25:50.300000Z</time>
        <extensions>
          <gpxtpx:TrackPointExtension>
            <gpxtpx:hr>154</gpxtpx:hr>
          </gpxtpx:TrackPointExtension>
        </extensions>
      </trkpt>
      <trkpt lat="40.00120751722617" lon="116.4464310277219">
        <ele>38.37739364057779</ele>
        <time>1970-01-01T00:25:51.300000Z</time>
        <extensions>
          <gpxtpx:TrackPointExtension>
            <gpxtpx:hr>154</gpxtpx:hr>
          </gpxtpx:TrackPointExtension>
        </extensions>
      </trkpt>
      <trkpt lat="40.001212299845704" lon="116.44646185842888">
        <ele>38.39118753466755</ele>
        <time>1970-01-01T00:25:52.300000Z</time>
        <extensions>
          <gpxtpx:TrackPointExtension>
            <gpxtpx:hr>154</gpxtpx:hr>
          </gpxtpx:TrackPointExtension>
        </extensions>
      </trkpt>
      <trkpt lat="40.00121884610861" lon="116.44649276009994">
        <ele>38.40843048878014</ele>
        <time>1970-01-01T00:25:53.300000Z</time>
        <extensions>
          <gpxtpx:TrackPointExtension>
            <gpxtpx:hr>154</gpxtpx:hr>
          </gpxtpx:TrackPointExtension>
        </extensions>
      </trkpt>
      <trkpt lat="40.00122729076455" lon="116.44652358881649">
        <ele>38.42968749254942</ele>
        <time>1970-01-01T00:25:54.300000Z</time>
        <extensions>
          <gpxtpx:TrackPointExtension>
            <gpxtpx:hr>154</gpxtpx:hr>
          </gpxtpx:TrackPointExtension>
        </extensions>
      </trkpt>
      <trkpt lat="40.00123733439201" lon="116.44655454224164">
        <ele>38.45547808241099</ele>
        <time>1970-01-01T00:25:55.300000Z</time>
        <extensions>
          <gpxtpx:TrackPointExtension>
            <gpxtpx:hr>154</gpxtpx:hr>
          </gpxtpx:TrackPointExtension>
        </extensions>
      </trkpt>
      <trkpt lat="40.00124749255998" lon="116.44658607375789">
        <ele>38.48645370174199</ele>
        <time>1970-01-01T00:25:56.300000Z</time>
        <extensions>
          <gpxtpx:TrackPointExtension>
            <gpxtpx:hr>154</gpxtpx:hr>
          </gpxtpx:TrackPointExtension>
        </extensions>
      </trkpt>
      <trkpt lat="40.00125657937675" lon="116.44661847556513">
        <ele>38.52332378458232</ele>
        <time>1970-01-01T00:25:57.300000Z</time>
        <extensions>
          <gpxtpx:TrackPointExtension>
            <gpxtpx:hr>154</gpxtpx:hr>
          </gpxtpx:TrackPointExtension>
        </extensions>
      </trkpt>
      <trkpt lat="40.00126467022152" lon="116.44665178868321">
        <ele>38.56641291361302</ele>
        <time>1970-01-01T00:25:58.300000Z</time>
        <extensions>
          <gpxtpx:TrackPointExtension>
            <gpxtpx:hr>154</gpxtpx:hr>
          </gpxtpx:TrackPointExtension>
        </extensions>
      </trkpt>
      <trkpt lat="40.00127215411809" lon="116.44668567560781">
        <ele>38.61562750954181</ele>
        <time>1970-01-01T00:25:59.300000Z</time>
        <extensions>
          <gpxtpx:TrackPointExtension>
            <gpxtpx:hr>154</gpxtpx:hr>
          </gpxtpx:TrackPointExtension>
        </extensions>
      </trkpt>
      <trkpt lat="40.00127883077003" lon="116.44671921828116">
        <ele>38.669452224858105</ele>
        <time>1970-01-01T00:26:00.300000Z</time>
        <extensions>
          <gpxtpx:TrackPointExtension>
            <gpxtpx:hr>154</gpxtpx:hr>
          </gpxtpx:TrackPointExtension>
        </extensions>
      </trkpt>
      <trkpt lat="40.001284641141396" lon="116.44675169053883">
        <ele>38.726307498291135</ele>
        <time>1970-01-01T00:26:01.300000Z</time>
        <extensions>
          <gpxtpx:TrackPointExtension>
            <gpxtpx:hr>154</gpxtpx:hr>
          </gpxtpx:TrackPointExtension>
        </extensions>
      </trkpt>
      <trkpt lat="40.00128980043099" lon="116.44678340822908">
        <ele>38.78458755090833</ele>
        <time>1970-01-01T00:26:02.300000Z</time>
        <extensions>
          <gpxtpx:TrackPointExtension>
            <gpxtpx:hr>154</gpxtpx:hr>
          </gpxtpx:TrackPointExtension>
        </extensions>
      </trkpt>
      <trkpt lat="40.00129455095024" lon="116.44681485661836">
        <ele>38.842460743151605</ele>
        <time>1970-01-01T00:26:03.300000Z</time>
        <extensions>
          <gpxtpx:TrackPointExtension>
            <gpxtpx:hr>154</gpxtpx:hr>
          </gpxtpx:TrackPointExtension>
        </extensions>
      </trkpt>
      <trkpt lat="40.0012993943048" lon="116.4468459133667">
        <ele>38.89878751710057</ele>
        <time>1970-01-01T00:26:04.300000Z</time>
        <extensions>
          <gpxtpx:TrackPointExtension>
            <gpxtpx:hr>154</gpxtpx:hr>
          </gpxtpx:TrackPointExtension>
        </extensions>
      </trkpt>
      <trkpt lat="40.00130469366737" lon="116.44687664844994">
        <ele>38.952059883624315</ele>
        <time>1970-01-01T00:26:05.300000Z</time>
        <extensions>
          <gpxtpx:TrackPointExtension>
            <gpxtpx:hr>154</gpxtpx:hr>
          </gpxtpx:TrackPointExtension>
        </extensions>
      </trkpt>
      <trkpt lat="40.001310526601685" lon="116.44690743935763">
        <ele>39.00125061906874</ele>
        <time>1970-01-01T00:26:06.300000Z</time>
        <extensions>
          <gpxtpx:TrackPointExtension>
            <gpxtpx:hr>153</gpxtpx:hr>
          </gpxtpx:TrackPointExtension>
        </extensions>
      </trkpt>
      <trkpt lat="40.001316730315544" lon="116.44693876042737">
        <ele>39.046287012286484</ele>
        <time>1970-01-01T00:26:07.300000Z</time>
        <extensions>
          <gpxtpx:TrackPointExtension>
            <gpxtpx:hr>153</gpxtpx:hr>
          </gpxtpx:TrackPointExtension>
        </extensions>
      </trkpt>
      <trkpt lat="40.00132285753788" lon="116.44697075776729">
        <ele>39.08689862769097</ele>
        <time>1970-01-01T00:26:08.300000Z</time>
        <extensions>
          <gpxtpx:TrackPointExtension>
            <gpxtpx:hr>153</gpxtpx:hr>
          </gpxtpx:TrackPointExtension>
        </extensions>
      </trkpt>
      <trkpt lat="40.00132877538649" lon="116.44700344662427">
        <ele>39.1233563888818</ele>
        <time>1970-01-01T00:26:09.300000Z</time>
        <extensions>
          <gpxtpx:TrackPointExtension>
            <gpxtpx:hr>153</gpxtpx:hr>
          </gpxtpx:TrackPointExtension>
        </extensions>
      </trkpt>
      <trkpt lat="40.00133458859001" lon="116.44703645027016">
        <ele>39.15578608959913</ele>
        <time>1970-01-01T00:26:10.300000Z</time>
        <extensions>
          <gpxtpx:TrackPointExtension>
            <gpxtpx:hr>153</gpxtpx:hr>
          </gpxtpx:TrackPointExtension>
        </extensions>
      </trkpt>
      <trkpt lat="40.00134047803156" lon="116.4470691619275">
        <ele>39.18425929732621</ele>
        <time>1970-01-01T00:26:11.300000Z</time>
        <extensions>
          <gpxtpx:TrackPointExtension>
            <gpxtpx:hr>153</gpxtpx:hr>
          </gpxtpx:TrackPointExtension>
        </extensions>
      </trkpt>
      <trkpt lat="40.00134648938162" lon="116.44710121722754">
        <ele>39.20855081733316</ele>
        <time>1970-01-01T00:26:12.300000Z</time>
        <extensions>
          <gpxtpx:TrackPointExtension>
            <gpxtpx:hr>153</gpxtpx:hr>
          </gpxtpx:TrackPointExtension>
        </extensions>
      </trkpt>
      <trkpt lat="40.00135256820577" lon="116.44713276587301">
        <ele>39.22826143261045</ele>
        <time>1970-01-01T00:26:13.300000Z</time>
        <extensions>
          <gpxtpx:TrackPointExtension>
            <gpxtpx:hr>153</gpxtpx:hr>
          </gpxtpx:TrackPointExtension>
        </extensions>
      </trkpt>
      <trkpt lat="40.001358749738344" lon="116.4471642025106">
        <ele>39.24309659097344</ele>
        <time>1970-01-01T00:26:14.300000Z</time>
        <extensions>
          <gpxtpx:TrackPointExtension>
            <gpxtpx:hr>153</gpxtpx:hr>
          </gpxtpx:TrackPointExtension>
        </extensions>
      </trkpt>
      <trkpt lat="40.00136524180634" lon="116.44719565223035">
        <ele>39.25248447339982</ele>
        <time>1970-01-01T00:26:15.300000Z</time>
        <extensions>
          <gpxtpx:TrackPointExtension>
            <gpxtpx:hr>153</gpxtpx:hr>
          </gpxtpx:TrackPointExtension>
        </extensions>
      </trkpt>
      <trkpt lat="40.00137204086786" lon="116.44722688754489">
        <ele>39.25646341405809</ele>
        <time>1970-01-01T00:26:16.300000Z</time>
        <extensions>
          <gpxtpx:TrackPointExtension>
            <gpxtpx:hr>153</gpxtpx:hr>
          </gpxtpx:TrackPointExtension>
        </extensions>
      </trkpt>
      <trkpt lat="40.00137880334254" lon="116.44725767062229">
        <ele>39.2553186416626</ele>
        <time>1970-01-01T00:26:17.300000Z</time>
        <extensions>
          <gpxtpx:TrackPointExtension>
            <gpxtpx:hr>153</gpxtpx:hr>
          </gpxtpx:TrackPointExtension>
        </extensions>
      </trkpt>
      <trkpt lat="40.001385392182115" lon="116.44728847336961">
        <ele>39.2485386589542</ele>
        <time>1970-01-01T00:26:18.300000Z</time>
        <extensions>
          <gpxtpx:TrackPointExtension>
            <gpxtpx:hr>153</gpxtpx:hr>
          </gpxtpx:TrackPointExtension>
        </extensions>
      </trkpt>
      <trkpt lat="40.001391823170074" lon="116.44731977372527">
        <ele>39.23631775099784</ele>
        <time>1970-01-01T00:26:19.300000Z</time>
        <extensions>
          <gpxtpx:TrackPointExtension>
            <gpxtpx:hr>153</gpxtpx:hr>
          </gpxtpx:TrackPointExtension>
        </extensions>
      </trkpt>
      <trkpt lat="40.00139768417366" lon="116.44735169061839">
        <ele>39.21788035146892</ele>
        <time>1970-01-01T00:26:20.300000Z</time>
        <extensions>
          <gpxtpx:TrackPointExtension>
            <gpxtpx:hr>153</gpxtpx:hr>
          </gpxtpx:TrackPointExtension>
        </extensions>
      </trkpt>
      <trkpt lat="40.00140258417062" lon="116.44738384610807">
        <ele>39.19280664809048</ele>
        <time>1970-01-01T00:26:21.400000Z</time>
        <extensions>
          <gpxtpx:TrackPointExtension>
            <gpxtpx:hr>153</gpxtpx:hr>
          </gpxtpx:TrackPointExtension>
        </extensions>
      </trkpt>
      <trkpt lat="40.001406850602166" lon="116.44741592015897">
        <ele>39.16125055961311</ele>
        <time>1970-01-01T00:26:22.400000Z</time>
        <extensions>
          <gpxtpx:TrackPointExtension>
            <gpxtpx:hr>153</gpxtpx:hr>
          </gpxtpx:TrackPointExtension>
        </extensions>
      </trkpt>
      <trkpt lat="40.001410664694504" lon="116.44744804179665">
        <ele>39.12297990825027</ele>
        <time>1970-01-01T00:26:23.400000Z</time>
        <extensions>
          <gpxtpx:TrackPointExtension>
            <gpxtpx:hr>153</gpxtpx:hr>
          </gpxtpx:TrackPointExtension>
        </extensions>
      </trkpt>
      <trkpt lat="40.00141373618858" lon="116.44748030048049">
        <ele>39.07954382710159</ele>
        <time>1970-01-01T00:26:24.400000Z</time>
        <extensions>
          <gpxtpx:TrackPointExtension>
            <gpxtpx:hr>153</gpxtpx:hr>
          </gpxtpx:TrackPointExtension>
        </extensions>
      </trkpt>
      <trkpt lat="40.00141574681325" lon="116.44751258886365">
        <ele>39.03237870614976</ele>
        <time>1970-01-01T00:26:25.400000Z</time>
        <extensions>
          <gpxtpx:TrackPointExtension>
            <gpxtpx:hr>153</gpxtpx:hr>
          </gpxtpx:TrackPointExtension>
        </extensions>
      </trkpt>
      <trkpt lat="40.001416545201906" lon="116.44754461427331">
        <ele>38.982504659332335</ele>
        <time>1970-01-01T00:26:26.400000Z</time>
        <extensions>
          <gpxtpx:TrackPointExtension>
            <gpxtpx:hr>153</gpxtpx:hr>
          </gpxtpx:TrackPointExtension>
        </extensions>
      </trkpt>
      <trkpt lat="40.00141623148231" lon="116.44757639379151">
        <ele>38.93201891705394</ele>
        <time>1970-01-01T00:26:27.400000Z</time>
        <extensions>
          <gpxtpx:TrackPointExtension>
            <gpxtpx:hr>153</gpxtpx:hr>
          </gpxtpx:TrackPointExtension>
        </extensions>
      </trkpt>
      <trkpt lat="40.001415492940424" lon="116.4476084557313">
        <ele>38.8818082138896</ele>
        <time>1970-01-01T00:26:28.400000Z</time>
        <extensions>
          <gpxtpx:TrackPointExtension>
            <gpxtpx:hr>153</gpxtpx:hr>
          </gpxtpx:TrackPointExtension>
        </extensions>
      </trkpt>
      <trkpt lat="40.00141500727917" lon="116.44764130448519">
        <ele>38.83302892651409</ele>
        <time>1970-01-01T00:26:29.400000Z</time>
        <extensions>
          <gpxtpx:TrackPointExtension>
            <gpxtpx:hr>153</gpxtpx:hr>
          </gpxtpx:TrackPointExtension>
        </extensions>
      </trkpt>
      <trkpt lat="40.001415424180884" lon="116.44767478149348">
        <ele>38.78790316171944</ele>
        <time>1970-01-01T00:26:30.400000Z</time>
        <extensions>
          <gpxtpx:TrackPointExtension>
            <gpxtpx:hr>155</gpxtpx:hr>
          </gpxtpx:TrackPointExtension>
        </extensions>
      </trkpt>
      <trkpt lat="40.00141710453241" lon="116.44770824860147">
        <ele>38.74706054478884</ele>
        <time>1970-01-01T00:26:31.400000Z</time>
        <extensions>
          <gpxtpx:TrackPointExtension>
            <gpxtpx:hr>155</gpxtpx:hr>
          </gpxtpx:TrackPointExtension>
        </extensions>
      </trkpt>
      <trkpt lat="40.00141995616564" lon="116.44774142505433">
        <ele>38.711572049185634</ele>
        <time>1970-01-01T00:26:32.400000Z</time>
        <extensions>
          <gpxtpx:TrackPointExtension>
            <gpxtpx:hr>155</gpxtpx:hr>
          </gpxtpx:TrackPointExtension>
        </extensions>
      </trkpt>
      <trkpt lat="40.001423598812416" lon="116.44777410702228">
        <ele>38.68181624542922</ele>
        <time>1970-01-01T00:26:33.400000Z</time>
        <extensions>
          <gpxtpx:TrackPointExtension>
            <gpxtpx:hr>155</gpxtpx:hr>
          </gpxtpx:TrackPointExtension>
        </extensions>
      </trkpt>
      <trkpt lat="40.001427672650685" lon="116.44780611196697">
        <ele>38.657549356110394</ele>
        <time>1970-01-01T00:26:34.400000Z</time>
        <extensions>
          <gpxtpx:TrackPointExtension>
            <gpxtpx:hr>155</gpxtpx:hr>
          </gpxtpx:TrackPointExtension>
        </extensions>
      </trkpt>
      <trkpt lat="40.001432302741186" lon="116.4478377373991">
        <ele>38.638243585824966</ele>
        <time>1970-01-01T00:26:35.400000Z</time>
        <extensions>
          <gpxtpx:TrackPointExtension>
            <gpxtpx:hr>155</gpxtpx:hr>
          </gpxtpx:TrackPointExtension>
        </extensions>
      </trkpt>
      <trkpt lat="40.00143784619518" lon="116.44786866598591">
        <ele>38.62316716648638</ele>
        <time>1970-01-01T00:26:36.400000Z</time>
        <extensions>
          <gpxtpx:TrackPointExtension>
            <gpxtpx:hr>155</gpxtpx:hr>
          </gpxtpx:TrackPointExtension>
        </extensions>
      </trkpt>
      <trkpt lat="40.00144465105668" lon="116.44789846640714">
        <ele>38.61181518621743</ele>
        <time>1970-01-01T00:26:37.400000Z</time>
        <extensions>
          <gpxtpx:TrackPointExtension>
            <gpxtpx:hr>157</gpxtpx:hr>
          </gpxtpx:TrackPointExtension>
        </extensions>
      </trkpt>
      <trkpt lat="40.00145295126266" lon="116.44792710403159">
        <ele>38.60383140202612</ele>
        <time>1970-01-01T00:26:38.400000Z</time>
        <extensions>
          <gpxtpx:TrackPointExtension>
            <gpxtpx:hr>157</gpxtpx:hr>
          </gpxtpx:TrackPointExtension>
        </extensions>
      </trkpt>
      <trkpt lat="40.001462474242516" lon="116.44795497050679">
        <ele>38.59933956991881</ele>
        <time>1970-01-01T00:26:39.400000Z</time>
        <extensions>
          <gpxtpx:TrackPointExtension>
            <gpxtpx:hr>157</gpxtpx:hr>
          </gpxtpx:TrackPointExtension>
        </extensions>
      </trkpt>
      <trkpt lat="40.00147233798634" lon="116.44798276076398">
        <ele>38.59837691672146</ele>
        <time>1970-01-01T00:26:40.400000Z</time>
        <extensions>
          <gpxtpx:TrackPointExtension>
            <gpxtpx:hr>157</gpxtpx:hr>
          </gpxtpx:TrackPointExtension>
        </extensions>
      </trkpt>
      <trkpt lat="40.00148202562321" lon="116.44801066575737">
        <ele>38.60023931413889</ele>
        <time>1970-01-01T00:26:41.400000Z</time>
        <extensions>
          <gpxtpx:TrackPointExtension>
            <gpxtpx:hr>157</gpxtpx:hr>
          </gpxtpx:TrackPointExtension>
        </extensions>
      </trkpt>
      <trkpt lat="40.00149112772976" lon="116.44803885976698">
        <ele>38.604446809738874</ele>
        <time>1970-01-01T00:26:42.400000Z</time>
        <extensions>
          <gpxtpx:TrackPointExtension>
            <gpxtpx:hr>158</gpxtpx:hr>
          </gpxtpx:TrackPointExtension>
        </extensions>
      </trkpt>
      <trkpt lat="40.00149944941721" lon="116.44806714960512">
        <ele>38.610907836817205</ele>
        <time>1970-01-01T00:26:43.400000Z</time>
        <extensions>
          <gpxtpx:TrackPointExtension>
            <gpxtpx:hr>158</gpxtpx:hr>
          </gpxtpx:TrackPointExtension>
        </extensions>
      </trkpt>
      <trkpt lat="40.00150710812127" lon="116.44809550955225">
        <ele>38.61936561111361</ele>
        <time>1970-01-01T00:26:44.400000Z</time>
        <extensions>
          <gpxtpx:TrackPointExtension>
            <gpxtpx:hr>158</gpxtpx:hr>
          </gpxtpx:TrackPointExtension>
        </extensions>
      </trkpt>
      <trkpt lat="40.00151405878373" lon="116.44812430584224">
        <ele>38.63041010778397</ele>
        <time>1970-01-01T00:26:45.400000Z</time>
        <extensions>
          <gpxtpx:TrackPointExtension>
            <gpxtpx:hr>158</gpxtpx:hr>
          </gpxtpx:TrackPointExtension>
        </extensions>
      </trkpt>
      <trkpt lat="40.001520504097826" lon="116.4481535820072">
        <ele>38.64445666689426</ele>
        <time>1970-01-01T00:26:46.400000Z</time>
        <extensions>
          <gpxtpx:TrackPointExtension>
            <gpxtpx:hr>158</gpxtpx:hr>
          </gpxtpx:TrackPointExtension>
        </extensions>
      </trkpt>
      <trkpt lat="40.00152669553855" lon="116.44818301996631">
        <ele>38.662058849819005</ele>
        <time>1970-01-01T00:26:47.400000Z</time>
        <extensions>
          <gpxtpx:TrackPointExtension>
            <gpxtpx:hr>158</gpxtpx:hr>
          </gpxtpx:TrackPointExtension>
        </extensions>
      </trkpt>
      <trkpt lat="40.001532807721446" lon="116.4482127110037">
        <ele>38.682995618321</ele>
        <time>1970-01-01T00:26:48.400000Z</time>
        <extensions>
          <gpxtpx:TrackPointExtension>
            <gpxtpx:hr>158</gpxtpx:hr>
          </gpxtpx:TrackPointExtension>
        </extensions>
      </trkpt>
      <trkpt lat="40.00153898512857" lon="116.44824307296521">
        <ele>38.706613534130156</ele>
        <time>1970-01-01T00:26:49.400000Z</time>
        <extensions>
          <gpxtpx:TrackPointExtension>
            <gpxtpx:hr>158</gpxtpx:hr>
          </gpxtpx:TrackPointExtension>
        </extensions>
      </trkpt>
      <trkpt lat="40.001545280464214" lon="116.44827424498152">
        <ele>38.73232258390635</ele>
        <time>1970-01-01T00:26:50.400000Z</time>
        <extensions>
          <gpxtpx:TrackPointExtension>
            <gpxtpx:hr>158</gpxtpx:hr>
          </gpxtpx:TrackPointExtension>
        </extensions>
      </trkpt>
      <trkpt lat="40.00155179974373" lon="116.44830569493048">
        <ele>38.759223693050444</ele>
        <time>1970-01-01T00:26:51.400000Z</time>
        <extensions>
          <gpxtpx:TrackPointExtension>
            <gpxtpx:hr>156</gpxtpx:hr>
          </gpxtpx:TrackPointExtension>
        </extensions>
      </trkpt>
      <trkpt lat="40.00155881092178" lon="116.44833675039055">
        <ele>38.786408642306924</ele>
        <time>1970-01-01T00:26:52.400000Z</time>
        <extensions>
          <gpxtpx:TrackPointExtension>
            <gpxtpx:hr>156</gpxtpx:hr>
          </gpxtpx:TrackPointExtension>
        </extensions>
      </trkpt>
      <trkpt lat="40.0015660279139" lon="116.44836728074299">
        <ele>38.81236550491303</ele>
        <time>1970-01-01T00:26:53.400000Z</time>
        <extensions>
          <gpxtpx:TrackPointExtension>
            <gpxtpx:hr>156</gpxtpx:hr>
          </gpxtpx:TrackPointExtension>
        </extensions>
      </trkpt>
      <trkpt lat="40.00157275015131" lon="116.44839715223829">
        <ele>38.83543878700584</ele>
        <time>1970-01-01T00:26:54.400000Z</time>
        <extensions>
          <gpxtpx:TrackPointExtension>
            <gpxtpx:hr>156</gpxtpx:hr>
          </gpxtpx:TrackPointExtension>
        </extensions>
      </trkpt>
      <trkpt lat="40.00157891119516" lon="116.44842648479575">
        <ele>38.854065348394215</ele>
        <time>1970-01-01T00:26:55.400000Z</time>
        <extensions>
          <gpxtpx:TrackPointExtension>
            <gpxtpx:hr>156</gpxtpx:hr>
          </gpxtpx:TrackPointExtension>
        </extensions>
      </trkpt>
      <trkpt lat="40.00158490046685" lon="116.44845568450083">
        <ele>38.86723007261753</ele>
        <time>1970-01-01T00:26:56.400000Z</time>
        <extensions>
          <gpxtpx:TrackPointExtension>
            <gpxtpx:hr>156</gpxtpx:hr>
          </gpxtpx:TrackPointExtension>
        </extensions>
      </trkpt>
      <trkpt lat="40.001590894874916" lon="116.44848507171868">
        <ele>38.874379496090114</ele>
        <time>1970-01-01T00:26:57.400000Z</time>
        <extensions>
          <gpxtpx:TrackPointExtension>
            <gpxtpx:hr>156</gpxtpx:hr>
          </gpxtpx:TrackPointExtension>
        </extensions>
      </trkpt>
      <trkpt lat="40.00159707234933" lon="116.44851463208553">
        <ele>38.874978424049914</ele>
        <time>1970-01-01T00:26:58.400000Z</time>
        <extensions>
          <gpxtpx:TrackPointExtension>
            <gpxtpx:hr>157</gpxtpx:hr>
          </gpxtpx:TrackPointExtension>
        </extensions>
      </trkpt>
      <trkpt lat="40.001603687447414" lon="116.44854425753469">
        <ele>38.86892522126436</ele>
        <time>1970-01-01T00:26:59.400000Z</time>
        <extensions>
          <gpxtpx:TrackPointExtension>
            <gpxtpx:hr>157</gpxtpx:hr>
          </gpxtpx:TrackPointExtension>
        </extensions>
      </trkpt>
      <trkpt lat="40.00161101242109" lon="116.44857382581843">
        <ele>38.85626131668687</ele>
        <time>1970-01-01T00:27:00.400000Z</time>
        <extensions>
          <gpxtpx:TrackPointExtension>
            <gpxtpx:hr>157</gpxtpx:hr>
          </gpxtpx:TrackPointExtension>
        </extensions>
      </trkpt>
      <trkpt lat="40.001618721468446" lon="116.44860355042393">
        <ele>38.83725157752633</ele>
        <time>1970-01-01T00:27:01.400000Z</time>
        <extensions>
          <gpxtpx:TrackPointExtension>
            <gpxtpx:hr>157</gpxtpx:hr>
          </gpxtpx:TrackPointExtension>
        </extensions>
      </trkpt>
      <trkpt lat="40.001626328544795" lon="116.44863363602003">
        <ele>38.81281735561788</ele>
        <time>1970-01-01T00:27:02.400000Z</time>
        <extensions>
          <gpxtpx:TrackPointExtension>
            <gpxtpx:hr>157</gpxtpx:hr>
          </gpxtpx:TrackPointExtension>
        </extensions>
      </trkpt>
      <trkpt lat="40.00163387064727" lon="116.44866394355385">
        <ele>38.78399964608252</ele>
        <time>1970-01-01T00:27:03.400000Z</time>
        <extensions>
          <gpxtpx:TrackPointExtension>
            <gpxtpx:hr>157</gpxtpx:hr>
          </gpxtpx:TrackPointExtension>
        </extensions>
      </trkpt>
      <trkpt lat="40.001641481739625" lon="116.44869428214854">
        <ele>38.752244679257274</ele>
        <time>1970-01-01T00:27:04.400000Z</time>
        <extensions>
          <gpxtpx:TrackPointExtension>
            <gpxtpx:hr>157</gpxtpx:hr>
          </gpxtpx:TrackPointExtension>
        </extensions>
      </trkpt>
      <trkpt lat="40.001649450717515" lon="116.44872454009831">
        <ele>38.71884706337005</ele>
        <time>1970-01-01T00:27:05.400000Z</time>
        <extensions>
          <gpxtpx:TrackPointExtension>
            <gpxtpx:hr>157</gpxtpx:hr>
          </gpxtpx:TrackPointExtension>
        </extensions>
      </trkpt>
      <trkpt lat="40.001658072656745" lon="116.44875428021766">
        <ele>38.68539991695434</ele>
        <time>1970-01-01T00:27:06.400000Z</time>
        <extensions>
          <gpxtpx:TrackPointExtension>
            <gpxtpx:hr>158</gpxtpx:hr>
          </gpxtpx:TrackPointExtension>
        </extensions>
      </trkpt>
      <trkpt lat="40.0016676771874" lon="116.44878320202369">
        <ele>38.653376958332956</ele>
        <time>1970-01-01T00:27:07.400000Z</time>
        <extensions>
          <gpxtpx:TrackPointExtension>
            <gpxtpx:hr>158</gpxtpx:hr>
          </gpxtpx:TrackPointExtension>
        </extensions>
      </trkpt>
      <trkpt lat="40.00167844443036" lon="116.44881133113682">
        <ele>38.62466667499393</ele>
        <time>1970-01-01T00:27:08.400000Z</time>
        <extensions>
          <gpxtpx:TrackPointExtension>
            <gpxtpx:hr>158</gpxtpx:hr>
          </gpxtpx:TrackPointExtension>
        </extensions>
      </trkpt>
      <trkpt lat="40.00169012274926" lon="116.44883903256431">
        <ele>38.600601588375866</ele>
        <time>1970-01-01T00:27:09.400000Z</time>
        <extensions>
          <gpxtpx:TrackPointExtension>
            <gpxtpx:hr>158</gpxtpx:hr>
          </gpxtpx:TrackPointExtension>
        </extensions>
      </trkpt>
      <trkpt lat="40.00170254306489" lon="116.4488666925979">
        <ele>38.58232460543513</ele>
        <time>1970-01-01T00:27:10.400000Z</time>
        <extensions>
          <gpxtpx:TrackPointExtension>
            <gpxtpx:hr>158</gpxtpx:hr>
          </gpxtpx:TrackPointExtension>
        </extensions>
      </trkpt>
      <trkpt lat="40.00171572811619" lon="116.4488940573142">
        <ele>38.5711293136701</ele>
        <time>1970-01-01T00:27:11.400000Z</time>
        <extensions>
          <gpxtpx:TrackPointExtension>
            <gpxtpx:hr>158</gpxtpx:hr>
          </gpxtpx:TrackPointExtension>
        </extensions>
      </trkpt>
      <trkpt lat="40.00172909737893" lon="116.44892091474212">
        <ele>38.56811159104109</ele>
        <time>1970-01-01T00:27:12.400000Z</time>
        <extensions>
          <gpxtpx:TrackPointExtension>
            <gpxtpx:hr>158</gpxtpx:hr>
          </gpxtpx:TrackPointExtension>
        </extensions>
      </trkpt>
      <trkpt lat="40.00174188411855" lon="116.44894741383985">
        <ele>38.57380912825465</ele>
        <time>1970-01-01T00:27:13.400000Z</time>
        <extensions>
          <gpxtpx:TrackPointExtension>
            <gpxtpx:hr>158</gpxtpx:hr>
          </gpxtpx:TrackPointExtension>
        </extensions>
      </trkpt>
      <trkpt lat="40.00175377217185" lon="116.44897436920415">
        <ele>38.588228658773005</ele>
        <time>1970-01-01T00:27:14.400000Z</time>
        <extensions>
          <gpxtpx:TrackPointExtension>
            <gpxtpx:hr>158</gpxtpx:hr>
          </gpxtpx:TrackPointExtension>
        </extensions>
      </trkpt>
      <trkpt lat="40.00176459847693" lon="116.4490028471904">
        <ele>38.61066395882517</ele>
        <time>1970-01-01T00:27:15.400000Z</time>
        <extensions>
          <gpxtpx:TrackPointExtension>
            <gpxtpx:hr>158</gpxtpx:hr>
          </gpxtpx:TrackPointExtension>
        </extensions>
      </trkpt>
      <trkpt lat="40.00177404145668" lon="116.44903310181358">
        <ele>38.639749116264284</ele>
        <time>1970-01-01T00:27:16.400000Z</time>
        <extensions>
          <gpxtpx:TrackPointExtension>
            <gpxtpx:hr>158</gpxtpx:hr>
          </gpxtpx:TrackPointExtension>
        </extensions>
      </trkpt>
      <trkpt lat="40.00178182653113" lon="116.44906478592125">
        <ele>38.673727475106716</ele>
        <time>1970-01-01T00:27:17.400000Z</time>
        <extensions>
          <gpxtpx:TrackPointExtension>
            <gpxtpx:hr>158</gpxtpx:hr>
          </gpxtpx:TrackPointExtension>
        </extensions>
      </trkpt>
      <trkpt lat="40.001787970046294" lon="116.44909772426632">
        <ele>38.71064100693911</ele>
        <time>1970-01-01T00:27:18.400000Z</time>
        <extensions>
          <gpxtpx:TrackPointExtension>
            <gpxtpx:hr>158</gpxtpx:hr>
          </gpxtpx:TrackPointExtension>
        </extensions>
      </trkpt>
      <trkpt lat="40.00179248893925" lon="116.44913149073378">
        <ele>38.7483637155965</ele>
        <time>1970-01-01T00:27:19.400000Z</time>
        <extensions>
          <gpxtpx:TrackPointExtension>
            <gpxtpx:hr>158</gpxtpx:hr>
          </gpxtpx:TrackPointExtension>
        </extensions>
      </trkpt>
      <trkpt lat="40.00179545852249" lon="116.44916549219599">
        <ele>38.78536303434521</ele>
        <time>1970-01-01T00:27:20.400000Z</time>
        <extensions>
          <gpxtpx:TrackPointExtension>
            <gpxtpx:hr>158</gpxtpx:hr>
          </gpxtpx:TrackPointExtension>
        </extensions>
      </trkpt>
      <trkpt lat="40.00179706431883" lon="116.44919943171323">
        <ele>38.82027119863778</ele>
        <time>1970-01-01T00:27:21.400000Z</time>
        <extensions>
          <gpxtpx:TrackPointExtension>
            <gpxtpx:hr>158</gpxtpx:hr>
          </gpxtpx:TrackPointExtension>
        </extensions>
      </trkpt>
      <trkpt lat="40.00179753297525" lon="116.44923326404135">
        <ele>38.85145654249936</ele>
        <time>1970-01-01T00:27:22.400000Z</time>
        <extensions>
          <gpxtpx:TrackPointExtension>
            <gpxtpx:hr>158</gpxtpx:hr>
          </gpxtpx:TrackPointExtension>
        </extensions>
      </trkpt>
      <trkpt lat="40.001797264308195" lon="116.44926682175796">
        <ele>38.877130737528205</ele>
        <time>1970-01-01T00:27:23.400000Z</time>
        <extensions>
          <gpxtpx:TrackPointExtension>
            <gpxtpx:hr>158</gpxtpx:hr>
          </gpxtpx:TrackPointExtension>
        </extensions>
      </trkpt>
      <trkpt lat="40.001796586474924" lon="116.44929997282723">
        <ele>38.89596906118095</ele>
        <time>1970-01-01T00:27:24.400000Z</time>
        <extensions>
          <gpxtpx:TrackPointExtension>
            <gpxtpx:hr>158</gpxtpx:hr>
          </gpxtpx:TrackPointExtension>
        </extensions>
      </trkpt>
      <trkpt lat="40.00179583848614" lon="116.44933278570083">
        <ele>38.906686331145465</ele>
        <time>1970-01-01T00:27:25.400000Z</time>
        <extensions>
          <gpxtpx:TrackPointExtension>
            <gpxtpx:hr>159</gpxtpx:hr>
          </gpxtpx:TrackPointExtension>
        </extensions>
      </trkpt>
      <trkpt lat="40.00179567685918" lon="116.44936515126648">
        <ele>38.90891543030739</ele>
        <time>1970-01-01T00:27:26.400000Z</time>
        <extensions>
          <gpxtpx:TrackPointExtension>
            <gpxtpx:hr>159</gpxtpx:hr>
          </gpxtpx:TrackPointExtension>
        </extensions>
      </trkpt>
      <trkpt lat="40.00179659497137" lon="116.44939673674168">
        <ele>38.90251601766795</ele>
        <time>1970-01-01T00:27:27.400000Z</time>
        <extensions>
          <gpxtpx:TrackPointExtension>
            <gpxtpx:hr>159</gpxtpx:hr>
          </gpxtpx:TrackPointExtension>
        </extensions>
      </trkpt>
      <trkpt lat="40.001798641586994" lon="116.4494271086">
        <ele>38.8883940288797</ele>
        <time>1970-01-01T00:27:28.400000Z</time>
        <extensions>
          <gpxtpx:TrackPointExtension>
            <gpxtpx:hr>159</gpxtpx:hr>
          </gpxtpx:TrackPointExtension>
        </extensions>
      </trkpt>
      <trkpt lat="40.001801823932865" lon="116.44945616520219">
        <ele>38.86755260452628</ele>
        <time>1970-01-01T00:27:29.400000Z</time>
        <extensions>
          <gpxtpx:TrackPointExtension>
            <gpxtpx:hr>159</gpxtpx:hr>
          </gpxtpx:TrackPointExtension>
        </extensions>
      </trkpt>
      <trkpt lat="40.00180617326725" lon="116.44948495569065">
        <ele>38.83984574582428</ele>
        <time>1970-01-01T00:27:30.400000Z</time>
        <extensions>
          <gpxtpx:TrackPointExtension>
            <gpxtpx:hr>159</gpxtpx:hr>
          </gpxtpx:TrackPointExtension>
        </extensions>
      </trkpt>
      <trkpt lat="40.00181170665954" lon="116.44951402199023">
        <ele>38.80602134857327</ele>
        <time>1970-01-01T00:27:31.400000Z</time>
        <extensions>
          <gpxtpx:TrackPointExtension>
            <gpxtpx:hr>159</gpxtpx:hr>
          </gpxtpx:TrackPointExtension>
        </extensions>
      </trkpt>
      <trkpt lat="40.00181841934333" lon="116.44954325046915">
        <ele>38.766394693404436</ele>
        <time>1970-01-01T00:27:32.400000Z</time>
        <extensions>
          <gpxtpx:TrackPointExtension>
            <gpxtpx:hr>159</gpxtpx:hr>
          </gpxtpx:TrackPointExtension>
        </extensions>
      </trkpt>
      <trkpt lat="40.00182611836594" lon="116.44957264929273">
        <ele>38.72115788888186</ele>
        <time>1970-01-01T00:27:33.400000Z</time>
        <extensions>
          <gpxtpx:TrackPointExtension>
            <gpxtpx:hr>159</gpxtpx:hr>
          </gpxtpx:TrackPointExtension>
        </extensions>
      </trkpt>
      <trkpt lat="40.00183430966315" lon="116.44960183872627">
        <ele>38.670819028280675</ele>
        <time>1970-01-01T00:27:34.400000Z</time>
        <extensions>
          <gpxtpx:TrackPointExtension>
            <gpxtpx:hr>159</gpxtpx:hr>
          </gpxtpx:TrackPointExtension>
        </extensions>
      </trkpt>
      <trkpt lat="40.00184260426408" lon="116.449630385283">
        <ele>38.61632629670203</ele>
        <time>1970-01-01T00:27:35.400000Z</time>
        <extensions>
          <gpxtpx:TrackPointExtension>
            <gpxtpx:hr>157</gpxtpx:hr>
          </gpxtpx:TrackPointExtension>
        </extensions>
      </trkpt>
      <trkpt lat="40.00185085206186" lon="116.44965836184647">
        <ele>38.55870593525469</ele>
        <time>1970-01-01T00:27:36.400000Z</time>
        <extensions>
          <gpxtpx:TrackPointExtension>
            <gpxtpx:hr>157</gpxtpx:hr>
          </gpxtpx:TrackPointExtension>
        </extensions>
      </trkpt>
      <trkpt lat="40.001859087765304" lon="116.44968647546185">
        <ele>38.49940580595285</ele>
        <time>1970-01-01T00:27:37.400000Z</time>
        <extensions>
          <gpxtpx:TrackPointExtension>
            <gpxtpx:hr>157</gpxtpx:hr>
          </gpxtpx:TrackPointExtension>
        </extensions>
      </trkpt>
      <trkpt lat="40.00186739122581" lon="116.44971529973097">
        <ele>38.439648249186575</ele>
        <time>1970-01-01T00:27:38.400000Z</time>
        <extensions>
          <gpxtpx:TrackPointExtension>
            <gpxtpx:hr>157</gpxtpx:hr>
          </gpxtpx:TrackPointExtension>
        </extensions>
      </trkpt>
      <trkpt lat="40.0018759571503" lon="116.44974454149127">
        <ele>38.380661483854055</ele>
        <time>1970-01-01T00:27:39.400000Z</time>
        <extensions>
          <gpxtpx:TrackPointExtension>
            <gpxtpx:hr>157</gpxtpx:hr>
          </gpxtpx:TrackPointExtension>
        </extensions>
      </trkpt>
      <trkpt lat="40.00188490979674" lon="116.44977378158406">
        <ele>38.32315968256444</ele>
        <time>1970-01-01T00:27:40.400000Z</time>
        <extensions>
          <gpxtpx:TrackPointExtension>
            <gpxtpx:hr>158</gpxtpx:hr>
          </gpxtpx:TrackPointExtension>
        </extensions>
      </trkpt>
      <trkpt lat="40.001894013211235" lon="116.44980287156844">
        <ele>38.267773418687284</ele>
        <time>1970-01-01T00:27:41.400000Z</time>
        <extensions>
          <gpxtpx:TrackPointExtension>
            <gpxtpx:hr>158</gpxtpx:hr>
          </gpxtpx:TrackPointExtension>
        </extensions>
      </trkpt>
      <trkpt lat="40.00190308454419" lon="116.449831735997">
        <ele>38.21461032703519</ele>
        <time>1970-01-01T00:27:42.400000Z</time>
        <extensions>
          <gpxtpx:TrackPointExtension>
            <gpxtpx:hr>158</gpxtpx:hr>
          </gpxtpx:TrackPointExtension>
        </extensions>
      </trkpt>
      <trkpt lat="40.001912125247294" lon="116.44986048694255">
        <ele>38.16445207223296</ele>
        <time>1970-01-01T00:27:43.400000Z</time>
        <extensions>
          <gpxtpx:TrackPointExtension>
            <gpxtpx:hr>158</gpxtpx:hr>
          </gpxtpx:TrackPointExtension>
        </extensions>
      </trkpt>
      <trkpt lat="40.00192103840692" lon="116.44988931336486">
        <ele>38.117316795513034</ele>
        <time>1970-01-01T00:27:44.400000Z</time>
        <extensions>
          <gpxtpx:TrackPointExtension>
            <gpxtpx:hr>157</gpxtpx:hr>
          </gpxtpx:TrackPointExtension>
        </extensions>
      </trkpt>
      <trkpt lat="40.0019299659246" lon="116.44991809250638">
        <ele>38.072743421420455</ele>
        <time>1970-01-01T00:27:45.400000Z</time>
        <extensions>
          <gpxtpx:TrackPointExtension>
            <gpxtpx:hr>157</gpxtpx:hr>
          </gpxtpx:TrackPointExtension>
        </extensions>
      </trkpt>
      <trkpt lat="40.001939221955254" lon="116.4499465560519">
        <ele>38.030475253239274</ele>
        <time>1970-01-01T00:27:46.400000Z</time>
        <extensions>
          <gpxtpx:TrackPointExtension>
            <gpxtpx:hr>157</gpxtpx:hr>
          </gpxtpx:TrackPointExtension>
        </extensions>
      </trkpt>
      <trkpt lat="40.00194894289406" lon="116.44997447943193">
        <ele>37.9906539330259</ele>
        <time>1970-01-01T00:27:47.400000Z</time>
        <extensions>
          <gpxtpx:TrackPointExtension>
            <gpxtpx:hr>157</gpxtpx:hr>
          </gpxtpx:TrackPointExtension>
        </extensions>
      </trkpt>
      <trkpt lat="40.00195933266355" lon="116.45000194351061">
        <ele>37.95281232241541</ele>
        <time>1970-01-01T00:27:48.400000Z</time>
        <extensions>
          <gpxtpx:TrackPointExtension>
            <gpxtpx:hr>157</gpxtpx:hr>
          </gpxtpx:TrackPointExtension>
        </extensions>
      </trkpt>
      <trkpt lat="40.00197056491397" lon="116.45002912599374">
        <ele>37.917009332217276</ele>
        <time>1970-01-01T00:27:49.400000Z</time>
        <extensions>
          <gpxtpx:TrackPointExtension>
            <gpxtpx:hr>157</gpxtpx:hr>
          </gpxtpx:TrackPointExtension>
        </extensions>
      </trkpt>
      <trkpt lat="40.00198263676366" lon="116.45005611052706">
        <ele>37.88373564463109</ele>
        <time>1970-01-01T00:27:50.400000Z</time>
        <extensions>
          <gpxtpx:TrackPointExtension>
            <gpxtpx:hr>157</gpxtpx:hr>
          </gpxtpx:TrackPointExtension>
        </extensions>
      </trkpt>
      <trkpt lat="40.00199520337624" lon="116.4500831134872">
        <ele>37.85263891518116</ele>
        <time>1970-01-01T00:27:51.400000Z</time>
        <extensions>
          <gpxtpx:TrackPointExtension>
            <gpxtpx:hr>155</gpxtpx:hr>
          </gpxtpx:TrackPointExtension>
        </extensions>
      </trkpt>
      <trkpt lat="40.00200767745054" lon="116.45010992611809">
        <ele>37.824228735640645</ele>
        <time>1970-01-01T00:27:52.400000Z</time>
        <extensions>
          <gpxtpx:TrackPointExtension>
            <gpxtpx:hr>155</gpxtpx:hr>
          </gpxtpx:TrackPointExtension>
        </extensions>
      </trkpt>
      <trkpt lat="40.00201985936634" lon="116.45013631093042">
        <ele>37.79744288045913</ele>
        <time>1970-01-01T00:27:53.400000Z</time>
        <extensions>
          <gpxtpx:TrackPointExtension>
            <gpxtpx:hr>155</gpxtpx:hr>
          </gpxtpx:TrackPointExtension>
        </extensions>
      </trkpt>
      <trkpt lat="40.00203174882277" lon="116.45016257551605">
        <ele>37.77498942427337</ele>
        <time>1970-01-01T00:27:54.400000Z</time>
        <extensions>
          <gpxtpx:TrackPointExtension>
            <gpxtpx:hr>155</gpxtpx:hr>
          </gpxtpx:TrackPointExtension>
        </extensions>
      </trkpt>
      <trkpt lat="40.002043413084905" lon="116.45018915087849">
        <ele>37.749653086066246</ele>
        <time>1970-01-01T00:27:55.400000Z</time>
        <extensions>
          <gpxtpx:TrackPointExtension>
            <gpxtpx:hr>155</gpxtpx:hr>
          </gpxtpx:TrackPointExtension>
        </extensions>
      </trkpt>
      <trkpt lat="40.00205482629119" lon="116.4502160223929">
        <ele>37.72562053054571</ele>
        <time>1970-01-01T00:27:56.400000Z</time>
        <extensions>
          <gpxtpx:TrackPointExtension>
            <gpxtpx:hr>155</gpxtpx:hr>
          </gpxtpx:TrackPointExtension>
        </extensions>
      </trkpt>
      <trkpt lat="40.00206602308848" lon="116.45024324477852">
        <ele>37.70258299354464</ele>
        <time>1970-01-01T00:27:57.400000Z</time>
        <extensions>
          <gpxtpx:TrackPointExtension>
            <gpxtpx:hr>153</gpxtpx:hr>
          </gpxtpx:TrackPointExtension>
        </extensions>
      </trkpt>
      <trkpt lat="40.002077343190635" lon="116.45027095586393">
        <ele>37.67891483195126</ele>
        <time>1970-01-01T00:27:58.400000Z</time>
        <extensions>
          <gpxtpx:TrackPointExtension>
            <gpxtpx:hr>153</gpxtpx:hr>
          </gpxtpx:TrackPointExtension>
        </extensions>
      </trkpt>
      <trkpt lat="40.002089022954436" lon="116.45029920297094">
        <ele>37.65382257848978</ele>
        <time>1970-01-01T00:27:59.400000Z</time>
        <extensions>
          <gpxtpx:TrackPointExtension>
            <gpxtpx:hr>153</gpxtpx:hr>
          </gpxtpx:TrackPointExtension>
        </extensions>
      </trkpt>
      <trkpt lat="40.002100861365925" lon="116.45032796004125">
        <ele>37.62611466553062</ele>
        <time>1970-01-01T00:28:00.400000Z</time>
        <extensions>
          <gpxtpx:TrackPointExtension>
            <gpxtpx:hr>153</gpxtpx:hr>
          </gpxtpx:TrackPointExtension>
        </extensions>
      </trkpt>
      <trkpt lat="40.002112647099956" lon="116.45035701240633">
        <ele>37.596845789812505</ele>
        <time>1970-01-01T00:28:01.400000Z</time>
        <extensions>
          <gpxtpx:TrackPointExtension>
            <gpxtpx:hr>155</gpxtpx:hr>
          </gpxtpx:TrackPointExtension>
        </extensions>
      </trkpt>
      <trkpt lat="40.00212417647758" lon="116.45038623911499">
        <ele>37.56559047382325</ele>
        <time>1970-01-01T00:28:02.400000Z</time>
        <extensions>
          <gpxtpx:TrackPointExtension>
            <gpxtpx:hr>155</gpxtpx:hr>
          </gpxtpx:TrackPointExtension>
        </extensions>
      </trkpt>
      <trkpt lat="40.00213532779893" lon="116.45041553586101">
        <ele>37.53175354655832</ele>
        <time>1970-01-01T00:28:03.400000Z</time>
        <extensions>
          <gpxtpx:TrackPointExtension>
            <gpxtpx:hr>155</gpxtpx:hr>
          </gpxtpx:TrackPointExtension>
        </extensions>
      </trkpt>
      <trkpt lat="40.00214618094301" lon="116.45044464280842">
        <ele>37.49468545243144</ele>
        <time>1970-01-01T00:28:04.400000Z</time>
        <extensions>
          <gpxtpx:TrackPointExtension>
            <gpxtpx:hr>155</gpxtpx:hr>
          </gpxtpx:TrackPointExtension>
        </extensions>
      </trkpt>
      <trkpt lat="40.002156963705104" lon="116.45047359522266">
        <ele>37.453846923075616</ele>
        <time>1970-01-01T00:28:05.400000Z</time>
        <extensions>
          <gpxtpx:TrackPointExtension>
            <gpxtpx:hr>155</gpxtpx:hr>
          </gpxtpx:TrackPointExtension>
        </extensions>
      </trkpt>
      <trkpt lat="40.00216804896269" lon="116.4505028951159">
        <ele>37.40997508354485</ele>
        <time>1970-01-01T00:28:06.400000Z</time>
        <extensions>
          <gpxtpx:TrackPointExtension>
            <gpxtpx:hr>155</gpxtpx:hr>
          </gpxtpx:TrackPointExtension>
        </extensions>
      </trkpt>
      <trkpt lat="40.00217935211525" lon="116.45053225314642">
        <ele>37.36156246252358</ele>
        <time>1970-01-01T00:28:07.400000Z</time>
        <extensions>
          <gpxtpx:TrackPointExtension>
            <gpxtpx:hr>155</gpxtpx:hr>
          </gpxtpx:TrackPointExtension>
        </extensions>
      </trkpt>
      <trkpt lat="40.00219086885728" lon="116.45056139649719">
        <ele>37.30924374330789</ele>
        <time>1970-01-01T00:28:08.400000Z</time>
        <extensions>
          <gpxtpx:TrackPointExtension>
            <gpxtpx:hr>155</gpxtpx:hr>
          </gpxtpx:TrackPointExtension>
        </extensions>
      </trkpt>
      <trkpt lat="40.00220251522085" lon="116.45058984766276">
        <ele>37.25338548142463</ele>
        <time>1970-01-01T00:28:09.400000Z</time>
        <extensions>
          <gpxtpx:TrackPointExtension>
            <gpxtpx:hr>155</gpxtpx:hr>
          </gpxtpx:TrackPointExtension>
        </extensions>
      </trkpt>
      <trkpt lat="40.00221415424318" lon="116.45061736151668">
        <ele>37.19453365262598</ele>
        <time>1970-01-01T00:28:10.400000Z</time>
        <extensions>
          <gpxtpx:TrackPointExtension>
            <gpxtpx:hr>151</gpxtpx:hr>
          </gpxtpx:TrackPointExtension>
        </extensions>
      </trkpt>
      <trkpt lat="40.0022258305564" lon="116.45064404464881">
        <ele>37.133156758733094</ele>
        <time>1970-01-01T00:28:11.400000Z</time>
        <extensions>
          <gpxtpx:TrackPointExtension>
            <gpxtpx:hr>151</gpxtpx:hr>
          </gpxtpx:TrackPointExtension>
        </extensions>
      </trkpt>
      <trkpt lat="40.00223775368177" lon="116.45067019175829">
        <ele>37.06971822772175</ele>
        <time>1970-01-01T00:28:12.400000Z</time>
        <extensions>
          <gpxtpx:TrackPointExtension>
            <gpxtpx:hr>151</gpxtpx:hr>
          </gpxtpx:TrackPointExtension>
        </extensions>
      </trkpt>
      <trkpt lat="40.00225014035766" lon="116.45069596481997">
        <ele>37.004794352687895</ele>
        <time>1970-01-01T00:28:13.400000Z</time>
        <extensions>
          <gpxtpx:TrackPointExtension>
            <gpxtpx:hr>151</gpxtpx:hr>
          </gpxtpx:TrackPointExtension>
        </extensions>
      </trkpt>
      <trkpt lat="40.00226307788336" lon="116.45072152631386">
        <ele>36.93928490020335</ele>
        <time>1970-01-01T00:28:14.400000Z</time>
        <extensions>
          <gpxtpx:TrackPointExtension>
            <gpxtpx:hr>151</gpxtpx:hr>
          </gpxtpx:TrackPointExtension>
        </extensions>
      </trkpt>
      <trkpt lat="40.002276538184155" lon="116.4507467053628">
        <ele>36.87424641940743</ele>
        <time>1970-01-01T00:28:15.400000Z</time>
        <extensions>
          <gpxtpx:TrackPointExtension>
            <gpxtpx:hr>154</gpxtpx:hr>
          </gpxtpx:TrackPointExtension>
        </extensions>
      </trkpt>
      <trkpt lat="40.00229100340014" lon="116.45077093592946">
        <ele>36.810939819552004</ele>
        <time>1970-01-01T00:28:16.400000Z</time>
        <extensions>
          <gpxtpx:TrackPointExtension>
            <gpxtpx:hr>154</gpxtpx:hr>
          </gpxtpx:TrackPointExtension>
        </extensions>
      </trkpt>
      <trkpt lat="40.00230674760322" lon="116.4507939892604">
        <ele>36.75088152009994</ele>
        <time>1970-01-01T00:28:17.400000Z</time>
        <extensions>
          <gpxtpx:TrackPointExtension>
            <gpxtpx:hr>154</gpxtpx:hr>
          </gpxtpx:TrackPointExtension>
        </extensions>
      </trkpt>
      <trkpt lat="40.0023230834672" lon="116.45081648076236">
        <ele>36.69589871075004</ele>
        <time>1970-01-01T00:28:18.400000Z</time>
        <extensions>
          <gpxtpx:TrackPointExtension>
            <gpxtpx:hr>154</gpxtpx:hr>
          </gpxtpx:TrackPointExtension>
        </extensions>
      </trkpt>
      <trkpt lat="40.00233959137063" lon="116.45083881206689">
        <ele>36.6478653177619</ele>
        <time>1970-01-01T00:28:19.400000Z</time>
        <extensions>
          <gpxtpx:TrackPointExtension>
            <gpxtpx:hr>155</gpxtpx:hr>
          </gpxtpx:TrackPointExtension>
        </extensions>
      </trkpt>
      <trkpt lat="40.0023564878072" lon="116.45086074244912">
        <ele>36.60851569939405</ele>
        <time>1970-01-01T00:28:20.400000Z</time>
        <extensions>
          <gpxtpx:TrackPointExtension>
            <gpxtpx:hr>155</gpxtpx:hr>
          </gpxtpx:TrackPointExtension>
        </extensions>
      </trkpt>
      <trkpt lat="40.002373785994145" lon="116.45088201323814">
        <ele>36.5793774779886</ele>
        <time>1970-01-01T00:28:21.400000Z</time>
        <extensions>
          <gpxtpx:TrackPointExtension>
            <gpxtpx:hr>155</gpxtpx:hr>
          </gpxtpx:TrackPointExtension>
        </extensions>
      </trkpt>
      <trkpt lat="40.00239123503782" lon="116.45090219044359">
        <ele>36.56131896562874</ele>
        <time>1970-01-01T00:28:22.400000Z</time>
        <extensions>
          <gpxtpx:TrackPointExtension>
            <gpxtpx:hr>155</gpxtpx:hr>
          </gpxtpx:TrackPointExtension>
        </extensions>
      </trkpt>
      <trkpt lat="40.00240840918515" lon="116.45092093755407">
        <ele>36.554669773206115</ele>
        <time>1970-01-01T00:28:23.400000Z</time>
        <extensions>
          <gpxtpx:TrackPointExtension>
            <gpxtpx:hr>155</gpxtpx:hr>
          </gpxtpx:TrackPointExtension>
        </extensions>
      </trkpt>
      <trkpt lat="40.00242475499769" lon="116.45093897338522">
        <ele>36.559429629705846</ele>
        <time>1970-01-01T00:28:24.400000Z</time>
        <extensions>
          <gpxtpx:TrackPointExtension>
            <gpxtpx:hr>155</gpxtpx:hr>
          </gpxtpx:TrackPointExtension>
        </extensions>
      </trkpt>
      <trkpt lat="40.00243928236307" lon="116.45095813956564">
        <ele>36.575404771603644</ele>
        <time>1970-01-01T00:28:25.400000Z</time>
        <extensions>
          <gpxtpx:TrackPointExtension>
            <gpxtpx:hr>155</gpxtpx:hr>
          </gpxtpx:TrackPointExtension>
        </extensions>
      </trkpt>
      <trkpt lat="40.00245188041982" lon="116.45097910555971">
        <ele>36.602334855124354</ele>
        <time>1970-01-01T00:28:26.400000Z</time>
        <extensions>
          <gpxtpx:TrackPointExtension>
            <gpxtpx:hr>153</gpxtpx:hr>
          </gpxtpx:TrackPointExtension>
        </extensions>
      </trkpt>
      <trkpt lat="40.00246334587406" lon="116.45100150903716">
        <ele>36.63989557791501</ele>
        <time>1970-01-01T00:28:27.400000Z</time>
        <extensions>
          <gpxtpx:TrackPointExtension>
            <gpxtpx:hr>153</gpxtpx:hr>
          </gpxtpx:TrackPointExtension>
        </extensions>
      </trkpt>
      <trkpt lat="40.00247426435216" lon="116.45102520637225">
        <ele>36.68764509540051</ele>
        <time>1970-01-01T00:28:28.400000Z</time>
        <extensions>
          <gpxtpx:TrackPointExtension>
            <gpxtpx:hr>153</gpxtpx:hr>
          </gpxtpx:TrackPointExtension>
        </extensions>
      </trkpt>
      <trkpt lat="40.002484992353914" lon="116.45105004141455">
        <ele>36.745090453885496</ele>
        <time>1970-01-01T00:28:29.400000Z</time>
        <extensions>
          <gpxtpx:TrackPointExtension>
            <gpxtpx:hr>153</gpxtpx:hr>
          </gpxtpx:TrackPointExtension>
        </extensions>
      </trkpt>
      <trkpt lat="40.00249563924407" lon="116.45107564360374">
        <ele>36.811922458931804</ele>
        <time>1970-01-01T00:28:30.400000Z</time>
        <extensions>
          <gpxtpx:TrackPointExtension>
            <gpxtpx:hr>153</gpxtpx:hr>
          </gpxtpx:TrackPointExtension>
        </extensions>
      </trkpt>
      <trkpt lat="40.00250619253135" lon="116.45110157531509">
        <ele>36.88800517935306</ele>
        <time>1970-01-01T00:28:31.400000Z</time>
        <extensions>
          <gpxtpx:TrackPointExtension>
            <gpxtpx:hr>153</gpxtpx:hr>
          </gpxtpx:TrackPointExtension>
        </extensions>
      </trkpt>
      <trkpt lat="40.002516544550865" lon="116.45112732765139">
        <ele>36.97336961515248</ele>
        <time>1970-01-01T00:28:32.400000Z</time>
        <extensions>
          <gpxtpx:TrackPointExtension>
            <gpxtpx:hr>154</gpxtpx:hr>
          </gpxtpx:TrackPointExtension>
        </extensions>
      </trkpt>
      <trkpt lat="40.002526649186606" lon="116.4511526431137">
        <ele>37.067936145700514</ele>
        <time>1970-01-01T00:28:33.400000Z</time>
        <extensions>
          <gpxtpx:TrackPointExtension>
            <gpxtpx:hr>154</gpxtpx:hr>
          </gpxtpx:TrackPointExtension>
        </extensions>
      </trkpt>
      <trkpt lat="40.002536660297224" lon="116.45117779400636">
        <ele>37.171305606141686</ele>
        <time>1970-01-01T00:28:34.400000Z</time>
        <extensions>
          <gpxtpx:TrackPointExtension>
            <gpxtpx:hr>154</gpxtpx:hr>
          </gpxtpx:TrackPointExtension>
        </extensions>
      </trkpt>
      <trkpt lat="40.00254669533761" lon="116.45120299413821">
        <ele>37.28292956016958</ele>
        <time>1970-01-01T00:28:35.400000Z</time>
        <extensions>
          <gpxtpx:TrackPointExtension>
            <gpxtpx:hr>155</gpxtpx:hr>
          </gpxtpx:TrackPointExtension>
        </extensions>
      </trkpt>
      <trkpt lat="40.00255676726646" lon="116.45122823212526">
        <ele>37.402258809655905</ele>
        <time>1970-01-01T00:28:36.400000Z</time>
        <extensions>
          <gpxtpx:TrackPointExtension>
            <gpxtpx:hr>155</gpxtpx:hr>
          </gpxtpx:TrackPointExtension>
        </extensions>
      </trkpt>
      <trkpt lat="40.0025667575792" lon="116.45125319323182">
        <ele>37.528713072650135</ele>
        <time>1970-01-01T00:28:37.400000Z</time>
        <extensions>
          <gpxtpx:TrackPointExtension>
            <gpxtpx:hr>155</gpxtpx:hr>
          </gpxtpx:TrackPointExtension>
        </extensions>
      </trkpt>
      <trkpt lat="40.00257660000326" lon="116.45127769429612">
        <ele>37.66148473229259</ele>
        <time>1970-01-01T00:28:38.400000Z</time>
        <extensions>
          <gpxtpx:TrackPointExtension>
            <gpxtpx:hr>155</gpxtpx:hr>
          </gpxtpx:TrackPointExtension>
        </extensions>
      </trkpt>
      <trkpt lat="40.00258655875908" lon="116.45130235538353">
        <ele>37.799366754479706</ele>
        <time>1970-01-01T00:28:39.400000Z</time>
        <extensions>
          <gpxtpx:TrackPointExtension>
            <gpxtpx:hr>155</gpxtpx:hr>
          </gpxtpx:TrackPointExtension>
        </extensions>
      </trkpt>
      <trkpt lat="40.00259712326649" lon="116.45132835426806">
        <ele>37.940436348319054</ele>
        <time>1970-01-01T00:28:40.400000Z</time>
        <extensions>
          <gpxtpx:TrackPointExtension>
            <gpxtpx:hr>155</gpxtpx:hr>
          </gpxtpx:TrackPointExtension>
        </extensions>
      </trkpt>
      <trkpt lat="40.00260841485754" lon="116.45135598086442">
        <ele>38.082020873203874</ele>
        <time>1970-01-01T00:28:41.400000Z</time>
        <extensions>
          <gpxtpx:TrackPointExtension>
            <gpxtpx:hr>156</gpxtpx:hr>
          </gpxtpx:TrackPointExtension>
        </extensions>
      </trkpt>
      <trkpt lat="40.00262006233734" lon="116.45138432382609">
        <ele>38.22092428896576</ele>
        <time>1970-01-01T00:28:42.400000Z</time>
        <extensions>
          <gpxtpx:TrackPointExtension>
            <gpxtpx:hr>156</gpxtpx:hr>
          </gpxtpx:TrackPointExtension>
        </extensions>
      </trkpt>
      <trkpt lat="40.00263174807871" lon="116.45141259218548">
        <ele>38.35372082795948</ele>
        <time>1970-01-01T00:28:43.400000Z</time>
        <extensions>
          <gpxtpx:TrackPointExtension>
            <gpxtpx:hr>156</gpxtpx:hr>
          </gpxtpx:TrackPointExtension>
        </extensions>
      </trkpt>
      <trkpt lat="40.002643286927686" lon="116.45144030308316">
        <ele>38.47668040636927</ele>
        <time>1970-01-01T00:28:44.400000Z</time>
        <extensions>
          <gpxtpx:TrackPointExtension>
            <gpxtpx:hr>156</gpxtpx:hr>
          </gpxtpx:TrackPointExtension>
        </extensions>
      </trkpt>
      <trkpt lat="40.00265465708972" lon="116.45146734917924">
        <ele>38.586132219061255</ele>
        <time>1970-01-01T00:28:45.400000Z</time>
        <extensions>
          <gpxtpx:TrackPointExtension>
            <gpxtpx:hr>156</gpxtpx:hr>
          </gpxtpx:TrackPointExtension>
        </extensions>
      </trkpt>
      <trkpt lat="40.00266604347854" lon="116.45149409884657">
        <ele>38.678265302442014</ele>
        <time>1970-01-01T00:28:46.400000Z</time>
        <extensions>
          <gpxtpx:TrackPointExtension>
            <gpxtpx:hr>155</gpxtpx:hr>
          </gpxtpx:TrackPointExtension>
        </extensions>
      </trkpt>
      <trkpt lat="40.00267763730769" lon="116.45152090736356">
        <ele>38.747032600454986</ele>
        <time>1970-01-01T00:28:47.400000Z</time>
        <extensions>
          <gpxtpx:TrackPointExtension>
            <gpxtpx:hr>155</gpxtpx:hr>
          </gpxtpx:TrackPointExtension>
        </extensions>
      </trkpt>
      <trkpt lat="40.002689636837694" lon="116.45154813241696">
        <ele>38.78401543851942</ele>
        <time>1970-01-01T00:28:48.400000Z</time>
        <extensions>
          <gpxtpx:TrackPointExtension>
            <gpxtpx:hr>155</gpxtpx:hr>
          </gpxtpx:TrackPointExtension>
        </extensions>
      </trkpt>
      <trkpt lat="40.0027022824769" lon="116.45157622982146">
        <ele>38.781861192546785</ele>
        <time>1970-01-01T00:28:49.400000Z</time>
        <extensions>
          <gpxtpx:TrackPointExtension>
            <gpxtpx:hr>155</gpxtpx:hr>
          </gpxtpx:TrackPointExtension>
        </extensions>
      </trkpt>
      <trkpt lat="40.00271587194152" lon="116.45160578508418">
        <ele>38.73933840170503</ele>
        <time>1970-01-01T00:28:50.400000Z</time>
        <extensions>
          <gpxtpx:TrackPointExtension>
            <gpxtpx:hr>155</gpxtpx:hr>
          </gpxtpx:TrackPointExtension>
        </extensions>
      </trkpt>
      <trkpt lat="40.002730676813904" lon="116.45163735346368">
        <ele>38.66132343001664</ele>
        <time>1970-01-01T00:28:51.400000Z</time>
        <extensions>
          <gpxtpx:TrackPointExtension>
            <gpxtpx:hr>156</gpxtpx:hr>
          </gpxtpx:TrackPointExtension>
        </extensions>
      </trkpt>
      <trkpt lat="40.00274689726868" lon="116.4516713606649">
        <ele>38.551893934607506</ele>
        <time>1970-01-01T00:28:52.400000Z</time>
        <extensions>
          <gpxtpx:TrackPointExtension>
            <gpxtpx:hr>156</gpxtpx:hr>
          </gpxtpx:TrackPointExtension>
        </extensions>
      </trkpt>
      <trkpt lat="40.002764709828426" lon="116.45170817878277">
        <ele>38.41083441209048</ele>
        <time>1970-01-01T00:28:53.400000Z</time>
        <extensions>
          <gpxtpx:TrackPointExtension>
            <gpxtpx:hr>156</gpxtpx:hr>
          </gpxtpx:TrackPointExtension>
        </extensions>
      </trkpt>
      <trkpt lat="40.00278427827993" lon="116.45174815334835">
        <ele>38.23482772056013</ele>
        <time>1970-01-01T00:28:54.400000Z</time>
        <extensions>
          <gpxtpx:TrackPointExtension>
            <gpxtpx:hr>156</gpxtpx:hr>
          </gpxtpx:TrackPointExtension>
        </extensions>
      </trkpt>
      <trkpt lat="40.002795920196604" lon="116.45177177881159">
        <ele>38.12184129282832</ele>
        <time>1970-01-01T00:28:55Z</time>
        <extensions>
          <gpxtpx:TrackPointExtension>
            <gpxtpx:hr>156</gpxtpx:hr>
          </gpxtpx:TrackPointExtension>
        </extensions>
      </trkpt>
      <trkpt lat="40.00295947880565" lon="116.45213300665304">
        <ele>36.51280690357089</ele>
        <time>1970-01-01T00:29:04Z</time>
        <extensions>
          <gpxtpx:TrackPointExtension>
            <gpxtpx:hr>156</gpxtpx:hr>
          </gpxtpx:TrackPointExtension>
        </extensions>
      </trkpt>
      <trkpt lat="40.00297303033044" lon="116.45216644379583">
        <ele>36.39577801711857</ele>
        <time>1970-01-01T00:29:04.900000Z</time>
        <extensions>
          <gpxtpx:TrackPointExtension>
            <gpxtpx:hr>156</gpxtpx:hr>
          </gpxtpx:TrackPointExtension>
        </extensions>
      </trkpt>
      <trkpt lat="40.0029862935647" lon="116.4521991334529">
        <ele>36.31634748354554</ele>
        <time>1970-01-01T00:29:05.900000Z</time>
        <extensions>
          <gpxtpx:TrackPointExtension>
            <gpxtpx:hr>157</gpxtpx:hr>
          </gpxtpx:TrackPointExtension>
        </extensions>
      </trkpt>
      <trkpt lat="40.00299360656026" lon="116.45221702175795">
        <ele>36.289031056687236</ele>
        <time>1970-01-01T00:29:06.500000Z</time>
        <extensions>
          <gpxtpx:TrackPointExtension>
            <gpxtpx:hr>157</gpxtpx:hr>
          </gpxtpx:TrackPointExtension>
        </extensions>
      </trkpt>
      <trkpt lat="40.00300533772949" lon="116.45224520467636">
        <ele>36.27087344508618</ele>
        <time>1970-01-01T00:29:07.500000Z</time>
        <extensions>
          <gpxtpx:TrackPointExtension>
            <gpxtpx:hr>157</gpxtpx:hr>
          </gpxtpx:TrackPointExtension>
        </extensions>
      </trkpt>
      <trkpt lat="40.003017118171314" lon="116.45227128772518">
        <ele>36.28646807745099</ele>
        <time>1970-01-01T00:29:08.500000Z</time>
        <extensions>
          <gpxtpx:TrackPointExtension>
            <gpxtpx:hr>157</gpxtpx:hr>
          </gpxtpx:TrackPointExtension>
        </extensions>
      </trkpt>
      <trkpt lat="40.00302985596133" lon="116.45229478936399">
        <ele>36.32809194363654</ele>
        <time>1970-01-01T00:29:09.500000Z</time>
        <extensions>
          <gpxtpx:TrackPointExtension>
            <gpxtpx:hr>157</gpxtpx:hr>
          </gpxtpx:TrackPointExtension>
        </extensions>
      </trkpt>
      <trkpt lat="40.00304444755404" lon="116.45231407453396">
        <ele>36.3901954414323</ele>
        <time>1970-01-01T00:29:10.500000Z</time>
        <extensions>
          <gpxtpx:TrackPointExtension>
            <gpxtpx:hr>157</gpxtpx:hr>
          </gpxtpx:TrackPointExtension>
        </extensions>
      </trkpt>
      <trkpt lat="40.00306139731602" lon="116.45232801639844">
        <ele>36.469563885591924</ele>
        <time>1970-01-01T00:29:11.500000Z</time>
        <extensions>
          <gpxtpx:TrackPointExtension>
            <gpxtpx:hr>157</gpxtpx:hr>
          </gpxtpx:TrackPointExtension>
        </extensions>
      </trkpt>
      <trkpt lat="40.003079912131994" lon="116.45233778061561">
        <ele>36.56361984182149</ele>
        <time>1970-01-01T00:29:12.500000Z</time>
        <extensions>
          <gpxtpx:TrackPointExtension>
            <gpxtpx:hr>157</gpxtpx:hr>
          </gpxtpx:TrackPointExtension>
        </extensions>
      </trkpt>
      <trkpt lat="40.003099113700586" lon="116.45234453778558">
        <ele>36.669720322825015</ele>
        <time>1970-01-01T00:29:13.500000Z</time>
        <extensions>
          <gpxtpx:TrackPointExtension>
            <gpxtpx:hr>157</gpxtpx:hr>
          </gpxtpx:TrackPointExtension>
        </extensions>
      </trkpt>
      <trkpt lat="40.003118540271686" lon="116.45234911674847">
        <ele>36.784915876574814</ele>
        <time>1970-01-01T00:29:14.500000Z</time>
        <extensions>
          <gpxtpx:TrackPointExtension>
            <gpxtpx:hr>157</gpxtpx:hr>
          </gpxtpx:TrackPointExtension>
        </extensions>
      </trkpt>
      <trkpt lat="40.00313778288356" lon="116.45235372659897">
        <ele>36.90609024837613</ele>
        <time>1970-01-01T00:29:15.500000Z</time>
        <extensions>
          <gpxtpx:TrackPointExtension>
            <gpxtpx:hr>157</gpxtpx:hr>
          </gpxtpx:TrackPointExtension>
        </extensions>
      </trkpt>
      <trkpt lat="40.00315668377737" lon="116.45236064633694">
        <ele>37.030406849458814</ele>
        <time>1970-01-01T00:29:16.500000Z</time>
        <extensions>
          <gpxtpx:TrackPointExtension>
            <gpxtpx:hr>157</gpxtpx:hr>
          </gpxtpx:TrackPointExtension>
        </extensions>
      </trkpt>
      <trkpt lat="40.0031750483683" lon="116.45237168821208">
        <ele>37.15547735337168</ele>
        <time>1970-01-01T00:29:17.500000Z</time>
        <extensions>
          <gpxtpx:TrackPointExtension>
            <gpxtpx:hr>158</gpxtpx:hr>
          </gpxtpx:TrackPointExtension>
        </extensions>
      </trkpt>
      <trkpt lat="40.00319256718327" lon="116.4523875448377">
        <ele>37.2793929791078</ele>
        <time>1970-01-01T00:29:18.500000Z</time>
        <extensions>
          <gpxtpx:TrackPointExtension>
            <gpxtpx:hr>158</gpxtpx:hr>
          </gpxtpx:TrackPointExtension>
        </extensions>
      </trkpt>
      <trkpt lat="40.00320906469482" lon="116.45240767217389">
        <ele>37.40048845950514</ele>
        <time>1970-01-01T00:29:19.500000Z</time>
        <extensions>
          <gpxtpx:TrackPointExtension>
            <gpxtpx:hr>158</gpxtpx:hr>
          </gpxtpx:TrackPointExtension>
        </extensions>
      </trkpt>
      <trkpt lat="40.003224933085754" lon="116.45243031744032">
        <ele>37.517273406498134</ele>
        <time>1970-01-01T00:29:20.500000Z</time>
        <extensions>
          <gpxtpx:TrackPointExtension>
            <gpxtpx:hr>159</gpxtpx:hr>
          </gpxtpx:TrackPointExtension>
        </extensions>
      </trkpt>
      <trkpt lat="40.003240506247266" lon="116.45245396101272">
        <ele>37.62835211772472</ele>
        <time>1970-01-01T00:29:21.500000Z</time>
        <extensions>
          <gpxtpx:TrackPointExtension>
            <gpxtpx:hr>159</gpxtpx:hr>
          </gpxtpx:TrackPointExtension>
        </extensions>
      </trkpt>
      <trkpt lat="40.00325610929888" lon="116.45247761762135">
        <ele>37.73241801280528</ele>
        <time>1970-01-01T00:29:22.500000Z</time>
        <extensions>
          <gpxtpx:TrackPointExtension>
            <gpxtpx:hr>159</gpxtpx:hr>
          </gpxtpx:TrackPointExtension>
        </extensions>
      </trkpt>
      <trkpt lat="40.00327224052642" lon="116.4524998068664">
        <ele>37.82848995085806</ele>
        <time>1970-01-01T00:29:23.500000Z</time>
        <extensions>
          <gpxtpx:TrackPointExtension>
            <gpxtpx:hr>159</gpxtpx:hr>
          </gpxtpx:TrackPointExtension>
        </extensions>
      </trkpt>
      <trkpt lat="40.00328901249755" lon="116.45251955182253">
        <ele>37.915906990878284</ele>
        <time>1970-01-01T00:29:24.500000Z</time>
        <extensions>
          <gpxtpx:TrackPointExtension>
            <gpxtpx:hr>159</gpxtpx:hr>
          </gpxtpx:TrackPointExtension>
        </extensions>
      </trkpt>
      <trkpt lat="40.00330659052542" lon="116.45253682430524">
        <ele>37.99432224407792</ele>
        <time>1970-01-01T00:29:25.500000Z</time>
        <extensions>
          <gpxtpx:TrackPointExtension>
            <gpxtpx:hr>159</gpxtpx:hr>
          </gpxtpx:TrackPointExtension>
        </extensions>
      </trkpt>
      <trkpt lat="40.00332528012408" lon="116.45255229615056">
        <ele>38.06399254873395</ele>
        <time>1970-01-01T00:29:26.500000Z</time>
        <extensions>
          <gpxtpx:TrackPointExtension>
            <gpxtpx:hr>157</gpxtpx:hr>
          </gpxtpx:TrackPointExtension>
        </extensions>
      </trkpt>
      <trkpt lat="40.003344930736816" lon="116.45256719848956">
        <ele>38.12568650115281</ele>
        <time>1970-01-01T00:29:27.500000Z</time>
        <extensions>
          <gpxtpx:TrackPointExtension>
            <gpxtpx:hr>157</gpxtpx:hr>
          </gpxtpx:TrackPointExtension>
        </extensions>
      </trkpt>
      <trkpt lat="40.003365201617214" lon="116.45258287869383">
        <ele>38.18030079174787</ele>
        <time>1970-01-01T00:29:28.500000Z</time>
        <extensions>
          <gpxtpx:TrackPointExtension>
            <gpxtpx:hr>157</gpxtpx:hr>
          </gpxtpx:TrackPointExtension>
        </extensions>
      </trkpt>
      <trkpt lat="40.003385721736194" lon="116.4525994496417">
        <ele>38.22903914190829</ele>
        <time>1970-01-01T00:29:29.500000Z</time>
        <extensions>
          <gpxtpx:TrackPointExtension>
            <gpxtpx:hr>157</gpxtpx:hr>
          </gpxtpx:TrackPointExtension>
        </extensions>
      </trkpt>
      <trkpt lat="40.00340604205475" lon="116.45261645826164">
        <ele>38.273086700588465</ele>
        <time>1970-01-01T00:29:30.500000Z</time>
        <extensions>
          <gpxtpx:TrackPointExtension>
            <gpxtpx:hr>157</gpxtpx:hr>
          </gpxtpx:TrackPointExtension>
        </extensions>
      </trkpt>
      <trkpt lat="40.00342543246574" lon="116.45263401242315">
        <ele>38.31394627690315</ele>
        <time>1970-01-01T00:29:31.500000Z</time>
        <extensions>
          <gpxtpx:TrackPointExtension>
            <gpxtpx:hr>157</gpxtpx:hr>
          </gpxtpx:TrackPointExtension>
        </extensions>
      </trkpt>
      <trkpt lat="40.00344322462364" lon="116.452653119081">
        <ele>38.35306576825678</ele>
        <time>1970-01-01T00:29:32.500000Z</time>
        <extensions>
          <gpxtpx:TrackPointExtension>
            <gpxtpx:hr>157</gpxtpx:hr>
          </gpxtpx:TrackPointExtension>
        </extensions>
      </trkpt>
      <trkpt lat="40.00345941659135" lon="116.45267457326696">
        <ele>38.39154494646937</ele>
        <time>1970-01-01T00:29:33.500000Z</time>
        <extensions>
          <gpxtpx:TrackPointExtension>
            <gpxtpx:hr>156</gpxtpx:hr>
          </gpxtpx:TrackPointExtension>
        </extensions>
      </trkpt>
      <trkpt lat="40.00347442228516" lon="116.4526983878306">
        <ele>38.43008185736835</ele>
        <time>1970-01-01T00:29:34.500000Z</time>
        <extensions>
          <gpxtpx:TrackPointExtension>
            <gpxtpx:hr>156</gpxtpx:hr>
          </gpxtpx:TrackPointExtension>
        </extensions>
      </trkpt>
      <trkpt lat="40.00348872292788" lon="116.4527240737313">
        <ele>38.469113930128515</ele>
        <time>1970-01-01T00:29:35.500000Z</time>
        <extensions>
          <gpxtpx:TrackPointExtension>
            <gpxtpx:hr>156</gpxtpx:hr>
          </gpxtpx:TrackPointExtension>
        </extensions>
      </trkpt>
      <trkpt lat="40.003502072896154" lon="116.45275133892439">
        <ele>38.50903001613915</ele>
        <time>1970-01-01T00:29:36.500000Z</time>
        <extensions>
          <gpxtpx:TrackPointExtension>
            <gpxtpx:hr>156</gpxtpx:hr>
          </gpxtpx:TrackPointExtension>
        </extensions>
      </trkpt>
      <trkpt lat="40.0035141569587" lon="116.45277982374449">
        <ele>38.54996554926038</ele>
        <time>1970-01-01T00:29:37.500000Z</time>
        <extensions>
          <gpxtpx:TrackPointExtension>
            <gpxtpx:hr>156</gpxtpx:hr>
          </gpxtpx:TrackPointExtension>
        </extensions>
      </trkpt>
      <trkpt lat="40.003525160844916" lon="116.45280860753817">
        <ele>38.59188180509955</ele>
        <time>1970-01-01T00:29:38.500000Z</time>
        <extensions>
          <gpxtpx:TrackPointExtension>
            <gpxtpx:hr>156</gpxtpx:hr>
          </gpxtpx:TrackPointExtension>
        </extensions>
      </trkpt>
      <trkpt lat="40.00353554443916" lon="116.45283706839187">
        <ele>38.63469338975847</ele>
        <time>1970-01-01T00:29:39.500000Z</time>
        <extensions>
          <gpxtpx:TrackPointExtension>
            <gpxtpx:hr>156</gpxtpx:hr>
          </gpxtpx:TrackPointExtension>
        </extensions>
      </trkpt>
      <trkpt lat="40.003545844704945" lon="116.45286531724415">
        <ele>38.678251476958394</ele>
        <time>1970-01-01T00:29:40.500000Z</time>
        <extensions>
          <gpxtpx:TrackPointExtension>
            <gpxtpx:hr>157</gpxtpx:hr>
          </gpxtpx:TrackPointExtension>
        </extensions>
      </trkpt>
      <trkpt lat="40.00355659409517" lon="116.45289386597">
        <ele>38.72258573397994</ele>
        <time>1970-01-01T00:29:41.500000Z</time>
        <extensions>
          <gpxtpx:TrackPointExtension>
            <gpxtpx:hr>157</gpxtpx:hr>
          </gpxtpx:TrackPointExtension>
        </extensions>
      </trkpt>
      <trkpt lat="40.003567976295976" lon="116.4529230876888">
        <ele>38.76775746047497</ele>
        <time>1970-01-01T00:29:42.500000Z</time>
        <extensions>
          <gpxtpx:TrackPointExtension>
            <gpxtpx:hr>157</gpxtpx:hr>
          </gpxtpx:TrackPointExtension>
        </extensions>
      </trkpt>
      <trkpt lat="40.00358017009363" lon="116.45295223347517">
        <ele>38.813887608237565</ele>
        <time>1970-01-01T00:29:43.500000Z</time>
        <extensions>
          <gpxtpx:TrackPointExtension>
            <gpxtpx:hr>157</gpxtpx:hr>
          </gpxtpx:TrackPointExtension>
        </extensions>
      </trkpt>
      <trkpt lat="40.00359335514433" lon="116.45298000640295">
        <ele>38.86105354782194</ele>
        <time>1970-01-01T00:29:44.500000Z</time>
        <extensions>
          <gpxtpx:TrackPointExtension>
            <gpxtpx:hr>157</gpxtpx:hr>
          </gpxtpx:TrackPointExtension>
        </extensions>
      </trkpt>
      <trkpt lat="40.00360757405193" lon="116.45300585172573">
        <ele>38.909206150099635</ele>
        <time>1970-01-01T00:29:45.500000Z</time>
        <extensions>
          <gpxtpx:TrackPointExtension>
            <gpxtpx:hr>159</gpxtpx:hr>
          </gpxtpx:TrackPointExtension>
        </extensions>
      </trkpt>
      <trkpt lat="40.00362266908607" lon="116.45302972900356">
        <ele>38.958072810433805</ele>
        <time>1970-01-01T00:29:46.500000Z</time>
        <extensions>
          <gpxtpx:TrackPointExtension>
            <gpxtpx:hr>159</gpxtpx:hr>
          </gpxtpx:TrackPointExtension>
        </extensions>
      </trkpt>
      <trkpt lat="40.00363837879248" lon="116.45305192853516">
        <ele>39.00722836703062</ele>
        <time>1970-01-01T00:29:47.500000Z</time>
        <extensions>
          <gpxtpx:TrackPointExtension>
            <gpxtpx:hr>159</gpxtpx:hr>
          </gpxtpx:TrackPointExtension>
        </extensions>
      </trkpt>
      <trkpt lat="40.00365502298789" lon="116.45307293228063">
        <ele>39.05638504959643</ele>
        <time>1970-01-01T00:29:48.500000Z</time>
        <extensions>
          <gpxtpx:TrackPointExtension>
            <gpxtpx:hr>159</gpxtpx:hr>
          </gpxtpx:TrackPointExtension>
        </extensions>
      </trkpt>
      <trkpt lat="40.0036727645524" lon="116.45309334455716">
        <ele>39.10528375674039</ele>
        <time>1970-01-01T00:29:49.500000Z</time>
        <extensions>
          <gpxtpx:TrackPointExtension>
            <gpxtpx:hr>159</gpxtpx:hr>
          </gpxtpx:TrackPointExtension>
        </extensions>
      </trkpt>
      <trkpt lat="40.00369173939012" lon="116.45311420829387">
        <ele>39.153195965103805</ele>
        <time>1970-01-01T00:29:50.500000Z</time>
        <extensions>
          <gpxtpx:TrackPointExtension>
            <gpxtpx:hr>159</gpxtpx:hr>
          </gpxtpx:TrackPointExtension>
        </extensions>
      </trkpt>
      <trkpt lat="40.003711846313465" lon="116.45313629569797">
        <ele>39.19878904800862</ele>
        <time>1970-01-01T00:29:51.500000Z</time>
        <extensions>
          <gpxtpx:TrackPointExtension>
            <gpxtpx:hr>159</gpxtpx:hr>
          </gpxtpx:TrackPointExtension>
        </extensions>
      </trkpt>
      <trkpt lat="40.00373250572247" lon="116.45315945969423">
        <ele>39.24052431527525</ele>
        <time>1970-01-01T00:29:52.500000Z</time>
        <extensions>
          <gpxtpx:TrackPointExtension>
            <gpxtpx:hr>160</gpxtpx:hr>
          </gpxtpx:TrackPointExtension>
        </extensions>
      </trkpt>
      <trkpt lat="40.00375326804182" lon="116.45318325625375">
        <ele>39.27696765959263</ele>
        <time>1970-01-01T00:29:53.500000Z</time>
        <extensions>
          <gpxtpx:TrackPointExtension>
            <gpxtpx:hr>160</gpxtpx:hr>
          </gpxtpx:TrackPointExtension>
        </extensions>
      </trkpt>
      <trkpt lat="40.00377364506873" lon="116.45320744890947">
        <ele>39.3066167877987</ele>
        <time>1970-01-01T00:29:54.500000Z</time>
        <extensions>
          <gpxtpx:TrackPointExtension>
            <gpxtpx:hr>160</gpxtpx:hr>
          </gpxtpx:TrackPointExtension>
        </extensions>
      </trkpt>
      <trkpt lat="40.0037932014814" lon="116.45323214695361">
        <ele>39.32839027792215</ele>
        <time>1970-01-01T00:29:55.500000Z</time>
        <extensions>
          <gpxtpx:TrackPointExtension>
            <gpxtpx:hr>160</gpxtpx:hr>
          </gpxtpx:TrackPointExtension>
        </extensions>
      </trkpt>
      <trkpt lat="40.00381193501175" lon="116.45325775759558">
        <ele>39.34163828473538</ele>
        <time>1970-01-01T00:29:56.500000Z</time>
        <extensions>
          <gpxtpx:TrackPointExtension>
            <gpxtpx:hr>160</gpxtpx:hr>
          </gpxtpx:TrackPointExtension>
        </extensions>
      </trkpt>
      <trkpt lat="40.003830008892734" lon="116.45328467160697">
        <ele>39.34583952836692</ele>
        <time>1970-01-01T00:29:57.500000Z</time>
        <extensions>
          <gpxtpx:TrackPointExtension>
            <gpxtpx:hr>160</gpxtpx:hr>
          </gpxtpx:TrackPointExtension>
        </extensions>
      </trkpt>
      <trkpt lat="40.00384736370751" lon="116.45331251062228">
        <ele>39.341192302294075</ele>
        <time>1970-01-01T00:29:58.500000Z</time>
        <extensions>
          <gpxtpx:TrackPointExtension>
            <gpxtpx:hr>160</gpxtpx:hr>
          </gpxtpx:TrackPointExtension>
        </extensions>
      </trkpt>
      <trkpt lat="40.00386381076866" lon="116.45334033103337">
        <ele>39.3287312136963</ele>
        <time>1970-01-01T00:29:59.500000Z</time>
        <extensions>
          <gpxtpx:TrackPointExtension>
            <gpxtpx:hr>160</gpxtpx:hr>
          </gpxtpx:TrackPointExtension>
        </extensions>
      </trkpt>
      <trkpt lat="40.00387938040921" lon="116.45336773831845">
        <ele>39.310559609904885</ele>
        <time>1970-01-01T00:30:00.500000Z</time>
        <extensions>
          <gpxtpx:TrackPointExtension>
            <gpxtpx:hr>160</gpxtpx:hr>
          </gpxtpx:TrackPointExtension>
        </extensions>
      </trkpt>
      <trkpt lat="40.00389447982523" lon="116.45339429687215">
        <ele>39.28915488533676</ele>
        <time>1970-01-01T00:30:01.500000Z</time>
        <extensions>
          <gpxtpx:TrackPointExtension>
            <gpxtpx:hr>160</gpxtpx:hr>
          </gpxtpx:TrackPointExtension>
        </extensions>
      </trkpt>
      <trkpt lat="40.00390920969843" lon="116.45341969557388">
        <ele>39.26731453742832</ele>
        <time>1970-01-01T00:30:02.500000Z</time>
        <extensions>
          <gpxtpx:TrackPointExtension>
            <gpxtpx:hr>160</gpxtpx:hr>
          </gpxtpx:TrackPointExtension>
        </extensions>
      </trkpt>
      <trkpt lat="40.00392334178181" lon="116.45344452337932">
        <ele>39.24693568982184</ele>
        <time>1970-01-01T00:30:03.500000Z</time>
        <extensions>
          <gpxtpx:TrackPointExtension>
            <gpxtpx:hr>160</gpxtpx:hr>
          </gpxtpx:TrackPointExtension>
        </extensions>
      </trkpt>
      <trkpt lat="40.00393698170379" lon="116.45346944783086">
        <ele>39.2292535379529</ele>
        <time>1970-01-01T00:30:04.500000Z</time>
        <extensions>
          <gpxtpx:TrackPointExtension>
            <gpxtpx:hr>160</gpxtpx:hr>
          </gpxtpx:TrackPointExtension>
        </extensions>
      </trkpt>
      <trkpt lat="40.00395041223876" lon="116.4534948661266">
        <ele>39.21503924857825</ele>
        <time>1970-01-01T00:30:05.500000Z</time>
        <extensions>
          <gpxtpx:TrackPointExtension>
            <gpxtpx:hr>161</gpxtpx:hr>
          </gpxtpx:TrackPointExtension>
        </extensions>
      </trkpt>
      <trkpt lat="40.00396372163199" lon="116.45352111238684">
        <ele>39.20492854528129</ele>
        <time>1970-01-01T00:30:06.500000Z</time>
        <extensions>
          <gpxtpx:TrackPointExtension>
            <gpxtpx:hr>161</gpxtpx:hr>
          </gpxtpx:TrackPointExtension>
        </extensions>
      </trkpt>
      <trkpt lat="40.003976932691515" lon="116.45354827986151">
        <ele>39.198781779035926</ele>
        <time>1970-01-01T00:30:07.500000Z</time>
        <extensions>
          <gpxtpx:TrackPointExtension>
            <gpxtpx:hr>161</gpxtpx:hr>
          </gpxtpx:TrackPointExtension>
        </extensions>
      </trkpt>
      <trkpt lat="40.00398996106723" lon="116.45357615394742">
        <ele>39.19662406295538</ele>
        <time>1970-01-01T00:30:08.500000Z</time>
        <extensions>
          <gpxtpx:TrackPointExtension>
            <gpxtpx:hr>161</gpxtpx:hr>
          </gpxtpx:TrackPointExtension>
        </extensions>
      </trkpt>
      <trkpt lat="40.00400263869082" lon="116.45360432883983">
        <ele>39.19779789168388</ele>
        <time>1970-01-01T00:30:09.500000Z</time>
        <extensions>
          <gpxtpx:TrackPointExtension>
            <gpxtpx:hr>161</gpxtpx:hr>
          </gpxtpx:TrackPointExtension>
        </extensions>
      </trkpt>
      <trkpt lat="40.004015138132615" lon="116.4536325124592">
        <ele>39.201220355927944</ele>
        <time>1970-01-01T00:30:10.500000Z</time>
        <extensions>
          <gpxtpx:TrackPointExtension>
            <gpxtpx:hr>160</gpxtpx:hr>
          </gpxtpx:TrackPointExtension>
        </extensions>
      </trkpt>
      <trkpt lat="40.00402756979541" lon="116.45366071108631">
        <ele>39.20563852228224</ele>
        <time>1970-01-01T00:30:11.500000Z</time>
        <extensions>
          <gpxtpx:TrackPointExtension>
            <gpxtpx:hr>160</gpxtpx:hr>
          </gpxtpx:TrackPointExtension>
        </extensions>
      </trkpt>
      <trkpt lat="40.004039839358114" lon="116.45368912533637">
        <ele>39.210026666522026</ele>
        <time>1970-01-01T00:30:12.500000Z</time>
        <extensions>
          <gpxtpx:TrackPointExtension>
            <gpxtpx:hr>160</gpxtpx:hr>
          </gpxtpx:TrackPointExtension>
        </extensions>
      </trkpt>
      <trkpt lat="40.004051974924955" lon="116.4537177174109">
        <ele>39.21358226891607</ele>
        <time>1970-01-01T00:30:13.500000Z</time>
        <extensions>
          <gpxtpx:TrackPointExtension>
            <gpxtpx:hr>160</gpxtpx:hr>
          </gpxtpx:TrackPointExtension>
        </extensions>
      </trkpt>
      <trkpt lat="40.00406375901662" lon="116.45374619214016">
        <ele>39.21553805936128</ele>
        <time>1970-01-01T00:30:14.500000Z</time>
        <extensions>
          <gpxtpx:TrackPointExtension>
            <gpxtpx:hr>160</gpxtpx:hr>
          </gpxtpx:TrackPointExtension>
        </extensions>
      </trkpt>
      <trkpt lat="40.00407517444934" lon="116.45377439292497">
        <ele>39.215037470683455</ele>
        <time>1970-01-01T00:30:15.500000Z</time>
        <extensions>
          <gpxtpx:TrackPointExtension>
            <gpxtpx:hr>160</gpxtpx:hr>
          </gpxtpx:TrackPointExtension>
        </extensions>
      </trkpt>
      <trkpt lat="40.004086618854885" lon="116.45380234381594">
        <ele>39.21117076743394</ele>
        <time>1970-01-01T00:30:16.500000Z</time>
        <extensions>
          <gpxtpx:TrackPointExtension>
            <gpxtpx:hr>160</gpxtpx:hr>
          </gpxtpx:TrackPointExtension>
        </extensions>
      </trkpt>
      <trkpt lat="40.004098462514385" lon="116.45383045321104">
        <ele>39.20302946679294</ele>
        <time>1970-01-01T00:30:17.500000Z</time>
        <extensions>
          <gpxtpx:TrackPointExtension>
            <gpxtpx:hr>160</gpxtpx:hr>
          </gpxtpx:TrackPointExtension>
        </extensions>
      </trkpt>
      <trkpt lat="40.004110891932875" lon="116.45385912303874">
        <ele>39.18983133137226</ele>
        <time>1970-01-01T00:30:18.500000Z</time>
        <extensions>
          <gpxtpx:TrackPointExtension>
            <gpxtpx:hr>160</gpxtpx:hr>
          </gpxtpx:TrackPointExtension>
        </extensions>
      </trkpt>
      <trkpt lat="40.004123665597014" lon="116.45388829231999">
        <ele>39.17100260872394</ele>
        <time>1970-01-01T00:30:19.500000Z</time>
        <extensions>
          <gpxtpx:TrackPointExtension>
            <gpxtpx:hr>160</gpxtpx:hr>
          </gpxtpx:TrackPointExtension>
        </extensions>
      </trkpt>
      <trkpt lat="40.00413621842419" lon="116.45391733500409">
        <ele>39.14601930975914</ele>
        <time>1970-01-01T00:30:20.500000Z</time>
        <extensions>
          <gpxtpx:TrackPointExtension>
            <gpxtpx:hr>160</gpxtpx:hr>
          </gpxtpx:TrackPointExtension>
        </extensions>
      </trkpt>
      <trkpt lat="40.004148184814646" lon="116.45394598360964">
        <ele>39.114635445177555</ele>
        <time>1970-01-01T00:30:21.500000Z</time>
        <extensions>
          <gpxtpx:TrackPointExtension>
            <gpxtpx:hr>160</gpxtpx:hr>
          </gpxtpx:TrackPointExtension>
        </extensions>
      </trkpt>
      <trkpt lat="40.0041594437835" lon="116.45397440652103">
        <ele>39.076889883726835</ele>
        <time>1970-01-01T00:30:22.500000Z</time>
        <extensions>
          <gpxtpx:TrackPointExtension>
            <gpxtpx:hr>160</gpxtpx:hr>
          </gpxtpx:TrackPointExtension>
        </extensions>
      </trkpt>
      <trkpt lat="40.00417015603348" lon="116.45400283984385">
        <ele>39.03316084854305</ele>
        <time>1970-01-01T00:30:23.500000Z</time>
        <extensions>
          <gpxtpx:TrackPointExtension>
            <gpxtpx:hr>160</gpxtpx:hr>
          </gpxtpx:TrackPointExtension>
        </extensions>
      </trkpt>
      <trkpt lat="40.00418064392191" lon="116.45403153882759">
        <ele>38.9843369089067</ele>
        <time>1970-01-01T00:30:24.500000Z</time>
        <extensions>
          <gpxtpx:TrackPointExtension>
            <gpxtpx:hr>159</gpxtpx:hr>
          </gpxtpx:TrackPointExtension>
        </extensions>
      </trkpt>
      <trkpt lat="40.00419088315317" lon="116.45406074291553">
        <ele>38.931921085342765</ele>
        <time>1970-01-01T00:30:25.500000Z</time>
        <extensions>
          <gpxtpx:TrackPointExtension>
            <gpxtpx:hr>159</gpxtpx:hr>
          </gpxtpx:TrackPointExtension>
        </extensions>
      </trkpt>
      <trkpt lat="40.004200669887524" lon="116.45409061979204">
        <ele>38.87791250552982</ele>
        <time>1970-01-01T00:30:26.500000Z</time>
        <extensions>
          <gpxtpx:TrackPointExtension>
            <gpxtpx:hr>159</gpxtpx:hr>
          </gpxtpx:TrackPointExtension>
        </extensions>
      </trkpt>
      <trkpt lat="40.004209583929054" lon="116.45412135814055">
        <ele>38.824303480796516</ele>
        <time>1970-01-01T00:30:27.500000Z</time>
        <extensions>
          <gpxtpx:TrackPointExtension>
            <gpxtpx:hr>159</gpxtpx:hr>
          </gpxtpx:TrackPointExtension>
        </extensions>
      </trkpt>
      <trkpt lat="40.00421734252399" lon="116.45415319222336">
        <ele>38.772645343095064</ele>
        <time>1970-01-01T00:30:28.500000Z</time>
        <extensions>
          <gpxtpx:TrackPointExtension>
            <gpxtpx:hr>159</gpxtpx:hr>
          </gpxtpx:TrackPointExtension>
        </extensions>
      </trkpt>
      <trkpt lat="40.004224358414184" lon="116.45418625442339">
        <ele>38.72374487761408</ele>
        <time>1970-01-01T00:30:29.500000Z</time>
        <extensions>
          <gpxtpx:TrackPointExtension>
            <gpxtpx:hr>160</gpxtpx:hr>
          </gpxtpx:TrackPointExtension>
        </extensions>
      </trkpt>
      <trkpt lat="40.004231067358" lon="116.45422005226509">
        <ele>38.6777452416718</ele>
        <time>1970-01-01T00:30:30.500000Z</time>
        <extensions>
          <gpxtpx:TrackPointExtension>
            <gpxtpx:hr>160</gpxtpx:hr>
          </gpxtpx:TrackPointExtension>
        </extensions>
      </trkpt>
      <trkpt lat="40.004237695430604" lon="116.45425399067075">
        <ele>38.63452142756432</ele>
        <time>1970-01-01T00:30:31.500000Z</time>
        <extensions>
          <gpxtpx:TrackPointExtension>
            <gpxtpx:hr>160</gpxtpx:hr>
          </gpxtpx:TrackPointExtension>
        </extensions>
      </trkpt>
      <trkpt lat="40.004244761230375" lon="116.4542874848207">
        <ele>38.59401292912662</ele>
        <time>1970-01-01T00:30:32.500000Z</time>
        <extensions>
          <gpxtpx:TrackPointExtension>
            <gpxtpx:hr>160</gpxtpx:hr>
          </gpxtpx:TrackPointExtension>
        </extensions>
      </trkpt>
      <trkpt lat="40.00425284468989" lon="116.45431969936116">
        <ele>38.55648874677718</ele>
        <time>1970-01-01T00:30:33.500000Z</time>
        <extensions>
          <gpxtpx:TrackPointExtension>
            <gpxtpx:hr>160</gpxtpx:hr>
          </gpxtpx:TrackPointExtension>
        </extensions>
      </trkpt>
      <trkpt lat="40.00426135073628" lon="116.45435081945867">
        <ele>38.52255626861006</ele>
        <time>1970-01-01T00:30:34.500000Z</time>
        <extensions>
          <gpxtpx:TrackPointExtension>
            <gpxtpx:hr>160</gpxtpx:hr>
          </gpxtpx:TrackPointExtension>
        </extensions>
      </trkpt>
      <trkpt lat="40.004269892534836" lon="116.45438156795198">
        <ele>38.49271851312369</ele>
        <time>1970-01-01T00:30:35.500000Z</time>
        <extensions>
          <gpxtpx:TrackPointExtension>
            <gpxtpx:hr>160</gpxtpx:hr>
          </gpxtpx:TrackPointExtension>
        </extensions>
      </trkpt>
      <trkpt lat="40.00427926111404" lon="116.45441203641774">
        <ele>38.46733117941767</ele>
        <time>1970-01-01T00:30:36.500000Z</time>
        <extensions>
          <gpxtpx:TrackPointExtension>
            <gpxtpx:hr>163</gpxtpx:hr>
          </gpxtpx:TrackPointExtension>
        </extensions>
      </trkpt>
      <trkpt lat="40.00428964357579" lon="116.45444229803499">
        <ele>38.44647581130266</ele>
        <time>1970-01-01T00:30:37.500000Z</time>
        <extensions>
          <gpxtpx:TrackPointExtension>
            <gpxtpx:hr>163</gpxtpx:hr>
          </gpxtpx:TrackPointExtension>
        </extensions>
      </trkpt>
      <trkpt lat="40.00430065873932" lon="116.4544725792281">
        <ele>38.429879932664335</ele>
        <time>1970-01-01T00:30:38.500000Z</time>
        <extensions>
          <gpxtpx:TrackPointExtension>
            <gpxtpx:hr>163</gpxtpx:hr>
          </gpxtpx:TrackPointExtension>
        </extensions>
      </trkpt>
      <trkpt lat="40.0043119210262" lon="116.45450308693361">
        <ele>38.41690958477557</ele>
        <time>1970-01-01T00:30:39.500000Z</time>
        <extensions>
          <gpxtpx:TrackPointExtension>
            <gpxtpx:hr>163</gpxtpx:hr>
          </gpxtpx:TrackPointExtension>
        </extensions>
      </trkpt>
      <trkpt lat="40.00432308987257" lon="116.4545341696826">
        <ele>38.40666359011084</ele>
        <time>1970-01-01T00:30:40.500000Z</time>
        <extensions>
          <gpxtpx:TrackPointExtension>
            <gpxtpx:hr>163</gpxtpx:hr>
          </gpxtpx:TrackPointExtension>
        </extensions>
      </trkpt>
      <trkpt lat="40.004333987928476" lon="116.45456626946326">
        <ele>38.39815512672067</ele>
        <time>1970-01-01T00:30:41.500000Z</time>
        <extensions>
          <gpxtpx:TrackPointExtension>
            <gpxtpx:hr>162</gpxtpx:hr>
          </gpxtpx:TrackPointExtension>
        </extensions>
      </trkpt>
      <trkpt lat="40.004344581915106" lon="116.45459928507009">
        <ele>38.39045918826014</ele>
        <time>1970-01-01T00:30:42.500000Z</time>
        <extensions>
          <gpxtpx:TrackPointExtension>
            <gpxtpx:hr>162</gpxtpx:hr>
          </gpxtpx:TrackPointExtension>
        </extensions>
      </trkpt>
      <trkpt lat="40.00435484039121" lon="116.45463295155345">
        <ele>38.38276407774538</ele>
        <time>1970-01-01T00:30:43.500000Z</time>
        <extensions>
          <gpxtpx:TrackPointExtension>
            <gpxtpx:hr>162</gpxtpx:hr>
          </gpxtpx:TrackPointExtension>
        </extensions>
      </trkpt>
      <trkpt lat="40.004364666189026" lon="116.45466682897998">
        <ele>38.37444419506937</ele>
        <time>1970-01-01T00:30:44.500000Z</time>
        <extensions>
          <gpxtpx:TrackPointExtension>
            <gpxtpx:hr>162</gpxtpx:hr>
          </gpxtpx:TrackPointExtension>
        </extensions>
      </trkpt>
      <trkpt lat="40.00437360900165" lon="116.45470030304425">
        <ele>38.365099024027586</ele>
        <time>1970-01-01T00:30:45.500000Z</time>
        <extensions>
          <gpxtpx:TrackPointExtension>
            <gpxtpx:hr>162</gpxtpx:hr>
          </gpxtpx:TrackPointExtension>
        </extensions>
      </trkpt>
      <trkpt lat="40.004381387182434" lon="116.45473335204288">
        <ele>38.35409575048834</ele>
        <time>1970-01-01T00:30:46.500000Z</time>
        <extensions>
          <gpxtpx:TrackPointExtension>
            <gpxtpx:hr>162</gpxtpx:hr>
          </gpxtpx:TrackPointExtension>
        </extensions>
      </trkpt>
      <trkpt lat="40.00438840580174" lon="116.45476637527953">
        <ele>38.34010083321482</ele>
        <time>1970-01-01T00:30:47.500000Z</time>
        <extensions>
          <gpxtpx:TrackPointExtension>
            <gpxtpx:hr>162</gpxtpx:hr>
          </gpxtpx:TrackPointExtension>
        </extensions>
      </trkpt>
      <trkpt lat="40.004395272103764" lon="116.45479990282456">
        <ele>38.32124453037977</ele>
        <time>1970-01-01T00:30:48.600000Z</time>
        <extensions>
          <gpxtpx:TrackPointExtension>
            <gpxtpx:hr>162</gpxtpx:hr>
          </gpxtpx:TrackPointExtension>
        </extensions>
      </trkpt>
      <trkpt lat="40.00440247245485" lon="116.4548342533431">
        <ele>38.29571239929646</ele>
        <time>1970-01-01T00:30:49.600000Z</time>
        <extensions>
          <gpxtpx:TrackPointExtension>
            <gpxtpx:hr>162</gpxtpx:hr>
          </gpxtpx:TrackPointExtension>
        </extensions>
      </trkpt>
      <trkpt lat="40.004410555754085" lon="116.45486905895432">
        <ele>38.26244331989437</ele>
        <time>1970-01-01T00:30:50.600000Z</time>
        <extensions>
          <gpxtpx:TrackPointExtension>
            <gpxtpx:hr>162</gpxtpx:hr>
          </gpxtpx:TrackPointExtension>
        </extensions>
      </trkpt>
      <trkpt lat="40.004420146965316" lon="116.45490355603282">
        <ele>38.22166656143963</ele>
        <time>1970-01-01T00:30:51.600000Z</time>
        <extensions>
          <gpxtpx:TrackPointExtension>
            <gpxtpx:hr>163</gpxtpx:hr>
          </gpxtpx:TrackPointExtension>
        </extensions>
      </trkpt>
      <trkpt lat="40.004431463449876" lon="116.45493693579246">
        <ele>38.17474139109254</ele>
        <time>1970-01-01T00:30:52.600000Z</time>
        <extensions>
          <gpxtpx:TrackPointExtension>
            <gpxtpx:hr>163</gpxtpx:hr>
          </gpxtpx:TrackPointExtension>
        </extensions>
      </trkpt>
      <trkpt lat="40.00444399136843" lon="116.4549686312239">
        <ele>38.12329766433686</ele>
        <time>1970-01-01T00:30:53.600000Z</time>
        <extensions>
          <gpxtpx:TrackPointExtension>
            <gpxtpx:hr>163</gpxtpx:hr>
          </gpxtpx:TrackPointExtension>
        </extensions>
      </trkpt>
      <trkpt lat="40.00445671174161" lon="116.45499876355403">
        <ele>38.068718653172255</ele>
        <time>1970-01-01T00:30:54.600000Z</time>
        <extensions>
          <gpxtpx:TrackPointExtension>
            <gpxtpx:hr>163</gpxtpx:hr>
          </gpxtpx:TrackPointExtension>
        </extensions>
      </trkpt>
      <trkpt lat="40.004469171328275" lon="116.4550279250186">
        <ele>38.01201783306897</ele>
        <time>1970-01-01T00:30:55.600000Z</time>
        <extensions>
          <gpxtpx:TrackPointExtension>
            <gpxtpx:hr>163</gpxtpx:hr>
          </gpxtpx:TrackPointExtension>
        </extensions>
      </trkpt>
      <trkpt lat="40.00448151893676" lon="116.45505667594416">
        <ele>37.95381045062095</ele>
        <time>1970-01-01T00:30:56.600000Z</time>
        <extensions>
          <gpxtpx:TrackPointExtension>
            <gpxtpx:hr>163</gpxtpx:hr>
          </gpxtpx:TrackPointExtension>
        </extensions>
      </trkpt>
      <trkpt lat="40.00449369237383" lon="116.45508539694075">
        <ele>37.89490243140608</ele>
        <time>1970-01-01T00:30:57.600000Z</time>
        <extensions>
          <gpxtpx:TrackPointExtension>
            <gpxtpx:hr>163</gpxtpx:hr>
          </gpxtpx:TrackPointExtension>
        </extensions>
      </trkpt>
      <trkpt lat="40.00450561613911" lon="116.4551144378776">
        <ele>37.83672141563147</ele>
        <time>1970-01-01T00:30:58.600000Z</time>
        <extensions>
          <gpxtpx:TrackPointExtension>
            <gpxtpx:hr>163</gpxtpx:hr>
          </gpxtpx:TrackPointExtension>
        </extensions>
      </trkpt>
      <trkpt lat="40.004517517568495" lon="116.4551441302579">
        <ele>37.78075113147497</ele>
        <time>1970-01-01T00:30:59.600000Z</time>
        <extensions>
          <gpxtpx:TrackPointExtension>
            <gpxtpx:hr>163</gpxtpx:hr>
          </gpxtpx:TrackPointExtension>
        </extensions>
      </trkpt>
      <trkpt lat="40.004529658038955" lon="116.45517454058997">
        <ele>37.72831459529698</ele>
        <time>1970-01-01T00:31:00.600000Z</time>
        <extensions>
          <gpxtpx:TrackPointExtension>
            <gpxtpx:hr>163</gpxtpx:hr>
          </gpxtpx:TrackPointExtension>
        </extensions>
      </trkpt>
      <trkpt lat="40.00454143091617" lon="116.4552058153716">
        <ele>37.68092295713723</ele>
        <time>1970-01-01T00:31:01.600000Z</time>
        <extensions>
          <gpxtpx:TrackPointExtension>
            <gpxtpx:hr>163</gpxtpx:hr>
          </gpxtpx:TrackPointExtension>
        </extensions>
      </trkpt>
      <trkpt lat="40.00455172302827" lon="116.45523829159872">
        <ele>37.64011641032994</ele>
        <time>1970-01-01T00:31:02.600000Z</time>
        <extensions>
          <gpxtpx:TrackPointExtension>
            <gpxtpx:hr>162</gpxtpx:hr>
          </gpxtpx:TrackPointExtension>
        </extensions>
      </trkpt>
      <trkpt lat="40.004560266954385" lon="116.45527215264181">
        <ele>37.60701183695346</ele>
        <time>1970-01-01T00:31:03.600000Z</time>
        <extensions>
          <gpxtpx:TrackPointExtension>
            <gpxtpx:hr>162</gpxtpx:hr>
          </gpxtpx:TrackPointExtension>
        </extensions>
      </trkpt>
      <trkpt lat="40.004567217071916" lon="116.4553070101718">
        <ele>37.58211909979582</ele>
        <time>1970-01-01T00:31:04.600000Z</time>
        <extensions>
          <gpxtpx:TrackPointExtension>
            <gpxtpx:hr>162</gpxtpx:hr>
          </gpxtpx:TrackPointExtension>
        </extensions>
      </trkpt>
      <trkpt lat="40.00457234884732" lon="116.4553418926164">
        <ele>37.565222471021116</ele>
        <time>1970-01-01T00:31:05.600000Z</time>
        <extensions>
          <gpxtpx:TrackPointExtension>
            <gpxtpx:hr>163</gpxtpx:hr>
          </gpxtpx:TrackPointExtension>
        </extensions>
      </trkpt>
      <trkpt lat="40.00457561399759" lon="116.45537612943049">
        <ele>37.555154632776976</ele>
        <time>1970-01-01T00:31:06.600000Z</time>
        <extensions>
          <gpxtpx:TrackPointExtension>
            <gpxtpx:hr>163</gpxtpx:hr>
          </gpxtpx:TrackPointExtension>
        </extensions>
      </trkpt>
      <trkpt lat="40.00457729206889" lon="116.45540963727565">
        <ele>37.5498551344499</ele>
        <time>1970-01-01T00:31:07.600000Z</time>
        <extensions>
          <gpxtpx:TrackPointExtension>
            <gpxtpx:hr>163</gpxtpx:hr>
          </gpxtpx:TrackPointExtension>
        </extensions>
      </trkpt>
      <trkpt lat="40.004577648682584" lon="116.45544279885732">
        <ele>37.54691465292126</ele>
        <time>1970-01-01T00:31:08.600000Z</time>
        <extensions>
          <gpxtpx:TrackPointExtension>
            <gpxtpx:hr>163</gpxtpx:hr>
          </gpxtpx:TrackPointExtension>
        </extensions>
      </trkpt>
      <trkpt lat="40.004576851620726" lon="116.45547582497981">
        <ele>37.54418680910021</ele>
        <time>1970-01-01T00:31:09.600000Z</time>
        <extensions>
          <gpxtpx:TrackPointExtension>
            <gpxtpx:hr>164</gpxtpx:hr>
          </gpxtpx:TrackPointExtension>
        </extensions>
      </trkpt>
      <trkpt lat="40.004575124001484" lon="116.45550877679365">
        <ele>37.54030135087669</ele>
        <time>1970-01-01T00:31:10.600000Z</time>
        <extensions>
          <gpxtpx:TrackPointExtension>
            <gpxtpx:hr>164</gpxtpx:hr>
          </gpxtpx:TrackPointExtension>
        </extensions>
      </trkpt>
      <trkpt lat="40.00457268003432" lon="116.45554202979163">
        <ele>37.5346409548074</ele>
        <time>1970-01-01T00:31:11.600000Z</time>
        <extensions>
          <gpxtpx:TrackPointExtension>
            <gpxtpx:hr>164</gpxtpx:hr>
          </gpxtpx:TrackPointExtension>
        </extensions>
      </trkpt>
      <trkpt lat="40.00456966641221" lon="116.45557608250348">
        <ele>37.52650628332049</ele>
        <time>1970-01-01T00:31:12.600000Z</time>
        <extensions>
          <gpxtpx:TrackPointExtension>
            <gpxtpx:hr>164</gpxtpx:hr>
          </gpxtpx:TrackPointExtension>
        </extensions>
      </trkpt>
      <trkpt lat="40.004566401863016" lon="116.45561098833211">
        <ele>37.5149087626487</ele>
        <time>1970-01-01T00:31:13.600000Z</time>
        <extensions>
          <gpxtpx:TrackPointExtension>
            <gpxtpx:hr>164</gpxtpx:hr>
          </gpxtpx:TrackPointExtension>
        </extensions>
      </trkpt>
      <trkpt lat="40.00456320719726" lon="116.45564626335909">
        <ele>37.49923701863736</ele>
        <time>1970-01-01T00:31:14.600000Z</time>
        <extensions>
          <gpxtpx:TrackPointExtension>
            <gpxtpx:hr>164</gpxtpx:hr>
          </gpxtpx:TrackPointExtension>
        </extensions>
      </trkpt>
      <trkpt lat="40.00456016435559" lon="116.45568161770974">
        <ele>37.47966404911131</ele>
        <time>1970-01-01T00:31:15.600000Z</time>
        <extensions>
          <gpxtpx:TrackPointExtension>
            <gpxtpx:hr>164</gpxtpx:hr>
          </gpxtpx:TrackPointExtension>
        </extensions>
      </trkpt>
      <trkpt lat="40.00455729499089" lon="116.45571690279986">
        <ele>37.45722902286798</ele>
        <time>1970-01-01T00:31:16.600000Z</time>
        <extensions>
          <gpxtpx:TrackPointExtension>
            <gpxtpx:hr>165</gpxtpx:hr>
          </gpxtpx:TrackPointExtension>
        </extensions>
      </trkpt>
      <trkpt lat="40.00455443300663" lon="116.45575214032401">
        <ele>37.43373712990433</ele>
        <time>1970-01-01T00:31:17.600000Z</time>
        <extensions>
          <gpxtpx:TrackPointExtension>
            <gpxtpx:hr>165</gpxtpx:hr>
          </gpxtpx:TrackPointExtension>
        </extensions>
      </trkpt>
      <trkpt lat="40.00455174509164" lon="116.45578737259211">
        <ele>37.41119740810245</ele>
        <time>1970-01-01T00:31:18.600000Z</time>
        <extensions>
          <gpxtpx:TrackPointExtension>
            <gpxtpx:hr>165</gpxtpx:hr>
          </gpxtpx:TrackPointExtension>
        </extensions>
      </trkpt>
      <trkpt lat="40.004549754954894" lon="116.45582235269575">
        <ele>37.39115291275084</ele>
        <time>1970-01-01T00:31:19.600000Z</time>
        <extensions>
          <gpxtpx:TrackPointExtension>
            <gpxtpx:hr>165</gpxtpx:hr>
          </gpxtpx:TrackPointExtension>
        </extensions>
      </trkpt>
      <trkpt lat="40.0045488904675" lon="116.4558564462329">
        <ele>37.37449463829398</ele>
        <time>1970-01-01T00:31:20.600000Z</time>
        <extensions>
          <gpxtpx:TrackPointExtension>
            <gpxtpx:hr>165</gpxtpx:hr>
          </gpxtpx:TrackPointExtension>
        </extensions>
      </trkpt>
      <trkpt lat="40.0045486236568" lon="116.45588917486735">
        <ele>37.36153685115278</ele>
        <time>1970-01-01T00:31:21.600000Z</time>
        <extensions>
          <gpxtpx:TrackPointExtension>
            <gpxtpx:hr>165</gpxtpx:hr>
          </gpxtpx:TrackPointExtension>
        </extensions>
      </trkpt>
      <trkpt lat="40.00454831371691" lon="116.45592086847532">
        <ele>37.3520690118894</ele>
        <time>1970-01-01T00:31:22.600000Z</time>
        <extensions>
          <gpxtpx:TrackPointExtension>
            <gpxtpx:hr>163</gpxtpx:hr>
          </gpxtpx:TrackPointExtension>
        </extensions>
      </trkpt>
      <trkpt lat="40.00454802989985" lon="116.45595214417772">
        <ele>37.345625936985016</ele>
        <time>1970-01-01T00:31:23.600000Z</time>
        <extensions>
          <gpxtpx:TrackPointExtension>
            <gpxtpx:hr>163</gpxtpx:hr>
          </gpxtpx:TrackPointExtension>
        </extensions>
      </trkpt>
      <trkpt lat="40.00454776736895" lon="116.45598344481941">
        <ele>37.34217697288841</ele>
        <time>1970-01-01T00:31:24.600000Z</time>
        <extensions>
          <gpxtpx:TrackPointExtension>
            <gpxtpx:hr>163</gpxtpx:hr>
          </gpxtpx:TrackPointExtension>
        </extensions>
      </trkpt>
      <trkpt lat="40.004547533462855" lon="116.45601498124063">
        <ele>37.34216966945678</ele>
        <time>1970-01-01T00:31:25.600000Z</time>
        <extensions>
          <gpxtpx:TrackPointExtension>
            <gpxtpx:hr>163</gpxtpx:hr>
          </gpxtpx:TrackPointExtension>
        </extensions>
      </trkpt>
      <trkpt lat="40.00454727058094" lon="116.45604687689195">
        <ele>37.34559589903802</ele>
        <time>1970-01-01T00:31:26.600000Z</time>
        <extensions>
          <gpxtpx:TrackPointExtension>
            <gpxtpx:hr>163</gpxtpx:hr>
          </gpxtpx:TrackPointExtension>
        </extensions>
      </trkpt>
      <trkpt lat="40.004546855362655" lon="116.45607919511508">
        <ele>37.351807499304414</ele>
        <time>1970-01-01T00:31:27.600000Z</time>
        <extensions>
          <gpxtpx:TrackPointExtension>
            <gpxtpx:hr>163</gpxtpx:hr>
          </gpxtpx:TrackPointExtension>
        </extensions>
      </trkpt>
      <trkpt lat="40.004546693931246" lon="116.45611198118428">
        <ele>37.36017271503806</ele>
        <time>1970-01-01T00:31:28.600000Z</time>
        <extensions>
          <gpxtpx:TrackPointExtension>
            <gpxtpx:hr>163</gpxtpx:hr>
          </gpxtpx:TrackPointExtension>
        </extensions>
      </trkpt>
      <trkpt lat="40.004547025032" lon="116.45614525383439">
        <ele>37.370405754074454</ele>
        <time>1970-01-01T00:31:29.600000Z</time>
        <extensions>
          <gpxtpx:TrackPointExtension>
            <gpxtpx:hr>163</gpxtpx:hr>
          </gpxtpx:TrackPointExtension>
        </extensions>
      </trkpt>
      <trkpt lat="40.00454742740791" lon="116.45617870166868">
        <ele>37.38259648438543</ele>
        <time>1970-01-01T00:31:30.600000Z</time>
        <extensions>
          <gpxtpx:TrackPointExtension>
            <gpxtpx:hr>164</gpxtpx:hr>
          </gpxtpx:TrackPointExtension>
        </extensions>
      </trkpt>
      <trkpt lat="40.00454770057691" lon="116.45621229012298">
        <ele>37.397173123434186</ele>
        <time>1970-01-01T00:31:31.600000Z</time>
        <extensions>
          <gpxtpx:TrackPointExtension>
            <gpxtpx:hr>164</gpxtpx:hr>
          </gpxtpx:TrackPointExtension>
        </extensions>
      </trkpt>
      <trkpt lat="40.00454771173314" lon="116.45624617172481">
        <ele>37.41457646153867</ele>
        <time>1970-01-01T00:31:32.600000Z</time>
        <extensions>
          <gpxtpx:TrackPointExtension>
            <gpxtpx:hr>164</gpxtpx:hr>
          </gpxtpx:TrackPointExtension>
        </extensions>
      </trkpt>
      <trkpt lat="40.004547371221115" lon="116.4562804208542">
        <ele>37.434869482181966</ele>
        <time>1970-01-01T00:31:33.600000Z</time>
        <extensions>
          <gpxtpx:TrackPointExtension>
            <gpxtpx:hr>164</gpxtpx:hr>
          </gpxtpx:TrackPointExtension>
        </extensions>
      </trkpt>
      <trkpt lat="40.00454709479745" lon="116.45631505308246">
        <ele>37.45768413785845</ele>
        <time>1970-01-01T00:31:34.600000Z</time>
        <extensions>
          <gpxtpx:TrackPointExtension>
            <gpxtpx:hr>164</gpxtpx:hr>
          </gpxtpx:TrackPointExtension>
        </extensions>
      </trkpt>
      <trkpt lat="40.00454735195803" lon="116.45635003346776">
        <ele>37.48228061757982</ele>
        <time>1970-01-01T00:31:35.600000Z</time>
        <extensions>
          <gpxtpx:TrackPointExtension>
            <gpxtpx:hr>164</gpxtpx:hr>
          </gpxtpx:TrackPointExtension>
        </extensions>
      </trkpt>
      <trkpt lat="40.00454841170575" lon="116.4563851079402">
        <ele>37.507691151462495</ele>
        <time>1970-01-01T00:31:36.600000Z</time>
        <extensions>
          <gpxtpx:TrackPointExtension>
            <gpxtpx:hr>164</gpxtpx:hr>
          </gpxtpx:TrackPointExtension>
        </extensions>
      </trkpt>
      <trkpt lat="40.00455038214696" lon="116.45641964585474">
        <ele>37.53288740105927</ele>
        <time>1970-01-01T00:31:37.600000Z</time>
        <extensions>
          <gpxtpx:TrackPointExtension>
            <gpxtpx:hr>164</gpxtpx:hr>
          </gpxtpx:TrackPointExtension>
        </extensions>
      </trkpt>
      <trkpt lat="40.00455313670701" lon="116.456452913164">
        <ele>37.5566573580727</ele>
        <time>1970-01-01T00:31:38.600000Z</time>
        <extensions>
          <gpxtpx:TrackPointExtension>
            <gpxtpx:hr>164</gpxtpx:hr>
          </gpxtpx:TrackPointExtension>
        </extensions>
      </trkpt>
      <trkpt lat="40.004556609880815" lon="116.45648500943263">
        <ele>37.577397057786584</ele>
        <time>1970-01-01T00:31:39.600000Z</time>
        <extensions>
          <gpxtpx:TrackPointExtension>
            <gpxtpx:hr>164</gpxtpx:hr>
          </gpxtpx:TrackPointExtension>
        </extensions>
      </trkpt>
      <trkpt lat="40.00456071651283" lon="116.45651665711654">
        <ele>37.59325990267098</ele>
        <time>1970-01-01T00:31:40.600000Z</time>
        <extensions>
          <gpxtpx:TrackPointExtension>
            <gpxtpx:hr>164</gpxtpx:hr>
          </gpxtpx:TrackPointExtension>
        </extensions>
      </trkpt>
      <trkpt lat="40.00456524685388" lon="116.45654828498166">
        <ele>37.60271023772657</ele>
        <time>1970-01-01T00:31:41.600000Z</time>
        <extensions>
          <gpxtpx:TrackPointExtension>
            <gpxtpx:hr>164</gpxtpx:hr>
          </gpxtpx:TrackPointExtension>
        </extensions>
      </trkpt>
      <trkpt lat="40.0045699902666" lon="116.45658010437113">
        <ele>37.60507242940366</ele>
        <time>1970-01-01T00:31:42.600000Z</time>
        <extensions>
          <gpxtpx:TrackPointExtension>
            <gpxtpx:hr>164</gpxtpx:hr>
          </gpxtpx:TrackPointExtension>
        </extensions>
      </trkpt>
      <trkpt lat="40.004574810999344" lon="116.45661202995709">
        <ele>37.60064410697669</ele>
        <time>1970-01-01T00:31:43.600000Z</time>
        <extensions>
          <gpxtpx:TrackPointExtension>
            <gpxtpx:hr>164</gpxtpx:hr>
          </gpxtpx:TrackPointExtension>
        </extensions>
      </trkpt>
      <trkpt lat="40.0045796151137" lon="116.45664401749946">
        <ele>37.59049192536622</ele>
        <time>1970-01-01T00:31:44.600000Z</time>
        <extensions>
          <gpxtpx:TrackPointExtension>
            <gpxtpx:hr>164</gpxtpx:hr>
          </gpxtpx:TrackPointExtension>
        </extensions>
      </trkpt>
      <trkpt lat="40.00458459410504" lon="116.45667581898357">
        <ele>37.57619055360556</ele>
        <time>1970-01-01T00:31:45.600000Z</time>
        <extensions>
          <gpxtpx:TrackPointExtension>
            <gpxtpx:hr>164</gpxtpx:hr>
          </gpxtpx:TrackPointExtension>
        </extensions>
      </trkpt>
      <trkpt lat="40.004590107507354" lon="116.45670669714286">
        <ele>37.559400057420135</ele>
        <time>1970-01-01T00:31:46.600000Z</time>
        <extensions>
          <gpxtpx:TrackPointExtension>
            <gpxtpx:hr>164</gpxtpx:hr>
          </gpxtpx:TrackPointExtension>
        </extensions>
      </trkpt>
      <trkpt lat="40.00460009373046" lon="116.4567435337759">
        <ele>37.53598563745618</ele>
        <time>1970-01-01T00:31:47.900000Z</time>
        <extensions>
          <gpxtpx:TrackPointExtension>
            <gpxtpx:hr>164</gpxtpx:hr>
          </gpxtpx:TrackPointExtension>
        </extensions>
      </trkpt>
      <trkpt lat="40.00460927204044" lon="116.45676913641068">
        <ele>37.51838698424399</ele>
        <time>1970-01-01T00:31:48.900000Z</time>
        <extensions>
          <gpxtpx:TrackPointExtension>
            <gpxtpx:hr>164</gpxtpx:hr>
          </gpxtpx:TrackPointExtension>
        </extensions>
      </trkpt>
    </trkseg>
  </trk>
</gpx>