<?xml version="1.0" encoding="UTF-8"?>
<gpx xmlns="http://www.topografix.com/GPX/1/1" xmlns:gpxtpx="http://www.garmin.com/xmlschemas/TrackPointExtension/v1" xmlns:xsi="http://www.w3.org/2001/XMLSchema-instance" xsi:schemaLocation="http://www.topografix.com/GPX/1/1 http://www.topografix.com/GPX/1/1/gpx.xsd" version="1.1" creator="gpx.py -- https://github.com/tkrajina/gpxpy">
  <trk>
    <name>gpx from keep</name>
    <type>Run</type>
    <trkseg>
      <trkpt lat="40.00660897414536" lon="116.45693164864976">
        <ele>37.04371507745236</ele>
        <time>7625-10-27T04:44:32.200012Z</time>
      </trkpt>
      <trkpt lat="40.00659123890387" lon="116.4569258167576">
        <ele>37.05238753184676</ele>
        <time>1970-01-01T00:00:01.200000Z</time>
      </trkpt>
      <trkpt lat="40.0065748781699" lon="116.45692066546914">
        <ele>37.060564102604985</ele>
        <time>1970-01-01T00:00:02.200000Z</time>
      </trkpt>
      <trkpt lat="40.00655776158226" lon="116.45691579618071">
        <ele>37.07025660481304</ele>
        <time>1970-01-01T00:00:03.200000Z</time>
      </trkpt>
      <trkpt lat="40.00654032317581" lon="116.45691139938144">
        <ele>37.08228939399123</ele>
        <time>1970-01-01T00:00:04.200000Z</time>
      </trkpt>
      <trkpt lat="40.006523058559026" lon="116.45690755128295">
        <ele>37.09757502004504</ele>
        <time>1970-01-01T00:00:05.200000Z</time>
      </trkpt>
      <trkpt lat="40.00650328074658" lon="116.45690388512583">
        <ele>37.12270636111498</ele>
        <time>1970-01-01T00:00:06.400000Z</time>
      </trkpt>
      <trkpt lat="40.00648722593044" lon="116.45690204593892">
        <ele>37.149887319654226</ele>
        <time>1970-01-01T00:00:07.400000Z</time>
      </trkpt>
      <trkpt lat="40.006470224706554" lon="116.45690217856311">
        <ele>37.18127619102597</ele>
        <time>1970-01-01T00:00:08.400000Z</time>
      </trkpt>
      <trkpt lat="40.0064517002869" lon="116.45690423398302">
        <ele>37.21482358966023</ele>
        <time>1970-01-01T00:00:09.400000Z</time>
      </trkpt>
      <trkpt lat="40.00643199028381" lon="116.45690650379086">
        <ele>37.24853860680014</ele>
        <time>1970-01-01T00:00:10.400000Z</time>
      </trkpt>
      <trkpt lat="40.00641173509006" lon="116.45690717070386">
        <ele>37.28099984768778</ele>
        <time>1970-01-01T00:00:11.400000Z</time>
      </trkpt>
      <trkpt lat="40.00639124991007" lon="116.45690606678002">
        <ele>37.3113275365904</ele>
        <time>1970-01-01T00:00:12.400000Z</time>
      </trkpt>
      <trkpt lat="40.00637058236245" lon="116.45690436573207">
        <ele>37.339136462658644</ele>
        <time>1970-01-01T00:00:13.400000Z</time>
      </trkpt>
      <trkpt lat="40.006349458319924" lon="116.45690303332395">
        <ele>37.36478553432971</ele>
        <time>1970-01-01T00:00:14.400000Z</time>
      </trkpt>
      <trkpt lat="40.006327739569784" lon="116.456902263513">
        <ele>37.38888364471495</ele>
        <time>1970-01-01T00:00:15.400000Z</time>
      </trkpt>
      <trkpt lat="40.00630562427" lon="116.4569018967217">
        <ele>37.412112563848495</ele>
        <time>1970-01-01T00:00:16.400000Z</time>
      </trkpt>
      <trkpt lat="40.00628324576043" lon="116.45690157711373">
        <ele>37.43510487861931</ele>
        <time>1970-01-01T00:00:17.400000Z</time>
      </trkpt>
      <trkpt lat="40.006260664023436" lon="116.45690093525101">
        <ele>37.45839705131948</ele>
        <time>1970-01-01T00:00:18.400000Z</time>
      </trkpt>
      <trkpt lat="40.0062379469651" lon="116.45690013924096">
        <ele>37.482451868243515</ele>
        <time>1970-01-01T00:00:19.400000Z</time>
      </trkpt>
      <trkpt lat="40.00621514144964" lon="116.45689933114791">
        <ele>37.507742727175355</ele>
        <time>1970-01-01T00:00:20.400000Z</time>
      </trkpt>
      <trkpt lat="40.00619223297589" lon="116.45689838698047">
        <ele>37.534285271540284</ele>
        <time>1970-01-01T00:00:21.400000Z</time>
      </trkpt>
      <trkpt lat="40.006169219505246" lon="116.45689748793725">
        <ele>37.56220398563892</ele>
        <time>1970-01-01T00:00:22.400000Z</time>
      </trkpt>
      <trkpt lat="40.006146173628615" lon="116.4568969232687">
        <ele>37.59129023272544</ele>
        <time>1970-01-01T00:00:23.400000Z</time>
      </trkpt>
      <trkpt lat="40.00612316510715" lon="116.45689682242069">
        <ele>37.62097613606602</ele>
        <time>1970-01-01T00:00:24.400000Z</time>
      </trkpt>
      <trkpt lat="40.00610020775162" lon="116.45689728211558">
        <ele>37.65076429396868</ele>
        <time>1970-01-01T00:00:25.400000Z</time>
      </trkpt>
      <trkpt lat="40.006077288533" lon="116.45689851041384">
        <ele>37.67998066265136</ele>
        <time>1970-01-01T00:00:26.400000Z</time>
      </trkpt>
      <trkpt lat="40.00605448435772" lon="116.45690049543526">
        <ele>37.708238770253956</ele>
        <time>1970-01-01T00:00:27.400000Z</time>
      </trkpt>
      <trkpt lat="40.006031975268094" lon="116.45690301657945">
        <ele>37.735245446674526</ele>
        <time>1970-01-01T00:00:28.400000Z</time>
      </trkpt>
      <trkpt lat="40.00600980063712" lon="116.45690599247956">
        <ele>37.76090704090893</ele>
        <time>1970-01-01T00:00:29.400000Z</time>
      </trkpt>
      <trkpt lat="40.00598782146014" lon="116.45690907481698">
        <ele>37.7853028671816</ele>
        <time>1970-01-01T00:00:30.400000Z</time>
      </trkpt>
      <trkpt lat="40.00596592520011" lon="116.45691161099242">
        <ele>37.808644755743444</ele>
        <time>1970-01-01T00:00:31.400000Z</time>
      </trkpt>
      <trkpt lat="40.00594411717959" lon="116.45691322063502">
        <ele>37.831271989271045</ele>
        <time>1970-01-01T00:00:32.400000Z</time>
      </trkpt>
      <trkpt lat="40.00592239227646" lon="116.4569140922464">
        <ele>37.8536338750273</ele>
        <time>1970-01-01T00:00:33.400000Z</time>
      </trkpt>
      <trkpt lat="40.005900549064364" lon="116.45691447767838">
        <ele>37.87625971250236</ele>
        <time>1970-01-01T00:00:34.400000Z</time>
      </trkpt>
      <trkpt lat="40.00587855384268" lon="116.45691453172248">
        <ele>37.89973615203053</ele>
        <time>1970-01-01T00:00:35.400000Z</time>
      </trkpt>
      <trkpt lat="40.005856399049435" lon="116.45691432331058">
        <ele>37.92474235408008</ele>
        <time>1970-01-01T00:00:36.400000Z</time>
      </trkpt>
      <trkpt lat="40.00583418008275" lon="116.4569139387137">
        <ele>37.9519999967888</ele>
        <time>1970-01-01T00:00:37.400000Z</time>
      </trkpt>
      <trkpt lat="40.00581214083553" lon="116.45691333849473">
        <ele>37.98205042164773</ele>
        <time>1970-01-01T00:00:38.400000Z</time>
      </trkpt>
      <trkpt lat="40.00579029390746" lon="116.4569125328393">
        <ele>38.01499154791236</ele>
        <time>1970-01-01T00:00:39.400000Z</time>
      </trkpt>
      <trkpt lat="40.005768608753876" lon="116.45691157128019">
        <ele>38.05039170663804</ele>
        <time>1970-01-01T00:00:40.400000Z</time>
      </trkpt>
      <trkpt lat="40.005746962900936" lon="116.45691051562737">
        <ele>38.08756666537374</ele>
        <time>1970-01-01T00:00:41.400000Z</time>
      </trkpt>
      <trkpt lat="40.005725206425026" lon="116.45690939695817">
        <ele>38.12600096222013</ele>
        <time>1970-01-01T00:00:42.400000Z</time>
      </trkpt>
      <trkpt lat="40.00570341163132" lon="116.4569082840521">
        <ele>38.165345628745854</ele>
        <time>1970-01-01T00:00:43.400000Z</time>
      </trkpt>
      <trkpt lat="40.005681713364496" lon="116.45690725901208">
        <ele>38.20513272751123</ele>
        <time>1970-01-01T00:00:44.400000Z</time>
      </trkpt>
      <trkpt lat="40.005660100922555" lon="116.45690638952264">
        <ele>38.24468144867569</ele>
        <time>1970-01-01T00:00:45.400000Z</time>
      </trkpt>
      <trkpt lat="40.00563829897622" lon="116.4569057715817">
        <ele>38.28325938247144</ele>
        <time>1970-01-01T00:00:46.400000Z</time>
      </trkpt>
      <trkpt lat="40.005616282756556" lon="116.456905510912">
        <ele>38.320405752398074</ele>
        <time>1970-01-01T00:00:47.400000Z</time>
      </trkpt>
      <trkpt lat="40.005594096034294" lon="116.45690574387964">
        <ele>38.356021793559194</ele>
        <time>1970-01-01T00:00:48.400000Z</time>
      </trkpt>
      <trkpt lat="40.005571714787905" lon="116.45690647651666">
        <ele>38.39011543802917</ele>
        <time>1970-01-01T00:00:49.400000Z</time>
      </trkpt>
      <trkpt lat="40.00554918502139" lon="116.45690768286215">
        <ele>38.422519019804895</ele>
        <time>1970-01-01T00:00:50.400000Z</time>
      </trkpt>
      <trkpt lat="40.00552650038328" lon="116.45690943259382">
        <ele>38.45272660255432</ele>
        <time>1970-01-01T00:00:51.400000Z</time>
      </trkpt>
      <trkpt lat="40.00550378619323" lon="116.45691169321393">
        <ele>38.48000966478139</ele>
        <time>1970-01-01T00:00:52.400000Z</time>
      </trkpt>
      <trkpt lat="40.00548118356143" lon="116.45691426655472">
        <ele>38.50374164711684</ele>
        <time>1970-01-01T00:00:53.400000Z</time>
      </trkpt>
      <trkpt lat="40.00545874888963" lon="116.45691696274885">
        <ele>38.52360455598682</ele>
        <time>1970-01-01T00:00:54.400000Z</time>
        <extensions>
          <gpxtpx:TrackPointExtension>
            <gpxtpx:hr>111</gpxtpx:hr>
          </gpxtpx:TrackPointExtension>
        </extensions>
      </trkpt>
      <trkpt lat="40.00543654604125" lon="116.45691961695128">
        <ele>38.539578408934176</ele>
        <time>1970-01-01T00:00:55.400000Z</time>
        <extensions>
          <gpxtpx:TrackPointExtension>
            <gpxtpx:hr>111</gpxtpx:hr>
          </gpxtpx:TrackPointExtension>
        </extensions>
      </trkpt>
      <trkpt lat="40.00541467186337" lon="116.45692205976283">
        <ele>38.55181172210723</ele>
        <time>1970-01-01T00:00:56.400000Z</time>
        <extensions>
          <gpxtpx:TrackPointExtension>
            <gpxtpx:hr>111</gpxtpx:hr>
          </gpxtpx:TrackPointExtension>
        </extensions>
      </trkpt>
      <trkpt lat="40.00539305624612" lon="116.45692415008588">
        <ele>38.56066010799259</ele>
        <time>1970-01-01T00:00:57.400000Z</time>
        <extensions>
          <gpxtpx:TrackPointExtension>
            <gpxtpx:hr>111</gpxtpx:hr>
          </gpxtpx:TrackPointExtension>
        </extensions>
      </trkpt>
      <trkpt lat="40.005371578307994" lon="116.45692583666414">
        <ele>38.56682555936277</ele>
        <time>1970-01-01T00:00:58.400000Z</time>
        <extensions>
          <gpxtpx:TrackPointExtension>
            <gpxtpx:hr>111</gpxtpx:hr>
          </gpxtpx:TrackPointExtension>
        </extensions>
      </trkpt>
      <trkpt lat="40.005350195643636" lon="116.45692733419317">
        <ele>38.57122842501849</ele>
        <time>1970-01-01T00:00:59.400000Z</time>
        <extensions>
          <gpxtpx:TrackPointExtension>
            <gpxtpx:hr>111</gpxtpx:hr>
          </gpxtpx:TrackPointExtension>
        </extensions>
      </trkpt>
      <trkpt lat="40.00532875885635" lon="116.4569291347025">
        <ele>38.57486729789525</ele>
        <time>1970-01-01T00:01:00.400000Z</time>
        <extensions>
          <gpxtpx:TrackPointExtension>
            <gpxtpx:hr>111</gpxtpx:hr>
          </gpxtpx:TrackPointExtension>
        </extensions>
      </trkpt>
      <trkpt lat="40.00530698454841" lon="116.45693149641255">
        <ele>38.57849736139178</ele>
        <time>1970-01-01T00:01:01.400000Z</time>
        <extensions>
          <gpxtpx:TrackPointExtension>
            <gpxtpx:hr>111</gpxtpx:hr>
          </gpxtpx:TrackPointExtension>
        </extensions>
      </trkpt>
      <trkpt lat="40.0052847339571" lon="116.45693446572187">
        <ele>38.582320949062705</ele>
        <time>1970-01-01T00:01:02.400000Z</time>
        <extensions>
          <gpxtpx:TrackPointExtension>
            <gpxtpx:hr>111</gpxtpx:hr>
          </gpxtpx:TrackPointExtension>
        </extensions>
      </trkpt>
      <trkpt lat="40.005262012956365" lon="116.45693775205139">
        <ele>38.585953273810446</ele>
        <time>1970-01-01T00:01:03.400000Z</time>
        <extensions>
          <gpxtpx:TrackPointExtension>
            <gpxtpx:hr>111</gpxtpx:hr>
          </gpxtpx:TrackPointExtension>
        </extensions>
      </trkpt>
      <trkpt lat="40.00523900687736" lon="116.45694087134005">
        <ele>38.58872727584094</ele>
        <time>1970-01-01T00:01:04.400000Z</time>
        <extensions>
          <gpxtpx:TrackPointExtension>
            <gpxtpx:hr>111</gpxtpx:hr>
          </gpxtpx:TrackPointExtension>
        </extensions>
      </trkpt>
      <trkpt lat="40.00521626572752" lon="116.45694347763016">
        <ele>38.59011248964816</ele>
        <time>1970-01-01T00:01:05.400000Z</time>
        <extensions>
          <gpxtpx:TrackPointExtension>
            <gpxtpx:hr>111</gpxtpx:hr>
          </gpxtpx:TrackPointExtension>
        </extensions>
      </trkpt>
      <trkpt lat="40.005194535450926" lon="116.45694555545218">
        <ele>38.59024620242417</ele>
        <time>1970-01-01T00:01:06.400000Z</time>
        <extensions>
          <gpxtpx:TrackPointExtension>
            <gpxtpx:hr>112</gpxtpx:hr>
          </gpxtpx:TrackPointExtension>
        </extensions>
      </trkpt>
      <trkpt lat="40.00517419308754" lon="116.4569470846859">
        <ele>38.590138788335025</ele>
        <time>1970-01-01T00:01:07.400000Z</time>
        <extensions>
          <gpxtpx:TrackPointExtension>
            <gpxtpx:hr>112</gpxtpx:hr>
          </gpxtpx:TrackPointExtension>
        </extensions>
      </trkpt>
      <trkpt lat="40.00515411750591" lon="116.45694832004953">
        <ele>38.591225375421345</ele>
        <time>1970-01-01T00:01:08.400000Z</time>
        <extensions>
          <gpxtpx:TrackPointExtension>
            <gpxtpx:hr>112</gpxtpx:hr>
          </gpxtpx:TrackPointExtension>
        </extensions>
      </trkpt>
      <trkpt lat="40.00513264350879" lon="116.45694942556999">
        <ele>38.59463413525373</ele>
        <time>1970-01-01T00:01:09.400000Z</time>
        <extensions>
          <gpxtpx:TrackPointExtension>
            <gpxtpx:hr>111</gpxtpx:hr>
          </gpxtpx:TrackPointExtension>
        </extensions>
      </trkpt>
      <trkpt lat="40.005109373295404" lon="116.45695012651699">
        <ele>38.600495719350874</ele>
        <time>1970-01-01T00:01:10.400000Z</time>
        <extensions>
          <gpxtpx:TrackPointExtension>
            <gpxtpx:hr>111</gpxtpx:hr>
          </gpxtpx:TrackPointExtension>
        </extensions>
      </trkpt>
      <trkpt lat="40.00508481117662" lon="116.45695023319544">
        <ele>38.607940894551575</ele>
        <time>1970-01-01T00:01:11.400000Z</time>
        <extensions>
          <gpxtpx:TrackPointExtension>
            <gpxtpx:hr>111</gpxtpx:hr>
          </gpxtpx:TrackPointExtension>
        </extensions>
      </trkpt>
      <trkpt lat="40.00505965874301" lon="116.45694981551667">
        <ele>38.61527244374156</ele>
        <time>1970-01-01T00:01:12.400000Z</time>
        <extensions>
          <gpxtpx:TrackPointExtension>
            <gpxtpx:hr>114</gpxtpx:hr>
          </gpxtpx:TrackPointExtension>
        </extensions>
      </trkpt>
      <trkpt lat="40.00503447923992" lon="116.4569490448001">
        <ele>38.62000907771289</ele>
        <time>1970-01-01T00:01:13.400000Z</time>
        <extensions>
          <gpxtpx:TrackPointExtension>
            <gpxtpx:hr>114</gpxtpx:hr>
          </gpxtpx:TrackPointExtension>
        </extensions>
      </trkpt>
      <trkpt lat="40.00500976460182" lon="116.45694814374919">
        <ele>38.6188313215971</ele>
        <time>1970-01-01T00:01:14.400000Z</time>
        <extensions>
          <gpxtpx:TrackPointExtension>
            <gpxtpx:hr>114</gpxtpx:hr>
          </gpxtpx:TrackPointExtension>
        </extensions>
      </trkpt>
      <trkpt lat="40.00498565488093" lon="116.45694738114345">
        <ele>38.60930163227022</ele>
        <time>1970-01-01T00:01:15.400000Z</time>
        <extensions>
          <gpxtpx:TrackPointExtension>
            <gpxtpx:hr>114</gpxtpx:hr>
          </gpxtpx:TrackPointExtension>
        </extensions>
      </trkpt>
      <trkpt lat="40.00496199988838" lon="116.45694692501971">
        <ele>38.59006389416754</ele>
        <time>1970-01-01T00:01:16.400000Z</time>
        <extensions>
          <gpxtpx:TrackPointExtension>
            <gpxtpx:hr>114</gpxtpx:hr>
          </gpxtpx:TrackPointExtension>
        </extensions>
      </trkpt>
      <trkpt lat="40.004938791917425" lon="116.45694696387953">
        <ele>38.56174600403756</ele>
        <time>1970-01-01T00:01:17.400000Z</time>
        <extensions>
          <gpxtpx:TrackPointExtension>
            <gpxtpx:hr>114</gpxtpx:hr>
          </gpxtpx:TrackPointExtension>
        </extensions>
      </trkpt>
      <trkpt lat="40.00491618181199" lon="116.4569476801512">
        <ele>38.525995132513344</ele>
        <time>1970-01-01T00:01:18.400000Z</time>
        <extensions>
          <gpxtpx:TrackPointExtension>
            <gpxtpx:hr>113</gpxtpx:hr>
          </gpxtpx:TrackPointExtension>
        </extensions>
      </trkpt>
      <trkpt lat="40.00489388617951" lon="116.45694920907499">
        <ele>38.484700535424054</ele>
        <time>1970-01-01T00:01:19.400000Z</time>
        <extensions>
          <gpxtpx:TrackPointExtension>
            <gpxtpx:hr>113</gpxtpx:hr>
          </gpxtpx:TrackPointExtension>
        </extensions>
      </trkpt>
      <trkpt lat="40.00487167528511" lon="116.456951565407">
        <ele>38.439987106248736</ele>
        <time>1970-01-01T00:01:20.400000Z</time>
        <extensions>
          <gpxtpx:TrackPointExtension>
            <gpxtpx:hr>113</gpxtpx:hr>
          </gpxtpx:TrackPointExtension>
        </extensions>
      </trkpt>
      <trkpt lat="40.00484982656324" lon="116.45695458921628">
        <ele>38.39395925682038</ele>
        <time>1970-01-01T00:01:21.400000Z</time>
        <extensions>
          <gpxtpx:TrackPointExtension>
            <gpxtpx:hr>113</gpxtpx:hr>
          </gpxtpx:TrackPointExtension>
        </extensions>
      </trkpt>
      <trkpt lat="40.00482863429147" lon="116.45695808036848">
        <ele>38.3483087066561</ele>
        <time>1970-01-01T00:01:22.400000Z</time>
        <extensions>
          <gpxtpx:TrackPointExtension>
            <gpxtpx:hr>113</gpxtpx:hr>
          </gpxtpx:TrackPointExtension>
        </extensions>
      </trkpt>
      <trkpt lat="40.00480809180951" lon="116.45696174643324">
        <ele>38.30507439002395</ele>
        <time>1970-01-01T00:01:23.400000Z</time>
        <extensions>
          <gpxtpx:TrackPointExtension>
            <gpxtpx:hr>113</gpxtpx:hr>
          </gpxtpx:TrackPointExtension>
        </extensions>
      </trkpt>
      <trkpt lat="40.00478771721554" lon="116.45696524802855">
        <ele>38.26611275039613</ele>
        <time>1970-01-01T00:01:24.400000Z</time>
        <extensions>
          <gpxtpx:TrackPointExtension>
            <gpxtpx:hr>112</gpxtpx:hr>
          </gpxtpx:TrackPointExtension>
        </extensions>
      </trkpt>
      <trkpt lat="40.00476700563513" lon="116.45696858724267">
        <ele>38.23238733317703</ele>
        <time>1970-01-01T00:01:25.400000Z</time>
        <extensions>
          <gpxtpx:TrackPointExtension>
            <gpxtpx:hr>112</gpxtpx:hr>
          </gpxtpx:TrackPointExtension>
        </extensions>
      </trkpt>
      <trkpt lat="40.00474590853835" lon="116.4569714782512">
        <ele>38.20426263194531</ele>
        <time>1970-01-01T00:01:26.400000Z</time>
        <extensions>
          <gpxtpx:TrackPointExtension>
            <gpxtpx:hr>112</gpxtpx:hr>
          </gpxtpx:TrackPointExtension>
        </extensions>
      </trkpt>
      <trkpt lat="40.00472446387205" lon="116.45697339825426">
        <ele>38.18150136899203</ele>
        <time>1970-01-01T00:01:27.400000Z</time>
        <extensions>
          <gpxtpx:TrackPointExtension>
            <gpxtpx:hr>112</gpxtpx:hr>
          </gpxtpx:TrackPointExtension>
        </extensions>
      </trkpt>
      <trkpt lat="40.004702714715535" lon="116.45697407640601">
        <ele>38.16365542076528</ele>
        <time>1970-01-01T00:01:28.400000Z</time>
        <extensions>
          <gpxtpx:TrackPointExtension>
            <gpxtpx:hr>112</gpxtpx:hr>
          </gpxtpx:TrackPointExtension>
        </extensions>
      </trkpt>
      <trkpt lat="40.00468080504099" lon="116.4569734546424">
        <ele>38.15036911983043</ele>
        <time>1970-01-01T00:01:29.400000Z</time>
        <extensions>
          <gpxtpx:TrackPointExtension>
            <gpxtpx:hr>114</gpxtpx:hr>
          </gpxtpx:TrackPointExtension>
        </extensions>
      </trkpt>
      <trkpt lat="40.00465919912561" lon="116.45697157468739">
        <ele>38.14121560100466</ele>
        <time>1970-01-01T00:01:30.400000Z</time>
        <extensions>
          <gpxtpx:TrackPointExtension>
            <gpxtpx:hr>114</gpxtpx:hr>
          </gpxtpx:TrackPointExtension>
        </extensions>
      </trkpt>
      <trkpt lat="40.004638200660146" lon="116.4569685109764">
        <ele>38.13547393120825</ele>
        <time>1970-01-01T00:01:31.400000Z</time>
        <extensions>
          <gpxtpx:TrackPointExtension>
            <gpxtpx:hr>114</gpxtpx:hr>
          </gpxtpx:TrackPointExtension>
        </extensions>
      </trkpt>
      <trkpt lat="40.00461784386865" lon="116.45696409983015">
        <ele>38.132625938393176</ele>
        <time>1970-01-01T00:01:32.400000Z</time>
        <extensions>
          <gpxtpx:TrackPointExtension>
            <gpxtpx:hr>114</gpxtpx:hr>
          </gpxtpx:TrackPointExtension>
        </extensions>
      </trkpt>
      <trkpt lat="40.00459851482564" lon="116.45695753146728">
        <ele>38.132643555291</ele>
        <time>1970-01-01T00:01:33.400000Z</time>
        <extensions>
          <gpxtpx:TrackPointExtension>
            <gpxtpx:hr>114</gpxtpx:hr>
          </gpxtpx:TrackPointExtension>
        </extensions>
      </trkpt>
      <trkpt lat="40.004581002690664" lon="116.45694698841803">
        <ele>38.13599204365164</ele>
        <time>1970-01-01T00:01:34.400000Z</time>
        <extensions>
          <gpxtpx:TrackPointExtension>
            <gpxtpx:hr>112</gpxtpx:hr>
          </gpxtpx:TrackPointExtension>
        </extensions>
      </trkpt>
      <trkpt lat="40.004566517901615" lon="116.45693073069798">
        <ele>38.14295291155577</ele>
        <time>1970-01-01T00:01:35.400000Z</time>
        <extensions>
          <gpxtpx:TrackPointExtension>
            <gpxtpx:hr>112</gpxtpx:hr>
          </gpxtpx:TrackPointExtension>
        </extensions>
      </trkpt>
      <trkpt lat="40.00455615019784" lon="116.45690859182137">
        <ele>38.15340865775943</ele>
        <time>1970-01-01T00:01:36.400000Z</time>
        <extensions>
          <gpxtpx:TrackPointExtension>
            <gpxtpx:hr>112</gpxtpx:hr>
          </gpxtpx:TrackPointExtension>
        </extensions>
      </trkpt>
      <trkpt lat="40.00454988058057" lon="116.45688174016944">
        <ele>38.167032988741994</ele>
        <time>1970-01-01T00:01:37.400000Z</time>
        <extensions>
          <gpxtpx:TrackPointExtension>
            <gpxtpx:hr>112</gpxtpx:hr>
          </gpxtpx:TrackPointExtension>
        </extensions>
      </trkpt>
      <trkpt lat="40.00454611174134" lon="116.45685212860799">
        <ele>38.18325350712985</ele>
        <time>1970-01-01T00:01:38.400000Z</time>
        <extensions>
          <gpxtpx:TrackPointExtension>
            <gpxtpx:hr>112</gpxtpx:hr>
          </gpxtpx:TrackPointExtension>
        </extensions>
      </trkpt>
      <trkpt lat="40.00454365325181" lon="116.4568212313435">
        <ele>38.20238918811083</ele>
        <time>1970-01-01T00:01:39.400000Z</time>
        <extensions>
          <gpxtpx:TrackPointExtension>
            <gpxtpx:hr>112</gpxtpx:hr>
          </gpxtpx:TrackPointExtension>
        </extensions>
      </trkpt>
      <trkpt lat="40.00454216202342" lon="116.45678999768893">
        <ele>38.2232928564772</ele>
        <time>1970-01-01T00:01:40.400000Z</time>
        <extensions>
          <gpxtpx:TrackPointExtension>
            <gpxtpx:hr>122</gpxtpx:hr>
          </gpxtpx:TrackPointExtension>
        </extensions>
      </trkpt>
      <trkpt lat="40.004541147651736" lon="116.45675902140174">
        <ele>38.246252407319844</ele>
        <time>1970-01-01T00:01:41.400000Z</time>
        <extensions>
          <gpxtpx:TrackPointExtension>
            <gpxtpx:hr>122</gpxtpx:hr>
          </gpxtpx:TrackPointExtension>
        </extensions>
      </trkpt>
      <trkpt lat="40.00454017477611" lon="116.45672846580905">
        <ele>38.270684317685664</ele>
        <time>1970-01-01T00:01:42.400000Z</time>
        <extensions>
          <gpxtpx:TrackPointExtension>
            <gpxtpx:hr>122</gpxtpx:hr>
          </gpxtpx:TrackPointExtension>
        </extensions>
      </trkpt>
      <trkpt lat="40.00453891002016" lon="116.456697810143">
        <ele>38.29618017934263</ele>
        <time>1970-01-01T00:01:43.400000Z</time>
        <extensions>
          <gpxtpx:TrackPointExtension>
            <gpxtpx:hr>122</gpxtpx:hr>
          </gpxtpx:TrackPointExtension>
        </extensions>
      </trkpt>
      <trkpt lat="40.00453699739064" lon="116.45666682585654">
        <ele>38.32190550118685</ele>
        <time>1970-01-01T00:01:44.400000Z</time>
        <extensions>
          <gpxtpx:TrackPointExtension>
            <gpxtpx:hr>122</gpxtpx:hr>
          </gpxtpx:TrackPointExtension>
        </extensions>
      </trkpt>
      <trkpt lat="40.00453411791521" lon="116.45663599341417">
        <ele>38.346824487671256</ele>
        <time>1970-01-01T00:01:45.400000Z</time>
        <extensions>
          <gpxtpx:TrackPointExtension>
            <gpxtpx:hr>122</gpxtpx:hr>
          </gpxtpx:TrackPointExtension>
        </extensions>
      </trkpt>
      <trkpt lat="40.00453020483583" lon="116.45660513535844">
        <ele>38.37058129534125</ele>
        <time>1970-01-01T00:01:46.400000Z</time>
        <extensions>
          <gpxtpx:TrackPointExtension>
            <gpxtpx:hr>122</gpxtpx:hr>
          </gpxtpx:TrackPointExtension>
        </extensions>
      </trkpt>
      <trkpt lat="40.00452532242048" lon="116.4565741551104">
        <ele>38.39302061032504</ele>
        <time>1970-01-01T00:01:47.400000Z</time>
        <extensions>
          <gpxtpx:TrackPointExtension>
            <gpxtpx:hr>122</gpxtpx:hr>
          </gpxtpx:TrackPointExtension>
        </extensions>
      </trkpt>
      <trkpt lat="40.004519792206146" lon="116.45654319715729">
        <ele>38.413841258734465</ele>
        <time>1970-01-01T00:01:48.400000Z</time>
        <extensions>
          <gpxtpx:TrackPointExtension>
            <gpxtpx:hr>122</gpxtpx:hr>
          </gpxtpx:TrackPointExtension>
        </extensions>
      </trkpt>
      <trkpt lat="40.0045139604373" lon="116.45651224449624">
        <ele>38.43228542432189</ele>
        <time>1970-01-01T00:01:49.400000Z</time>
        <extensions>
          <gpxtpx:TrackPointExtension>
            <gpxtpx:hr>122</gpxtpx:hr>
          </gpxtpx:TrackPointExtension>
        </extensions>
      </trkpt>
      <trkpt lat="40.00450817080881" lon="116.45648108650327">
        <ele>38.4480791548267</ele>
        <time>1970-01-01T00:01:50.400000Z</time>
        <extensions>
          <gpxtpx:TrackPointExtension>
            <gpxtpx:hr>122</gpxtpx:hr>
          </gpxtpx:TrackPointExtension>
        </extensions>
      </trkpt>
      <trkpt lat="40.004502753267765" lon="116.4564496358391">
        <ele>38.46104254759848</ele>
        <time>1970-01-01T00:01:51.400000Z</time>
        <extensions>
          <gpxtpx:TrackPointExtension>
            <gpxtpx:hr>122</gpxtpx:hr>
          </gpxtpx:TrackPointExtension>
        </extensions>
      </trkpt>
      <trkpt lat="40.004497982866674" lon="116.45641767271903">
        <ele>38.47129731345922</ele>
        <time>1970-01-01T00:01:52.400000Z</time>
        <extensions>
          <gpxtpx:TrackPointExtension>
            <gpxtpx:hr>122</gpxtpx:hr>
          </gpxtpx:TrackPointExtension>
        </extensions>
      </trkpt>
      <trkpt lat="40.004494034562214" lon="116.45638524478825">
        <ele>38.478992560878396</ele>
        <time>1970-01-01T00:01:53.400000Z</time>
        <extensions>
          <gpxtpx:TrackPointExtension>
            <gpxtpx:hr>122</gpxtpx:hr>
          </gpxtpx:TrackPointExtension>
        </extensions>
      </trkpt>
      <trkpt lat="40.00449089521268" lon="116.45635231293512">
        <ele>38.48428639676422</ele>
        <time>1970-01-01T00:01:54.400000Z</time>
        <extensions>
          <gpxtpx:TrackPointExtension>
            <gpxtpx:hr>122</gpxtpx:hr>
          </gpxtpx:TrackPointExtension>
        </extensions>
      </trkpt>
      <trkpt lat="40.00448854425636" lon="116.4563185719268">
        <ele>38.48718246817589</ele>
        <time>1970-01-01T00:01:55.400000Z</time>
        <extensions>
          <gpxtpx:TrackPointExtension>
            <gpxtpx:hr>122</gpxtpx:hr>
          </gpxtpx:TrackPointExtension>
        </extensions>
      </trkpt>
      <trkpt lat="40.00448685399705" lon="116.45628395708391">
        <ele>38.48739790357649</ele>
        <time>1970-01-01T00:01:56.400000Z</time>
        <extensions>
          <gpxtpx:TrackPointExtension>
            <gpxtpx:hr>122</gpxtpx:hr>
          </gpxtpx:TrackPointExtension>
        </extensions>
      </trkpt>
      <trkpt lat="40.00448562015405" lon="116.45624896029639">
        <ele>38.48531092517078</ele>
        <time>1970-01-01T00:01:57.400000Z</time>
        <extensions>
          <gpxtpx:TrackPointExtension>
            <gpxtpx:hr>122</gpxtpx:hr>
          </gpxtpx:TrackPointExtension>
        </extensions>
      </trkpt>
      <trkpt lat="40.004484649670175" lon="116.4562143056197">
        <ele>38.48100624792278</ele>
        <time>1970-01-01T00:01:58.400000Z</time>
        <extensions>
          <gpxtpx:TrackPointExtension>
            <gpxtpx:hr>122</gpxtpx:hr>
          </gpxtpx:TrackPointExtension>
        </extensions>
      </trkpt>
      <trkpt lat="40.00448402553151" lon="116.45618036066733">
        <ele>38.47463184501976</ele>
        <time>1970-01-01T00:01:59.400000Z</time>
        <extensions>
          <gpxtpx:TrackPointExtension>
            <gpxtpx:hr>124</gpxtpx:hr>
          </gpxtpx:TrackPointExtension>
        </extensions>
      </trkpt>
      <trkpt lat="40.00448381859755" lon="116.45614738137432">
        <ele>38.465594448149204</ele>
        <time>1970-01-01T00:02:00.400000Z</time>
        <extensions>
          <gpxtpx:TrackPointExtension>
            <gpxtpx:hr>124</gpxtpx:hr>
          </gpxtpx:TrackPointExtension>
        </extensions>
      </trkpt>
      <trkpt lat="40.004484073023455" lon="116.45611525065263">
        <ele>38.453699542209506</ele>
        <time>1970-01-01T00:02:01.400000Z</time>
        <extensions>
          <gpxtpx:TrackPointExtension>
            <gpxtpx:hr>124</gpxtpx:hr>
          </gpxtpx:TrackPointExtension>
        </extensions>
      </trkpt>
      <trkpt lat="40.004484762493284" lon="116.45608373127634">
        <ele>38.43870510067791</ele>
        <time>1970-01-01T00:02:02.400000Z</time>
        <extensions>
          <gpxtpx:TrackPointExtension>
            <gpxtpx:hr>124</gpxtpx:hr>
          </gpxtpx:TrackPointExtension>
        </extensions>
      </trkpt>
      <trkpt lat="40.00448589605477" lon="116.45605256330272">
        <ele>38.42082090768963</ele>
        <time>1970-01-01T00:02:03.400000Z</time>
        <extensions>
          <gpxtpx:TrackPointExtension>
            <gpxtpx:hr>124</gpxtpx:hr>
          </gpxtpx:TrackPointExtension>
        </extensions>
      </trkpt>
      <trkpt lat="40.00448748974746" lon="116.45602174596263">
        <ele>38.40022951271385</ele>
        <time>1970-01-01T00:02:04.400000Z</time>
        <extensions>
          <gpxtpx:TrackPointExtension>
            <gpxtpx:hr>124</gpxtpx:hr>
          </gpxtpx:TrackPointExtension>
        </extensions>
      </trkpt>
      <trkpt lat="40.00448947949604" lon="116.45599084671483">
        <ele>38.37759013287723</ele>
        <time>1970-01-01T00:02:05.400000Z</time>
        <extensions>
          <gpxtpx:TrackPointExtension>
            <gpxtpx:hr>124</gpxtpx:hr>
          </gpxtpx:TrackPointExtension>
        </extensions>
      </trkpt>
      <trkpt lat="40.00449188678809" lon="116.45595930427473">
        <ele>38.353929825127125</ele>
        <time>1970-01-01T00:02:06.400000Z</time>
        <extensions>
          <gpxtpx:TrackPointExtension>
            <gpxtpx:hr>124</gpxtpx:hr>
          </gpxtpx:TrackPointExtension>
        </extensions>
      </trkpt>
      <trkpt lat="40.0044946647484" lon="116.45592720999802">
        <ele>38.33026375994086</ele>
        <time>1970-01-01T00:02:07.400000Z</time>
        <extensions>
          <gpxtpx:TrackPointExtension>
            <gpxtpx:hr>124</gpxtpx:hr>
          </gpxtpx:TrackPointExtension>
        </extensions>
      </trkpt>
      <trkpt lat="40.00449764761848" lon="116.45589513864613">
        <ele>38.30721481703222</ele>
        <time>1970-01-01T00:02:08.400000Z</time>
        <extensions>
          <gpxtpx:TrackPointExtension>
            <gpxtpx:hr>124</gpxtpx:hr>
          </gpxtpx:TrackPointExtension>
        </extensions>
      </trkpt>
      <trkpt lat="40.004500549444124" lon="116.45586353046204">
        <ele>38.28453761711717</ele>
        <time>1970-01-01T00:02:09.400000Z</time>
        <extensions>
          <gpxtpx:TrackPointExtension>
            <gpxtpx:hr>128</gpxtpx:hr>
          </gpxtpx:TrackPointExtension>
        </extensions>
      </trkpt>
      <trkpt lat="40.00450334925548" lon="116.45583253794763">
        <ele>38.26280490681529</ele>
        <time>1970-01-01T00:02:10.400000Z</time>
        <extensions>
          <gpxtpx:TrackPointExtension>
            <gpxtpx:hr>128</gpxtpx:hr>
          </gpxtpx:TrackPointExtension>
        </extensions>
      </trkpt>
      <trkpt lat="40.00450608295376" lon="116.4558021338777">
        <ele>38.24219044856727</ele>
        <time>1970-01-01T00:02:11.400000Z</time>
        <extensions>
          <gpxtpx:TrackPointExtension>
            <gpxtpx:hr>128</gpxtpx:hr>
          </gpxtpx:TrackPointExtension>
        </extensions>
      </trkpt>
      <trkpt lat="40.00450884745094" lon="116.45577183058677">
        <ele>38.222010294906795</ele>
        <time>1970-01-01T00:02:12.400000Z</time>
        <extensions>
          <gpxtpx:TrackPointExtension>
            <gpxtpx:hr>128</gpxtpx:hr>
          </gpxtpx:TrackPointExtension>
        </extensions>
      </trkpt>
      <trkpt lat="40.00451164698745" lon="116.45574146302664">
        <ele>38.20334119070321</ele>
        <time>1970-01-01T00:02:13.400000Z</time>
        <extensions>
          <gpxtpx:TrackPointExtension>
            <gpxtpx:hr>128</gpxtpx:hr>
          </gpxtpx:TrackPointExtension>
        </extensions>
      </trkpt>
      <trkpt lat="40.00451440605043" lon="116.45571114959898">
        <ele>38.186718174256384</ele>
        <time>1970-01-01T00:02:14.400000Z</time>
        <extensions>
          <gpxtpx:TrackPointExtension>
            <gpxtpx:hr>128</gpxtpx:hr>
          </gpxtpx:TrackPointExtension>
        </extensions>
      </trkpt>
      <trkpt lat="40.004516919437044" lon="116.45568085175438">
        <ele>38.17219865974039</ele>
        <time>1970-01-01T00:02:15.400000Z</time>
        <extensions>
          <gpxtpx:TrackPointExtension>
            <gpxtpx:hr>130</gpxtpx:hr>
          </gpxtpx:TrackPointExtension>
        </extensions>
      </trkpt>
      <trkpt lat="40.004519008302864" lon="116.45565041278998">
        <ele>38.15979784540832</ele>
        <time>1970-01-01T00:02:16.400000Z</time>
        <extensions>
          <gpxtpx:TrackPointExtension>
            <gpxtpx:hr>130</gpxtpx:hr>
          </gpxtpx:TrackPointExtension>
        </extensions>
      </trkpt>
      <trkpt lat="40.0045206597368" lon="116.45561959157386">
        <ele>38.14919155277312</ele>
        <time>1970-01-01T00:02:17.400000Z</time>
        <extensions>
          <gpxtpx:TrackPointExtension>
            <gpxtpx:hr>130</gpxtpx:hr>
          </gpxtpx:TrackPointExtension>
        </extensions>
      </trkpt>
      <trkpt lat="40.0045218672419" lon="116.45558800337332">
        <ele>38.140247428789735</ele>
        <time>1970-01-01T00:02:18.400000Z</time>
        <extensions>
          <gpxtpx:TrackPointExtension>
            <gpxtpx:hr>130</gpxtpx:hr>
          </gpxtpx:TrackPointExtension>
        </extensions>
      </trkpt>
      <trkpt lat="40.00452261250215" lon="116.45555578947743">
        <ele>38.13237168453634</ele>
        <time>1970-01-01T00:02:19.400000Z</time>
        <extensions>
          <gpxtpx:TrackPointExtension>
            <gpxtpx:hr>134</gpxtpx:hr>
          </gpxtpx:TrackPointExtension>
        </extensions>
      </trkpt>
      <trkpt lat="40.004522782065145" lon="116.45552331993223">
        <ele>38.125068918801844</ele>
        <time>1970-01-01T00:02:20.400000Z</time>
        <extensions>
          <gpxtpx:TrackPointExtension>
            <gpxtpx:hr>134</gpxtpx:hr>
          </gpxtpx:TrackPointExtension>
        </extensions>
      </trkpt>
      <trkpt lat="40.00452232389105" lon="116.45549074169041">
        <ele>38.11808374337852</ele>
        <time>1970-01-01T00:02:21.400000Z</time>
        <extensions>
          <gpxtpx:TrackPointExtension>
            <gpxtpx:hr>134</gpxtpx:hr>
          </gpxtpx:TrackPointExtension>
        </extensions>
      </trkpt>
      <trkpt lat="40.004521169587626" lon="116.45545785632129">
        <ele>38.111099747009575</ele>
        <time>1970-01-01T00:02:22.400000Z</time>
        <extensions>
          <gpxtpx:TrackPointExtension>
            <gpxtpx:hr>134</gpxtpx:hr>
          </gpxtpx:TrackPointExtension>
        </extensions>
      </trkpt>
      <trkpt lat="40.00451954631655" lon="116.45542450080912">
        <ele>38.10392745863646</ele>
        <time>1970-01-01T00:02:23.400000Z</time>
        <extensions>
          <gpxtpx:TrackPointExtension>
            <gpxtpx:hr>134</gpxtpx:hr>
          </gpxtpx:TrackPointExtension>
        </extensions>
      </trkpt>
      <trkpt lat="40.00451764917364" lon="116.4553907867977">
        <ele>38.09665212035179</ele>
        <time>1970-01-01T00:02:24.500000Z</time>
        <extensions>
          <gpxtpx:TrackPointExtension>
            <gpxtpx:hr>134</gpxtpx:hr>
          </gpxtpx:TrackPointExtension>
        </extensions>
      </trkpt>
      <trkpt lat="40.004515544470614" lon="116.45535673793087">
        <ele>38.088891522958875</ele>
        <time>1970-01-01T00:02:25.500000Z</time>
        <extensions>
          <gpxtpx:TrackPointExtension>
            <gpxtpx:hr>134</gpxtpx:hr>
          </gpxtpx:TrackPointExtension>
        </extensions>
      </trkpt>
      <trkpt lat="40.00451318494904" lon="116.45532271905394">
        <ele>38.080592004582286</ele>
        <time>1970-01-01T00:02:26.500000Z</time>
        <extensions>
          <gpxtpx:TrackPointExtension>
            <gpxtpx:hr>134</gpxtpx:hr>
          </gpxtpx:TrackPointExtension>
        </extensions>
      </trkpt>
      <trkpt lat="40.004510474784816" lon="116.45528895373734">
        <ele>38.071680654771626</ele>
        <time>1970-01-01T00:02:27.500000Z</time>
        <extensions>
          <gpxtpx:TrackPointExtension>
            <gpxtpx:hr>134</gpxtpx:hr>
          </gpxtpx:TrackPointExtension>
        </extensions>
      </trkpt>
      <trkpt lat="40.004507266263495" lon="116.45525554407509">
        <ele>38.06440557260066</ele>
        <time>1970-01-01T00:02:28.500000Z</time>
        <extensions>
          <gpxtpx:TrackPointExtension>
            <gpxtpx:hr>134</gpxtpx:hr>
          </gpxtpx:TrackPointExtension>
        </extensions>
      </trkpt>
      <trkpt lat="40.00450317029681" lon="116.45522278382983">
        <ele>38.0579570652917</ele>
        <time>1970-01-01T00:02:29.500000Z</time>
        <extensions>
          <gpxtpx:TrackPointExtension>
            <gpxtpx:hr>136</gpxtpx:hr>
          </gpxtpx:TrackPointExtension>
        </extensions>
      </trkpt>
      <trkpt lat="40.004497960801885" lon="116.45519078342484">
        <ele>38.05356805957854</ele>
        <time>1970-01-01T00:02:30.500000Z</time>
        <extensions>
          <gpxtpx:TrackPointExtension>
            <gpxtpx:hr>136</gpxtpx:hr>
          </gpxtpx:TrackPointExtension>
        </extensions>
      </trkpt>
      <trkpt lat="40.00449171675161" lon="116.45515910171656">
        <ele>38.05181260127574</ele>
        <time>1970-01-01T00:02:31.500000Z</time>
        <extensions>
          <gpxtpx:TrackPointExtension>
            <gpxtpx:hr>136</gpxtpx:hr>
          </gpxtpx:TrackPointExtension>
        </extensions>
      </trkpt>
      <trkpt lat="40.004484509010304" lon="116.45512773813928">
        <ele>38.0528335981071</ele>
        <time>1970-01-01T00:02:32.500000Z</time>
        <extensions>
          <gpxtpx:TrackPointExtension>
            <gpxtpx:hr>136</gpxtpx:hr>
          </gpxtpx:TrackPointExtension>
        </extensions>
      </trkpt>
      <trkpt lat="40.004476334594585" lon="116.45509699304701">
        <ele>38.05640053842217</ele>
        <time>1970-01-01T00:02:33.500000Z</time>
        <extensions>
          <gpxtpx:TrackPointExtension>
            <gpxtpx:hr>136</gpxtpx:hr>
          </gpxtpx:TrackPointExtension>
        </extensions>
      </trkpt>
      <trkpt lat="40.004467301423624" lon="116.4550668108518">
        <ele>38.06251314096153</ele>
        <time>1970-01-01T00:02:34.500000Z</time>
        <extensions>
          <gpxtpx:TrackPointExtension>
            <gpxtpx:hr>136</gpxtpx:hr>
          </gpxtpx:TrackPointExtension>
        </extensions>
      </trkpt>
      <trkpt lat="40.00445734695544" lon="116.45503674299835">
        <ele>38.071064098738134</ele>
        <time>1970-01-01T00:02:35.500000Z</time>
        <extensions>
          <gpxtpx:TrackPointExtension>
            <gpxtpx:hr>136</gpxtpx:hr>
          </gpxtpx:TrackPointExtension>
        </extensions>
      </trkpt>
      <trkpt lat="40.00444679583144" lon="116.45500677275353">
        <ele>38.082099094986916</ele>
        <time>1970-01-01T00:02:36.500000Z</time>
        <extensions>
          <gpxtpx:TrackPointExtension>
            <gpxtpx:hr>136</gpxtpx:hr>
          </gpxtpx:TrackPointExtension>
        </extensions>
      </trkpt>
      <trkpt lat="40.00443617318373" lon="116.45497737467822">
        <ele>38.09563881531358</ele>
        <time>1970-01-01T00:02:37.500000Z</time>
        <extensions>
          <gpxtpx:TrackPointExtension>
            <gpxtpx:hr>136</gpxtpx:hr>
          </gpxtpx:TrackPointExtension>
        </extensions>
      </trkpt>
      <trkpt lat="40.004425570271465" lon="116.45494830877068">
        <ele>38.11131696216762</ele>
        <time>1970-01-01T00:02:38.500000Z</time>
        <extensions>
          <gpxtpx:TrackPointExtension>
            <gpxtpx:hr>136</gpxtpx:hr>
          </gpxtpx:TrackPointExtension>
        </extensions>
      </trkpt>
      <trkpt lat="40.00441491734843" lon="116.45491930696879">
        <ele>38.12874057237059</ele>
        <time>1970-01-01T00:02:39.500000Z</time>
        <extensions>
          <gpxtpx:TrackPointExtension>
            <gpxtpx:hr>135</gpxtpx:hr>
          </gpxtpx:TrackPointExtension>
        </extensions>
      </trkpt>
      <trkpt lat="40.0044042336153" lon="116.45489055567248">
        <ele>38.14724654983729</ele>
        <time>1970-01-01T00:02:40.500000Z</time>
        <extensions>
          <gpxtpx:TrackPointExtension>
            <gpxtpx:hr>135</gpxtpx:hr>
          </gpxtpx:TrackPointExtension>
        </extensions>
      </trkpt>
      <trkpt lat="40.0043936922861" lon="116.45486250000934">
        <ele>38.16613927856088</ele>
        <time>1970-01-01T00:02:41.500000Z</time>
        <extensions>
          <gpxtpx:TrackPointExtension>
            <gpxtpx:hr>135</gpxtpx:hr>
          </gpxtpx:TrackPointExtension>
        </extensions>
      </trkpt>
      <trkpt lat="40.004383230627454" lon="116.45483488918983">
        <ele>38.184953031130135</ele>
        <time>1970-01-01T00:02:42.500000Z</time>
        <extensions>
          <gpxtpx:TrackPointExtension>
            <gpxtpx:hr>135</gpxtpx:hr>
          </gpxtpx:TrackPointExtension>
        </extensions>
      </trkpt>
      <trkpt lat="40.00437283315208" lon="116.45480733637808">
        <ele>38.20340464450419</ele>
        <time>1970-01-01T00:02:43.500000Z</time>
        <extensions>
          <gpxtpx:TrackPointExtension>
            <gpxtpx:hr>135</gpxtpx:hr>
          </gpxtpx:TrackPointExtension>
        </extensions>
      </trkpt>
      <trkpt lat="40.00436258968151" lon="116.45477967113521">
        <ele>38.22087202221155</ele>
        <time>1970-01-01T00:02:44.500000Z</time>
        <extensions>
          <gpxtpx:TrackPointExtension>
            <gpxtpx:hr>135</gpxtpx:hr>
          </gpxtpx:TrackPointExtension>
        </extensions>
      </trkpt>
      <trkpt lat="40.00435244339436" lon="116.45475188771668">
        <ele>38.23710669204593</ele>
        <time>1970-01-01T00:02:45.500000Z</time>
        <extensions>
          <gpxtpx:TrackPointExtension>
            <gpxtpx:hr>135</gpxtpx:hr>
          </gpxtpx:TrackPointExtension>
        </extensions>
      </trkpt>
      <trkpt lat="40.004342198510265" lon="116.45472392228808">
        <ele>38.25162392947823</ele>
        <time>1970-01-01T00:02:46.500000Z</time>
        <extensions>
          <gpxtpx:TrackPointExtension>
            <gpxtpx:hr>135</gpxtpx:hr>
          </gpxtpx:TrackPointExtension>
        </extensions>
      </trkpt>
      <trkpt lat="40.00433176281391" lon="116.45469557026755">
        <ele>38.26497342064977</ele>
        <time>1970-01-01T00:02:47.500000Z</time>
        <extensions>
          <gpxtpx:TrackPointExtension>
            <gpxtpx:hr>135</gpxtpx:hr>
          </gpxtpx:TrackPointExtension>
        </extensions>
      </trkpt>
      <trkpt lat="40.00432118104914" lon="116.4546666309962">
        <ele>38.27765653748065</ele>
        <time>1970-01-01T00:02:48.500000Z</time>
        <extensions>
          <gpxtpx:TrackPointExtension>
            <gpxtpx:hr>134</gpxtpx:hr>
          </gpxtpx:TrackPointExtension>
        </extensions>
      </trkpt>
      <trkpt lat="40.00431072104763" lon="116.454637164967">
        <ele>38.28967815171927</ele>
        <time>1970-01-01T00:02:49.500000Z</time>
        <extensions>
          <gpxtpx:TrackPointExtension>
            <gpxtpx:hr>134</gpxtpx:hr>
          </gpxtpx:TrackPointExtension>
        </extensions>
      </trkpt>
      <trkpt lat="40.004300578724695" lon="116.45460747460525">
        <ele>38.301637863740325</ele>
        <time>1970-01-01T00:02:50.500000Z</time>
        <extensions>
          <gpxtpx:TrackPointExtension>
            <gpxtpx:hr>134</gpxtpx:hr>
          </gpxtpx:TrackPointExtension>
        </extensions>
      </trkpt>
      <trkpt lat="40.004290950418934" lon="116.45457762342087">
        <ele>38.31382401660085</ele>
        <time>1970-01-01T00:02:51.500000Z</time>
        <extensions>
          <gpxtpx:TrackPointExtension>
            <gpxtpx:hr>134</gpxtpx:hr>
          </gpxtpx:TrackPointExtension>
        </extensions>
      </trkpt>
      <trkpt lat="40.00428204700141" lon="116.45454764900602">
        <ele>38.32709788996726</ele>
        <time>1970-01-01T00:02:52.500000Z</time>
        <extensions>
          <gpxtpx:TrackPointExtension>
            <gpxtpx:hr>134</gpxtpx:hr>
          </gpxtpx:TrackPointExtension>
        </extensions>
      </trkpt>
      <trkpt lat="40.00427384013151" lon="116.45451722348068">
        <ele>38.34201744385064</ele>
        <time>1970-01-01T00:02:53.500000Z</time>
        <extensions>
          <gpxtpx:TrackPointExtension>
            <gpxtpx:hr>134</gpxtpx:hr>
          </gpxtpx:TrackPointExtension>
        </extensions>
      </trkpt>
      <trkpt lat="40.00426619911122" lon="116.45448612447068">
        <ele>38.35943982936442</ele>
        <time>1970-01-01T00:02:54.500000Z</time>
        <extensions>
          <gpxtpx:TrackPointExtension>
            <gpxtpx:hr>134</gpxtpx:hr>
          </gpxtpx:TrackPointExtension>
        </extensions>
      </trkpt>
      <trkpt lat="40.004258861326825" lon="116.45445450215882">
        <ele>38.38020416814834</ele>
        <time>1970-01-01T00:02:55.500000Z</time>
        <extensions>
          <gpxtpx:TrackPointExtension>
            <gpxtpx:hr>134</gpxtpx:hr>
          </gpxtpx:TrackPointExtension>
        </extensions>
      </trkpt>
      <trkpt lat="40.004251615990775" lon="116.454422781167">
        <ele>38.4048888515681</ele>
        <time>1970-01-01T00:02:56.500000Z</time>
        <extensions>
          <gpxtpx:TrackPointExtension>
            <gpxtpx:hr>134</gpxtpx:hr>
          </gpxtpx:TrackPointExtension>
        </extensions>
      </trkpt>
      <trkpt lat="40.00424451359384" lon="116.4543907771704">
        <ele>38.434015238657594</ele>
        <time>1970-01-01T00:02:57.500000Z</time>
        <extensions>
          <gpxtpx:TrackPointExtension>
            <gpxtpx:hr>134</gpxtpx:hr>
          </gpxtpx:TrackPointExtension>
        </extensions>
      </trkpt>
      <trkpt lat="40.004237752737126" lon="116.45435816553422">
        <ele>38.467822899110615</ele>
        <time>1970-01-01T00:02:58.500000Z</time>
        <extensions>
          <gpxtpx:TrackPointExtension>
            <gpxtpx:hr>134</gpxtpx:hr>
          </gpxtpx:TrackPointExtension>
        </extensions>
      </trkpt>
      <trkpt lat="40.00423150606477" lon="116.45432515241947">
        <ele>38.50619513913989</ele>
        <time>1970-01-01T00:02:59.500000Z</time>
        <extensions>
          <gpxtpx:TrackPointExtension>
            <gpxtpx:hr>134</gpxtpx:hr>
          </gpxtpx:TrackPointExtension>
        </extensions>
      </trkpt>
      <trkpt lat="40.00422601259715" lon="116.45429216138452">
        <ele>38.548829048871994</ele>
        <time>1970-01-01T00:03:00.500000Z</time>
        <extensions>
          <gpxtpx:TrackPointExtension>
            <gpxtpx:hr>134</gpxtpx:hr>
          </gpxtpx:TrackPointExtension>
        </extensions>
      </trkpt>
      <trkpt lat="40.00422103931916" lon="116.45425969051136">
        <ele>38.5950704049319</ele>
        <time>1970-01-01T00:03:01.500000Z</time>
        <extensions>
          <gpxtpx:TrackPointExtension>
            <gpxtpx:hr>134</gpxtpx:hr>
          </gpxtpx:TrackPointExtension>
        </extensions>
      </trkpt>
      <trkpt lat="40.00421610931507" lon="116.4542277684078">
        <ele>38.64422383811325</ele>
        <time>1970-01-01T00:03:02.500000Z</time>
        <extensions>
          <gpxtpx:TrackPointExtension>
            <gpxtpx:hr>134</gpxtpx:hr>
          </gpxtpx:TrackPointExtension>
        </extensions>
      </trkpt>
      <trkpt lat="40.00421069675527" lon="116.45419610221437">
        <ele>38.695642437785864</ele>
        <time>1970-01-01T00:03:03.500000Z</time>
        <extensions>
          <gpxtpx:TrackPointExtension>
            <gpxtpx:hr>134</gpxtpx:hr>
          </gpxtpx:TrackPointExtension>
        </extensions>
      </trkpt>
      <trkpt lat="40.004204276713246" lon="116.45416461471915">
        <ele>38.7488221116364</ele>
        <time>1970-01-01T00:03:04.500000Z</time>
        <extensions>
          <gpxtpx:TrackPointExtension>
            <gpxtpx:hr>134</gpxtpx:hr>
          </gpxtpx:TrackPointExtension>
        </extensions>
      </trkpt>
      <trkpt lat="40.0041965404481" lon="116.45413385124228">
        <ele>38.80296156927943</ele>
        <time>1970-01-01T00:03:05.500000Z</time>
        <extensions>
          <gpxtpx:TrackPointExtension>
            <gpxtpx:hr>135</gpxtpx:hr>
          </gpxtpx:TrackPointExtension>
        </extensions>
      </trkpt>
      <trkpt lat="40.00418750461088" lon="116.45410399877862">
        <ele>38.857818556018174</ele>
        <time>1970-01-01T00:03:06.500000Z</time>
        <extensions>
          <gpxtpx:TrackPointExtension>
            <gpxtpx:hr>135</gpxtpx:hr>
          </gpxtpx:TrackPointExtension>
        </extensions>
      </trkpt>
      <trkpt lat="40.00417762580138" lon="116.45407482840206">
        <ele>38.913169090636075</ele>
        <time>1970-01-01T00:03:07.500000Z</time>
        <extensions>
          <gpxtpx:TrackPointExtension>
            <gpxtpx:hr>135</gpxtpx:hr>
          </gpxtpx:TrackPointExtension>
        </extensions>
      </trkpt>
      <trkpt lat="40.00416703323192" lon="116.45404581525021">
        <ele>38.96851448621601</ele>
        <time>1970-01-01T00:03:08.500000Z</time>
        <extensions>
          <gpxtpx:TrackPointExtension>
            <gpxtpx:hr>135</gpxtpx:hr>
          </gpxtpx:TrackPointExtension>
        </extensions>
      </trkpt>
      <trkpt lat="40.00415561926292" lon="116.45401654052195">
        <ele>39.02374533098191</ele>
        <time>1970-01-01T00:03:09.500000Z</time>
        <extensions>
          <gpxtpx:TrackPointExtension>
            <gpxtpx:hr>135</gpxtpx:hr>
          </gpxtpx:TrackPointExtension>
        </extensions>
      </trkpt>
      <trkpt lat="40.00414338660234" lon="116.45398723014124">
        <ele>39.07810294628143</ele>
        <time>1970-01-01T00:03:10.500000Z</time>
        <extensions>
          <gpxtpx:TrackPointExtension>
            <gpxtpx:hr>137</gpxtpx:hr>
          </gpxtpx:TrackPointExtension>
        </extensions>
      </trkpt>
      <trkpt lat="40.00413042571105" lon="116.45395812389825">
        <ele>39.131154626607895</ele>
        <time>1970-01-01T00:03:11.500000Z</time>
        <extensions>
          <gpxtpx:TrackPointExtension>
            <gpxtpx:hr>137</gpxtpx:hr>
          </gpxtpx:TrackPointExtension>
        </extensions>
      </trkpt>
      <trkpt lat="40.00411677236725" lon="116.45392947799091">
        <ele>39.18215770367533</ele>
        <time>1970-01-01T00:03:12.500000Z</time>
        <extensions>
          <gpxtpx:TrackPointExtension>
            <gpxtpx:hr>137</gpxtpx:hr>
          </gpxtpx:TrackPointExtension>
        </extensions>
      </trkpt>
      <trkpt lat="40.00410254133177" lon="116.4539012775775">
        <ele>39.23067540675402</ele>
        <time>1970-01-01T00:03:13.500000Z</time>
        <extensions>
          <gpxtpx:TrackPointExtension>
            <gpxtpx:hr>137</gpxtpx:hr>
          </gpxtpx:TrackPointExtension>
        </extensions>
      </trkpt>
      <trkpt lat="40.004087989336014" lon="116.4538733830095">
        <ele>39.27650188468397</ele>
        <time>1970-01-01T00:03:14.500000Z</time>
        <extensions>
          <gpxtpx:TrackPointExtension>
            <gpxtpx:hr>137</gpxtpx:hr>
          </gpxtpx:TrackPointExtension>
        </extensions>
      </trkpt>
      <trkpt lat="40.00407314816516" lon="116.45384580724698">
        <ele>39.319325283169746</ele>
        <time>1970-01-01T00:03:15.500000Z</time>
        <extensions>
          <gpxtpx:TrackPointExtension>
            <gpxtpx:hr>137</gpxtpx:hr>
          </gpxtpx:TrackPointExtension>
        </extensions>
      </trkpt>
      <trkpt lat="40.004058182228945" lon="116.45381877516785">
        <ele>39.35959489457309</ele>
        <time>1970-01-01T00:03:16.500000Z</time>
        <extensions>
          <gpxtpx:TrackPointExtension>
            <gpxtpx:hr>137</gpxtpx:hr>
          </gpxtpx:TrackPointExtension>
        </extensions>
      </trkpt>
      <trkpt lat="40.004043101417295" lon="116.45379219263414">
        <ele>39.398060764186084</ele>
        <time>1970-01-01T00:03:17.500000Z</time>
        <extensions>
          <gpxtpx:TrackPointExtension>
            <gpxtpx:hr>137</gpxtpx:hr>
          </gpxtpx:TrackPointExtension>
        </extensions>
      </trkpt>
      <trkpt lat="40.004027857509264" lon="116.45376556442598">
        <ele>39.43530500959605</ele>
        <time>1970-01-01T00:03:18.500000Z</time>
        <extensions>
          <gpxtpx:TrackPointExtension>
            <gpxtpx:hr>137</gpxtpx:hr>
          </gpxtpx:TrackPointExtension>
        </extensions>
      </trkpt>
      <trkpt lat="40.004012456904256" lon="116.45373870499948">
        <ele>39.472169493325055</ele>
        <time>1970-01-01T00:03:19.500000Z</time>
        <extensions>
          <gpxtpx:TrackPointExtension>
            <gpxtpx:hr>137</gpxtpx:hr>
          </gpxtpx:TrackPointExtension>
        </extensions>
      </trkpt>
      <trkpt lat="40.00399688893072" lon="116.45371162983709">
        <ele>39.50929978583008</ele>
        <time>1970-01-01T00:03:20.500000Z</time>
        <extensions>
          <gpxtpx:TrackPointExtension>
            <gpxtpx:hr>137</gpxtpx:hr>
          </gpxtpx:TrackPointExtension>
        </extensions>
      </trkpt>
      <trkpt lat="40.0039813774959" lon="116.45368482982379">
        <ele>39.546491525135934</ele>
        <time>1970-01-01T00:03:21.500000Z</time>
        <extensions>
          <gpxtpx:TrackPointExtension>
            <gpxtpx:hr>137</gpxtpx:hr>
          </gpxtpx:TrackPointExtension>
        </extensions>
      </trkpt>
      <trkpt lat="40.003966049247346" lon="116.45365851809657">
        <ele>39.58371301461011</ele>
        <time>1970-01-01T00:03:22.500000Z</time>
        <extensions>
          <gpxtpx:TrackPointExtension>
            <gpxtpx:hr>137</gpxtpx:hr>
          </gpxtpx:TrackPointExtension>
        </extensions>
      </trkpt>
      <trkpt lat="40.00395088742584" lon="116.45363259844694">
        <ele>39.620371920987964</ele>
        <time>1970-01-01T00:03:23.500000Z</time>
        <extensions>
          <gpxtpx:TrackPointExtension>
            <gpxtpx:hr>137</gpxtpx:hr>
          </gpxtpx:TrackPointExtension>
        </extensions>
      </trkpt>
      <trkpt lat="40.00393581653022" lon="116.45360697948493">
        <ele>39.656063050962985</ele>
        <time>1970-01-01T00:03:24.500000Z</time>
        <extensions>
          <gpxtpx:TrackPointExtension>
            <gpxtpx:hr>137</gpxtpx:hr>
          </gpxtpx:TrackPointExtension>
        </extensions>
      </trkpt>
      <trkpt lat="40.00392078663435" lon="116.45358126269765">
        <ele>39.69039549306035</ele>
        <time>1970-01-01T00:03:25.500000Z</time>
        <extensions>
          <gpxtpx:TrackPointExtension>
            <gpxtpx:hr>137</gpxtpx:hr>
          </gpxtpx:TrackPointExtension>
        </extensions>
      </trkpt>
      <trkpt lat="40.00390549997922" lon="116.4535549093138">
        <ele>39.722539350390434</ele>
        <time>1970-01-01T00:03:26.500000Z</time>
        <extensions>
          <gpxtpx:TrackPointExtension>
            <gpxtpx:hr>137</gpxtpx:hr>
          </gpxtpx:TrackPointExtension>
        </extensions>
      </trkpt>
      <trkpt lat="40.003889809607706" lon="116.45352773738296">
        <ele>39.75177016388625</ele>
        <time>1970-01-01T00:03:27.500000Z</time>
        <extensions>
          <gpxtpx:TrackPointExtension>
            <gpxtpx:hr>138</gpxtpx:hr>
          </gpxtpx:TrackPointExtension>
        </extensions>
      </trkpt>
      <trkpt lat="40.00387382193898" lon="116.45350012457247">
        <ele>39.7772263251245</ele>
        <time>1970-01-01T00:03:28.500000Z</time>
        <extensions>
          <gpxtpx:TrackPointExtension>
            <gpxtpx:hr>138</gpxtpx:hr>
          </gpxtpx:TrackPointExtension>
        </extensions>
      </trkpt>
      <trkpt lat="40.003857706416994" lon="116.45347221079744">
        <ele>39.798085750080645</ele>
        <time>1970-01-01T00:03:29.500000Z</time>
        <extensions>
          <gpxtpx:TrackPointExtension>
            <gpxtpx:hr>138</gpxtpx:hr>
          </gpxtpx:TrackPointExtension>
        </extensions>
      </trkpt>
      <trkpt lat="40.00384175476412" lon="116.45344413876563">
        <ele>39.813986871391535</ele>
        <time>1970-01-01T00:03:30.500000Z</time>
        <extensions>
          <gpxtpx:TrackPointExtension>
            <gpxtpx:hr>138</gpxtpx:hr>
          </gpxtpx:TrackPointExtension>
        </extensions>
      </trkpt>
      <trkpt lat="40.00382609669805" lon="116.45341621418949">
        <ele>39.824171943590045</ele>
        <time>1970-01-01T00:03:31.500000Z</time>
        <extensions>
          <gpxtpx:TrackPointExtension>
            <gpxtpx:hr>138</gpxtpx:hr>
          </gpxtpx:TrackPointExtension>
        </extensions>
      </trkpt>
      <trkpt lat="40.003810859725945" lon="116.45338870568791">
        <ele>39.82814611308277</ele>
        <time>1970-01-01T00:03:32.500000Z</time>
        <extensions>
          <gpxtpx:TrackPointExtension>
            <gpxtpx:hr>138</gpxtpx:hr>
          </gpxtpx:TrackPointExtension>
        </extensions>
      </trkpt>
      <trkpt lat="40.003796034168225" lon="116.4533616703435">
        <ele>39.825482421554625</ele>
        <time>1970-01-01T00:03:33.500000Z</time>
        <extensions>
          <gpxtpx:TrackPointExtension>
            <gpxtpx:hr>138</gpxtpx:hr>
          </gpxtpx:TrackPointExtension>
        </extensions>
      </trkpt>
      <trkpt lat="40.003781477111545" lon="116.45333550161205">
        <ele>39.816457161679864</ele>
        <time>1970-01-01T00:03:34.500000Z</time>
        <extensions>
          <gpxtpx:TrackPointExtension>
            <gpxtpx:hr>140</gpxtpx:hr>
          </gpxtpx:TrackPointExtension>
        </extensions>
      </trkpt>
      <trkpt lat="40.003766878057256" lon="116.45331038129791">
        <ele>39.80101743526757</ele>
        <time>1970-01-01T00:03:35.500000Z</time>
        <extensions>
          <gpxtpx:TrackPointExtension>
            <gpxtpx:hr>140</gpxtpx:hr>
          </gpxtpx:TrackPointExtension>
        </extensions>
      </trkpt>
      <trkpt lat="40.00375179044249" lon="116.4532856470076">
        <ele>39.77977782301605</ele>
        <time>1970-01-01T00:03:36.500000Z</time>
        <extensions>
          <gpxtpx:TrackPointExtension>
            <gpxtpx:hr>140</gpxtpx:hr>
          </gpxtpx:TrackPointExtension>
        </extensions>
      </trkpt>
      <trkpt lat="40.00373571850702" lon="116.45326080821583">
        <ele>39.753329114057124</ele>
        <time>1970-01-01T00:03:37.500000Z</time>
        <extensions>
          <gpxtpx:TrackPointExtension>
            <gpxtpx:hr>140</gpxtpx:hr>
          </gpxtpx:TrackPointExtension>
        </extensions>
      </trkpt>
      <trkpt lat="40.00371855691306" lon="116.45323600796796">
        <ele>39.721987021155655</ele>
        <time>1970-01-01T00:03:38.500000Z</time>
        <extensions>
          <gpxtpx:TrackPointExtension>
            <gpxtpx:hr>140</gpxtpx:hr>
          </gpxtpx:TrackPointExtension>
        </extensions>
      </trkpt>
      <trkpt lat="40.00370054922004" lon="116.45321158582125">
        <ele>39.68488038145006</ele>
        <time>1970-01-01T00:03:39.500000Z</time>
        <extensions>
          <gpxtpx:TrackPointExtension>
            <gpxtpx:hr>140</gpxtpx:hr>
          </gpxtpx:TrackPointExtension>
        </extensions>
      </trkpt>
      <trkpt lat="40.00368212080588" lon="116.45318755362392">
        <ele>39.64409608952701</ele>
        <time>1970-01-01T00:03:40.500000Z</time>
        <extensions>
          <gpxtpx:TrackPointExtension>
            <gpxtpx:hr>141</gpxtpx:hr>
          </gpxtpx:TrackPointExtension>
        </extensions>
      </trkpt>
      <trkpt lat="40.00366378783066" lon="116.4531638732665">
        <ele>39.59898934792727</ele>
        <time>1970-01-01T00:03:41.500000Z</time>
        <extensions>
          <gpxtpx:TrackPointExtension>
            <gpxtpx:hr>141</gpxtpx:hr>
          </gpxtpx:TrackPointExtension>
        </extensions>
      </trkpt>
      <trkpt lat="40.003645727652135" lon="116.45314019646975">
        <ele>39.5503333825618</ele>
        <time>1970-01-01T00:03:42.500000Z</time>
        <extensions>
          <gpxtpx:TrackPointExtension>
            <gpxtpx:hr>141</gpxtpx:hr>
          </gpxtpx:TrackPointExtension>
        </extensions>
      </trkpt>
      <trkpt lat="40.00362796494299" lon="116.4531159143653">
        <ele>39.497479977086186</ele>
        <time>1970-01-01T00:03:43.500000Z</time>
        <extensions>
          <gpxtpx:TrackPointExtension>
            <gpxtpx:hr>141</gpxtpx:hr>
          </gpxtpx:TrackPointExtension>
        </extensions>
      </trkpt>
      <trkpt lat="40.00361078281015" lon="116.45309072645743">
        <ele>39.44011925254017</ele>
        <time>1970-01-01T00:03:44.500000Z</time>
        <extensions>
          <gpxtpx:TrackPointExtension>
            <gpxtpx:hr>142</gpxtpx:hr>
          </gpxtpx:TrackPointExtension>
        </extensions>
      </trkpt>
      <trkpt lat="40.00359478767024" lon="116.45306466728827">
        <ele>39.37978858500719</ele>
        <time>1970-01-01T00:03:45.500000Z</time>
        <extensions>
          <gpxtpx:TrackPointExtension>
            <gpxtpx:hr>142</gpxtpx:hr>
          </gpxtpx:TrackPointExtension>
        </extensions>
      </trkpt>
      <trkpt lat="40.00358023490567" lon="116.45303742485422">
        <ele>39.3183285323903</ele>
        <time>1970-01-01T00:03:46.500000Z</time>
        <extensions>
          <gpxtpx:TrackPointExtension>
            <gpxtpx:hr>142</gpxtpx:hr>
          </gpxtpx:TrackPointExtension>
        </extensions>
      </trkpt>
      <trkpt lat="40.00356689143353" lon="116.45300913180517">
        <ele>39.253303011879325</ele>
        <time>1970-01-01T00:03:47.500000Z</time>
        <extensions>
          <gpxtpx:TrackPointExtension>
            <gpxtpx:hr>142</gpxtpx:hr>
          </gpxtpx:TrackPointExtension>
        </extensions>
      </trkpt>
      <trkpt lat="40.00355416152969" lon="116.4529807089863">
        <ele>39.18641041778028</ele>
        <time>1970-01-01T00:03:48.500000Z</time>
        <extensions>
          <gpxtpx:TrackPointExtension>
            <gpxtpx:hr>142</gpxtpx:hr>
          </gpxtpx:TrackPointExtension>
        </extensions>
      </trkpt>
      <trkpt lat="40.00354109082766" lon="116.45295316533651">
        <ele>39.1178327575326</ele>
        <time>1970-01-01T00:03:49.500000Z</time>
        <extensions>
          <gpxtpx:TrackPointExtension>
            <gpxtpx:hr>143</gpxtpx:hr>
          </gpxtpx:TrackPointExtension>
        </extensions>
      </trkpt>
      <trkpt lat="40.00352702010564" lon="116.45292724858767">
        <ele>39.048100201413035</ele>
        <time>1970-01-01T00:03:50.500000Z</time>
        <extensions>
          <gpxtpx:TrackPointExtension>
            <gpxtpx:hr>143</gpxtpx:hr>
          </gpxtpx:TrackPointExtension>
        </extensions>
      </trkpt>
      <trkpt lat="40.003512310173065" lon="116.45290300220142">
        <ele>38.97799443267286</ele>
        <time>1970-01-01T00:03:51.500000Z</time>
        <extensions>
          <gpxtpx:TrackPointExtension>
            <gpxtpx:hr>143</gpxtpx:hr>
          </gpxtpx:TrackPointExtension>
        </extensions>
      </trkpt>
      <trkpt lat="40.003497371472484" lon="116.45287959358764">
        <ele>38.908042035996914</ele>
        <time>1970-01-01T00:03:52.500000Z</time>
        <extensions>
          <gpxtpx:TrackPointExtension>
            <gpxtpx:hr>143</gpxtpx:hr>
          </gpxtpx:TrackPointExtension>
        </extensions>
      </trkpt>
      <trkpt lat="40.003482377575104" lon="116.4528560239857">
        <ele>38.838635770604014</ele>
        <time>1970-01-01T00:03:53.500000Z</time>
        <extensions>
          <gpxtpx:TrackPointExtension>
            <gpxtpx:hr>143</gpxtpx:hr>
          </gpxtpx:TrackPointExtension>
        </extensions>
      </trkpt>
      <trkpt lat="40.00346733883983" lon="116.45283166634071">
        <ele>38.77038144879043</ele>
        <time>1970-01-01T00:03:54.500000Z</time>
        <extensions>
          <gpxtpx:TrackPointExtension>
            <gpxtpx:hr>144</gpxtpx:hr>
          </gpxtpx:TrackPointExtension>
        </extensions>
      </trkpt>
      <trkpt lat="40.00345218335445" lon="116.45280626298258">
        <ele>38.70368523709476</ele>
        <time>1970-01-01T00:03:55.500000Z</time>
        <extensions>
          <gpxtpx:TrackPointExtension>
            <gpxtpx:hr>144</gpxtpx:hr>
          </gpxtpx:TrackPointExtension>
        </extensions>
      </trkpt>
      <trkpt lat="40.003436957318684" lon="116.45278053157827">
        <ele>38.638474580831826</ele>
        <time>1970-01-01T00:03:56.500000Z</time>
        <extensions>
          <gpxtpx:TrackPointExtension>
            <gpxtpx:hr>144</gpxtpx:hr>
          </gpxtpx:TrackPointExtension>
        </extensions>
      </trkpt>
      <trkpt lat="40.00342157856741" lon="116.45275528144619">
        <ele>38.57460161484778</ele>
        <time>1970-01-01T00:03:57.500000Z</time>
        <extensions>
          <gpxtpx:TrackPointExtension>
            <gpxtpx:hr>144</gpxtpx:hr>
          </gpxtpx:TrackPointExtension>
        </extensions>
      </trkpt>
      <trkpt lat="40.00340587742107" lon="116.45273128339295">
        <ele>38.511739348992705</ele>
        <time>1970-01-01T00:03:58.500000Z</time>
        <extensions>
          <gpxtpx:TrackPointExtension>
            <gpxtpx:hr>144</gpxtpx:hr>
          </gpxtpx:TrackPointExtension>
        </extensions>
      </trkpt>
      <trkpt lat="40.00338945734755" lon="116.45270923982098">
        <ele>38.44928389135748</ele>
        <time>1970-01-01T00:03:59.500000Z</time>
        <extensions>
          <gpxtpx:TrackPointExtension>
            <gpxtpx:hr>143</gpxtpx:hr>
          </gpxtpx:TrackPointExtension>
        </extensions>
      </trkpt>
      <trkpt lat="40.00337188994929" lon="116.45268958064447">
        <ele>38.386775403283536</ele>
        <time>1970-01-01T00:04:00.500000Z</time>
        <extensions>
          <gpxtpx:TrackPointExtension>
            <gpxtpx:hr>143</gpxtpx:hr>
          </gpxtpx:TrackPointExtension>
        </extensions>
      </trkpt>
      <trkpt lat="40.00335286412024" lon="116.45267179125402">
        <ele>38.32395365368575</ele>
        <time>1970-01-01T00:04:01.500000Z</time>
        <extensions>
          <gpxtpx:TrackPointExtension>
            <gpxtpx:hr>143</gpxtpx:hr>
          </gpxtpx:TrackPointExtension>
        </extensions>
      </trkpt>
      <trkpt lat="40.00333293616796" lon="116.45265499263924">
        <ele>38.26159760449082</ele>
        <time>1970-01-01T00:04:02.500000Z</time>
        <extensions>
          <gpxtpx:TrackPointExtension>
            <gpxtpx:hr>143</gpxtpx:hr>
          </gpxtpx:TrackPointExtension>
        </extensions>
      </trkpt>
      <trkpt lat="40.003312838311714" lon="116.45263872308854">
        <ele>38.20107746310532</ele>
        <time>1970-01-01T00:04:03.500000Z</time>
        <extensions>
          <gpxtpx:TrackPointExtension>
            <gpxtpx:hr>143</gpxtpx:hr>
          </gpxtpx:TrackPointExtension>
        </extensions>
      </trkpt>
      <trkpt lat="40.00329297990693" lon="116.45262247076326">
        <ele>38.14346956089139</ele>
        <time>1970-01-01T00:04:04.500000Z</time>
        <extensions>
          <gpxtpx:TrackPointExtension>
            <gpxtpx:hr>143</gpxtpx:hr>
          </gpxtpx:TrackPointExtension>
        </extensions>
      </trkpt>
      <trkpt lat="40.00327383123968" lon="116.45260525281834">
        <ele>38.08998829405755</ele>
        <time>1970-01-01T00:04:05.500000Z</time>
        <extensions>
          <gpxtpx:TrackPointExtension>
            <gpxtpx:hr>142</gpxtpx:hr>
          </gpxtpx:TrackPointExtension>
        </extensions>
      </trkpt>
      <trkpt lat="40.003255879935644" lon="116.45258600106294">
        <ele>38.0416496777907</ele>
        <time>1970-01-01T00:04:06.500000Z</time>
        <extensions>
          <gpxtpx:TrackPointExtension>
            <gpxtpx:hr>142</gpxtpx:hr>
          </gpxtpx:TrackPointExtension>
        </extensions>
      </trkpt>
      <trkpt lat="40.00323922174731" lon="116.4525645879914">
        <ele>37.99918595422059</ele>
        <time>1970-01-01T00:04:07.500000Z</time>
        <extensions>
          <gpxtpx:TrackPointExtension>
            <gpxtpx:hr>142</gpxtpx:hr>
          </gpxtpx:TrackPointExtension>
        </extensions>
      </trkpt>
      <trkpt lat="40.003223698740044" lon="116.45254138750695">
        <ele>37.96300872601569</ele>
        <time>1970-01-01T00:04:08.500000Z</time>
        <extensions>
          <gpxtpx:TrackPointExtension>
            <gpxtpx:hr>142</gpxtpx:hr>
          </gpxtpx:TrackPointExtension>
        </extensions>
      </trkpt>
      <trkpt lat="40.003209062215085" lon="116.45251659312552">
        <ele>37.933153928257525</ele>
        <time>1970-01-01T00:04:09.500000Z</time>
        <extensions>
          <gpxtpx:TrackPointExtension>
            <gpxtpx:hr>142</gpxtpx:hr>
          </gpxtpx:TrackPointExtension>
        </extensions>
      </trkpt>
      <trkpt lat="40.003194937546525" lon="116.45249056490681">
        <ele>37.90925502311438</ele>
        <time>1970-01-01T00:04:10.500000Z</time>
        <extensions>
          <gpxtpx:TrackPointExtension>
            <gpxtpx:hr>142</gpxtpx:hr>
          </gpxtpx:TrackPointExtension>
        </extensions>
      </trkpt>
      <trkpt lat="40.00318079012126" lon="116.45246413659355">
        <ele>37.890790860168636</ele>
        <time>1970-01-01T00:04:11.500000Z</time>
        <extensions>
          <gpxtpx:TrackPointExtension>
            <gpxtpx:hr>142</gpxtpx:hr>
          </gpxtpx:TrackPointExtension>
        </extensions>
      </trkpt>
      <trkpt lat="40.00316594364825" lon="116.45243823359378">
        <ele>37.87739044893533</ele>
        <time>1970-01-01T00:04:12.500000Z</time>
        <extensions>
          <gpxtpx:TrackPointExtension>
            <gpxtpx:hr>142</gpxtpx:hr>
          </gpxtpx:TrackPointExtension>
        </extensions>
      </trkpt>
      <trkpt lat="40.00314979902352" lon="116.45241326512429">
        <ele>37.868840797804296</ele>
        <time>1970-01-01T00:04:13.500000Z</time>
        <extensions>
          <gpxtpx:TrackPointExtension>
            <gpxtpx:hr>142</gpxtpx:hr>
          </gpxtpx:TrackPointExtension>
        </extensions>
      </trkpt>
      <trkpt lat="40.003132188084074" lon="116.45238970387183">
        <ele>37.86498954612762</ele>
        <time>1970-01-01T00:04:14.500000Z</time>
        <extensions>
          <gpxtpx:TrackPointExtension>
            <gpxtpx:hr>142</gpxtpx:hr>
          </gpxtpx:TrackPointExtension>
        </extensions>
      </trkpt>
      <trkpt lat="40.00311336288433" lon="116.45236801426594">
        <ele>37.86562044452876</ele>
        <time>1970-01-01T00:04:15.500000Z</time>
        <extensions>
          <gpxtpx:TrackPointExtension>
            <gpxtpx:hr>141</gpxtpx:hr>
          </gpxtpx:TrackPointExtension>
        </extensions>
      </trkpt>
      <trkpt lat="40.00309366463269" lon="116.45234810821496">
        <ele>37.87038104608655</ele>
        <time>1970-01-01T00:04:16.500000Z</time>
        <extensions>
          <gpxtpx:TrackPointExtension>
            <gpxtpx:hr>141</gpxtpx:hr>
          </gpxtpx:TrackPointExtension>
        </extensions>
      </trkpt>
      <trkpt lat="40.0030735507279" lon="116.45232949645568">
        <ele>37.87880678195506</ele>
        <time>1970-01-01T00:04:17.500000Z</time>
        <extensions>
          <gpxtpx:TrackPointExtension>
            <gpxtpx:hr>141</gpxtpx:hr>
          </gpxtpx:TrackPointExtension>
        </extensions>
      </trkpt>
      <trkpt lat="40.00305371540731" lon="116.45231142155411">
        <ele>37.89042670931667</ele>
        <time>1970-01-01T00:04:18.500000Z</time>
        <extensions>
          <gpxtpx:TrackPointExtension>
            <gpxtpx:hr>141</gpxtpx:hr>
          </gpxtpx:TrackPointExtension>
        </extensions>
      </trkpt>
      <trkpt lat="40.0030346998721" lon="116.4522931379836">
        <ele>37.90477615967393</ele>
        <time>1970-01-01T00:04:19.500000Z</time>
        <extensions>
          <gpxtpx:TrackPointExtension>
            <gpxtpx:hr>141</gpxtpx:hr>
          </gpxtpx:TrackPointExtension>
        </extensions>
      </trkpt>
      <trkpt lat="40.00301666310829" lon="116.45227395324005">
        <ele>37.92134263087064</ele>
        <time>1970-01-01T00:04:20.500000Z</time>
        <extensions>
          <gpxtpx:TrackPointExtension>
            <gpxtpx:hr>139</gpxtpx:hr>
          </gpxtpx:TrackPointExtension>
        </extensions>
      </trkpt>
      <trkpt lat="40.00299932202686" lon="116.45225339038413">
        <ele>37.93961966224015</ele>
        <time>1970-01-01T00:04:21.500000Z</time>
        <extensions>
          <gpxtpx:TrackPointExtension>
            <gpxtpx:hr>139</gpxtpx:hr>
          </gpxtpx:TrackPointExtension>
        </extensions>
      </trkpt>
      <trkpt lat="40.00298247220693" lon="116.45223164236074">
        <ele>37.959159136749804</ele>
        <time>1970-01-01T00:04:22.500000Z</time>
        <extensions>
          <gpxtpx:TrackPointExtension>
            <gpxtpx:hr>139</gpxtpx:hr>
          </gpxtpx:TrackPointExtension>
        </extensions>
      </trkpt>
      <trkpt lat="40.00296583579194" lon="116.45220906072113">
        <ele>37.97969139739871</ele>
        <time>1970-01-01T00:04:23.500000Z</time>
        <extensions>
          <gpxtpx:TrackPointExtension>
            <gpxtpx:hr>139</gpxtpx:hr>
          </gpxtpx:TrackPointExtension>
        </extensions>
      </trkpt>
      <trkpt lat="40.002949057980246" lon="116.4521856580646">
        <ele>38.00093930400908</ele>
        <time>1970-01-01T00:04:24.500000Z</time>
        <extensions>
          <gpxtpx:TrackPointExtension>
            <gpxtpx:hr>139</gpxtpx:hr>
          </gpxtpx:TrackPointExtension>
        </extensions>
      </trkpt>
      <trkpt lat="40.002932173185926" lon="116.4521613405185">
        <ele>38.02257848996669</ele>
        <time>1970-01-01T00:04:25.500000Z</time>
        <extensions>
          <gpxtpx:TrackPointExtension>
            <gpxtpx:hr>139</gpxtpx:hr>
          </gpxtpx:TrackPointExtension>
        </extensions>
      </trkpt>
      <trkpt lat="40.00291542882069" lon="116.45213631392589">
        <ele>38.0440962407738</ele>
        <time>1970-01-01T00:04:26.500000Z</time>
        <extensions>
          <gpxtpx:TrackPointExtension>
            <gpxtpx:hr>139</gpxtpx:hr>
          </gpxtpx:TrackPointExtension>
        </extensions>
      </trkpt>
      <trkpt lat="40.002899061815384" lon="116.4521108762731">
        <ele>38.06490560248494</ele>
        <time>1970-01-01T00:04:27.500000Z</time>
        <extensions>
          <gpxtpx:TrackPointExtension>
            <gpxtpx:hr>139</gpxtpx:hr>
          </gpxtpx:TrackPointExtension>
        </extensions>
      </trkpt>
      <trkpt lat="40.00288298104623" lon="116.45208491868195">
        <ele>38.08449483662844</ele>
        <time>1970-01-01T00:04:28.500000Z</time>
        <extensions>
          <gpxtpx:TrackPointExtension>
            <gpxtpx:hr>141</gpxtpx:hr>
          </gpxtpx:TrackPointExtension>
        </extensions>
      </trkpt>
      <trkpt lat="40.00286711358959" lon="116.45205843898549">
        <ele>38.10254384484142</ele>
        <time>1970-01-01T00:04:29.500000Z</time>
        <extensions>
          <gpxtpx:TrackPointExtension>
            <gpxtpx:hr>141</gpxtpx:hr>
          </gpxtpx:TrackPointExtension>
        </extensions>
      </trkpt>
      <trkpt lat="40.002851441305204" lon="116.45203130901923">
        <ele>38.11871716659516</ele>
        <time>1970-01-01T00:04:30.500000Z</time>
        <extensions>
          <gpxtpx:TrackPointExtension>
            <gpxtpx:hr>141</gpxtpx:hr>
          </gpxtpx:TrackPointExtension>
        </extensions>
      </trkpt>
      <trkpt lat="40.00283587889061" lon="116.45200366785166">
        <ele>38.1325380159542</ele>
        <time>1970-01-01T00:04:31.500000Z</time>
        <extensions>
          <gpxtpx:TrackPointExtension>
            <gpxtpx:hr>141</gpxtpx:hr>
          </gpxtpx:TrackPointExtension>
        </extensions>
      </trkpt>
      <trkpt lat="40.002820351491295" lon="116.45197585506081">
        <ele>38.143653025850654</ele>
        <time>1970-01-01T00:04:32.500000Z</time>
        <extensions>
          <gpxtpx:TrackPointExtension>
            <gpxtpx:hr>141</gpxtpx:hr>
          </gpxtpx:TrackPointExtension>
        </extensions>
      </trkpt>
      <trkpt lat="40.002805014181675" lon="116.45194811644025">
        <ele>38.1522426167503</ele>
        <time>1970-01-01T00:04:33.500000Z</time>
        <extensions>
          <gpxtpx:TrackPointExtension>
            <gpxtpx:hr>141</gpxtpx:hr>
          </gpxtpx:TrackPointExtension>
        </extensions>
      </trkpt>
      <trkpt lat="40.002790006782696" lon="116.45192064201703">
        <ele>38.15942687634379</ele>
        <time>1970-01-01T00:04:34.500000Z</time>
        <extensions>
          <gpxtpx:TrackPointExtension>
            <gpxtpx:hr>141</gpxtpx:hr>
          </gpxtpx:TrackPointExtension>
        </extensions>
      </trkpt>
      <trkpt lat="40.00277539593435" lon="116.45189338074012">
        <ele>38.16685667447746</ele>
        <time>1970-01-01T00:04:35.500000Z</time>
        <extensions>
          <gpxtpx:TrackPointExtension>
            <gpxtpx:hr>142</gpxtpx:hr>
          </gpxtpx:TrackPointExtension>
        </extensions>
      </trkpt>
      <trkpt lat="40.00276122945301" lon="116.45186609080753">
        <ele>38.17544658854604</ele>
        <time>1970-01-01T00:04:36.500000Z</time>
        <extensions>
          <gpxtpx:TrackPointExtension>
            <gpxtpx:hr>142</gpxtpx:hr>
          </gpxtpx:TrackPointExtension>
        </extensions>
      </trkpt>
      <trkpt lat="40.00274746177287" lon="116.45183853303419">
        <ele>38.18558772932738</ele>
        <time>1970-01-01T00:04:37.500000Z</time>
        <extensions>
          <gpxtpx:TrackPointExtension>
            <gpxtpx:hr>142</gpxtpx:hr>
          </gpxtpx:TrackPointExtension>
        </extensions>
      </trkpt>
      <trkpt lat="40.00273394253888" lon="116.45181051530263">
        <ele>38.19827606808394</ele>
        <time>1970-01-01T00:04:38.500000Z</time>
        <extensions>
          <gpxtpx:TrackPointExtension>
            <gpxtpx:hr>142</gpxtpx:hr>
          </gpxtpx:TrackPointExtension>
        </extensions>
      </trkpt>
      <trkpt lat="40.00272052689542" lon="116.45178208098378">
        <ele>38.21472134720534</ele>
        <time>1970-01-01T00:04:39.500000Z</time>
        <extensions>
          <gpxtpx:TrackPointExtension>
            <gpxtpx:hr>142</gpxtpx:hr>
          </gpxtpx:TrackPointExtension>
        </extensions>
      </trkpt>
      <trkpt lat="40.00270693618016" lon="116.45175348604282">
        <ele>38.23656141478568</ele>
        <time>1970-01-01T00:04:40.500000Z</time>
        <extensions>
          <gpxtpx:TrackPointExtension>
            <gpxtpx:hr>142</gpxtpx:hr>
          </gpxtpx:TrackPointExtension>
        </extensions>
      </trkpt>
      <trkpt lat="40.00269304351159" lon="116.45172476649236">
        <ele>38.265890745446086</ele>
        <time>1970-01-01T00:04:41.500000Z</time>
        <extensions>
          <gpxtpx:TrackPointExtension>
            <gpxtpx:hr>142</gpxtpx:hr>
          </gpxtpx:TrackPointExtension>
        </extensions>
      </trkpt>
      <trkpt lat="40.00267904312247" lon="116.45169585205852">
        <ele>38.303980651311576</ele>
        <time>1970-01-01T00:04:42.500000Z</time>
        <extensions>
          <gpxtpx:TrackPointExtension>
            <gpxtpx:hr>142</gpxtpx:hr>
          </gpxtpx:TrackPointExtension>
        </extensions>
      </trkpt>
      <trkpt lat="40.00266522478175" lon="116.45166683109353">
        <ele>38.34978607762605</ele>
        <time>1970-01-01T00:04:43.500000Z</time>
        <extensions>
          <gpxtpx:TrackPointExtension>
            <gpxtpx:hr>141</gpxtpx:hr>
          </gpxtpx:TrackPointExtension>
        </extensions>
      </trkpt>
      <trkpt lat="40.00265155586604" lon="116.45163779265302">
        <ele>38.40064888168126</ele>
        <time>1970-01-01T00:04:44.500000Z</time>
        <extensions>
          <gpxtpx:TrackPointExtension>
            <gpxtpx:hr>141</gpxtpx:hr>
          </gpxtpx:TrackPointExtension>
        </extensions>
      </trkpt>
      <trkpt lat="40.002637911049824" lon="116.45160860109559">
        <ele>38.454634740017354</ele>
        <time>1970-01-01T00:04:45.500000Z</time>
        <extensions>
          <gpxtpx:TrackPointExtension>
            <gpxtpx:hr>141</gpxtpx:hr>
          </gpxtpx:TrackPointExtension>
        </extensions>
      </trkpt>
      <trkpt lat="40.00262426694419" lon="116.45157905312651">
        <ele>38.511371615342796</ele>
        <time>1970-01-01T00:04:46.500000Z</time>
        <extensions>
          <gpxtpx:TrackPointExtension>
            <gpxtpx:hr>141</gpxtpx:hr>
          </gpxtpx:TrackPointExtension>
        </extensions>
      </trkpt>
      <trkpt lat="40.00261051608939" lon="116.45154897923088">
        <ele>38.57133124768734</ele>
        <time>1970-01-01T00:04:47.500000Z</time>
        <extensions>
          <gpxtpx:TrackPointExtension>
            <gpxtpx:hr>141</gpxtpx:hr>
          </gpxtpx:TrackPointExtension>
        </extensions>
      </trkpt>
      <trkpt lat="40.002596564848204" lon="116.45151812251424">
        <ele>38.63488173671067</ele>
        <time>1970-01-01T00:04:48.500000Z</time>
        <extensions>
          <gpxtpx:TrackPointExtension>
            <gpxtpx:hr>141</gpxtpx:hr>
          </gpxtpx:TrackPointExtension>
        </extensions>
      </trkpt>
      <trkpt lat="40.00258309702754" lon="116.45148604031503">
        <ele>38.70185480825603</ele>
        <time>1970-01-01T00:04:49.500000Z</time>
        <extensions>
          <gpxtpx:TrackPointExtension>
            <gpxtpx:hr>141</gpxtpx:hr>
          </gpxtpx:TrackPointExtension>
        </extensions>
      </trkpt>
      <trkpt lat="40.002569999246155" lon="116.45145308572418">
        <ele>38.77107260096818</ele>
        <time>1970-01-01T00:04:50.500000Z</time>
        <extensions>
          <gpxtpx:TrackPointExtension>
            <gpxtpx:hr>142</gpxtpx:hr>
          </gpxtpx:TrackPointExtension>
        </extensions>
      </trkpt>
      <trkpt lat="40.00255691893892" lon="116.45142056452677">
        <ele>38.84012128598988</ele>
        <time>1970-01-01T00:04:51.500000Z</time>
        <extensions>
          <gpxtpx:TrackPointExtension>
            <gpxtpx:hr>142</gpxtpx:hr>
          </gpxtpx:TrackPointExtension>
        </extensions>
      </trkpt>
      <trkpt lat="40.00254458103406" lon="116.45138922520138">
        <ele>38.905040845274925</ele>
        <time>1970-01-01T00:04:52.500000Z</time>
        <extensions>
          <gpxtpx:TrackPointExtension>
            <gpxtpx:hr>142</gpxtpx:hr>
          </gpxtpx:TrackPointExtension>
        </extensions>
      </trkpt>
      <trkpt lat="40.00253316895093" lon="116.45135892106946">
        <ele>38.96280369721353</ele>
        <time>1970-01-01T00:04:53.500000Z</time>
        <extensions>
          <gpxtpx:TrackPointExtension>
            <gpxtpx:hr>142</gpxtpx:hr>
          </gpxtpx:TrackPointExtension>
        </extensions>
      </trkpt>
      <trkpt lat="40.00252230404455" lon="116.45132967892083">
        <ele>39.01174269244075</ele>
        <time>1970-01-01T00:04:54.500000Z</time>
        <extensions>
          <gpxtpx:TrackPointExtension>
            <gpxtpx:hr>143</gpxtpx:hr>
          </gpxtpx:TrackPointExtension>
        </extensions>
      </trkpt>
      <trkpt lat="40.002511006127676" lon="116.45130145893624">
        <ele>39.05136193614453</ele>
        <time>1970-01-01T00:04:55.500000Z</time>
        <extensions>
          <gpxtpx:TrackPointExtension>
            <gpxtpx:hr>143</gpxtpx:hr>
          </gpxtpx:TrackPointExtension>
        </extensions>
      </trkpt>
      <trkpt lat="40.002498733508844" lon="116.4512739588674">
        <ele>39.083860110491514</ele>
        <time>1970-01-01T00:04:56.500000Z</time>
        <extensions>
          <gpxtpx:TrackPointExtension>
            <gpxtpx:hr>143</gpxtpx:hr>
          </gpxtpx:TrackPointExtension>
        </extensions>
      </trkpt>
      <trkpt lat="40.00248574492601" lon="116.45124664049773">
        <ele>39.11004203930497</ele>
        <time>1970-01-01T00:04:57.500000Z</time>
        <extensions>
          <gpxtpx:TrackPointExtension>
            <gpxtpx:hr>143</gpxtpx:hr>
          </gpxtpx:TrackPointExtension>
        </extensions>
      </trkpt>
      <trkpt lat="40.00247227810437" lon="116.45121879305468">
        <ele>39.13205614686012</ele>
        <time>1970-01-01T00:04:58.500000Z</time>
        <extensions>
          <gpxtpx:TrackPointExtension>
            <gpxtpx:hr>145</gpxtpx:hr>
          </gpxtpx:TrackPointExtension>
        </extensions>
      </trkpt>
      <trkpt lat="40.00245835769872" lon="116.45119012873899">
        <ele>39.15130553115159</ele>
        <time>1970-01-01T00:04:59.500000Z</time>
        <extensions>
          <gpxtpx:TrackPointExtension>
            <gpxtpx:hr>145</gpxtpx:hr>
          </gpxtpx:TrackPointExtension>
        </extensions>
      </trkpt>
      <trkpt lat="40.00244431498104" lon="116.45116113573998">
        <ele>39.16833755094558</ele>
        <time>1970-01-01T00:05:00.500000Z</time>
        <extensions>
          <gpxtpx:TrackPointExtension>
            <gpxtpx:hr>145</gpxtpx:hr>
          </gpxtpx:TrackPointExtension>
        </extensions>
      </trkpt>
      <trkpt lat="40.002430419800966" lon="116.45113245852987">
        <ele>39.18404593132436</ele>
        <time>1970-01-01T00:05:01.500000Z</time>
        <extensions>
          <gpxtpx:TrackPointExtension>
            <gpxtpx:hr>145</gpxtpx:hr>
          </gpxtpx:TrackPointExtension>
        </extensions>
      </trkpt>
      <trkpt lat="40.002416689599045" lon="116.45110410095285">
        <ele>39.19756732415408</ele>
        <time>1970-01-01T00:05:02.500000Z</time>
        <extensions>
          <gpxtpx:TrackPointExtension>
            <gpxtpx:hr>145</gpxtpx:hr>
          </gpxtpx:TrackPointExtension>
        </extensions>
      </trkpt>
      <trkpt lat="40.002402980448366" lon="116.4510759045131">
        <ele>39.208921059034765</ele>
        <time>1970-01-01T00:05:03.500000Z</time>
        <extensions>
          <gpxtpx:TrackPointExtension>
            <gpxtpx:hr>145</gpxtpx:hr>
          </gpxtpx:TrackPointExtension>
        </extensions>
      </trkpt>
      <trkpt lat="40.00238909780258" lon="116.45104750976876">
        <ele>39.21815237309784</ele>
        <time>1970-01-01T00:05:04.500000Z</time>
        <extensions>
          <gpxtpx:TrackPointExtension>
            <gpxtpx:hr>145</gpxtpx:hr>
          </gpxtpx:TrackPointExtension>
        </extensions>
      </trkpt>
      <trkpt lat="40.00237495955009" lon="116.45101872616218">
        <ele>39.225672657601535</ele>
        <time>1970-01-01T00:05:05.500000Z</time>
        <extensions>
          <gpxtpx:TrackPointExtension>
            <gpxtpx:hr>147</gpxtpx:hr>
          </gpxtpx:TrackPointExtension>
        </extensions>
      </trkpt>
      <trkpt lat="40.00236060969644" lon="116.45098964227337">
        <ele>39.23174352571368</ele>
        <time>1970-01-01T00:05:06.500000Z</time>
        <extensions>
          <gpxtpx:TrackPointExtension>
            <gpxtpx:hr>147</gpxtpx:hr>
          </gpxtpx:TrackPointExtension>
        </extensions>
      </trkpt>
      <trkpt lat="40.0023463369078" lon="116.45096025880147">
        <ele>39.236767338588834</ele>
        <time>1970-01-01T00:05:07.600000Z</time>
        <extensions>
          <gpxtpx:TrackPointExtension>
            <gpxtpx:hr>147</gpxtpx:hr>
          </gpxtpx:TrackPointExtension>
        </extensions>
      </trkpt>
      <trkpt lat="40.002332086019976" lon="116.45093037284909">
        <ele>39.24031831789762</ele>
        <time>1970-01-01T00:05:08.600000Z</time>
        <extensions>
          <gpxtpx:TrackPointExtension>
            <gpxtpx:hr>147</gpxtpx:hr>
          </gpxtpx:TrackPointExtension>
        </extensions>
      </trkpt>
      <trkpt lat="40.00231785989308" lon="116.45090040951612">
        <ele>39.24276292603463</ele>
        <time>1970-01-01T00:05:09.600000Z</time>
        <extensions>
          <gpxtpx:TrackPointExtension>
            <gpxtpx:hr>147</gpxtpx:hr>
          </gpxtpx:TrackPointExtension>
        </extensions>
      </trkpt>
      <trkpt lat="40.00230368873278" lon="116.45087110724236">
        <ele>39.24598649144173</ele>
        <time>1970-01-01T00:05:10.600000Z</time>
        <extensions>
          <gpxtpx:TrackPointExtension>
            <gpxtpx:hr>147</gpxtpx:hr>
          </gpxtpx:TrackPointExtension>
        </extensions>
      </trkpt>
      <trkpt lat="40.002289700866605" lon="116.45084254058067">
        <ele>39.24998205062002</ele>
        <time>1970-01-01T00:05:11.600000Z</time>
        <extensions>
          <gpxtpx:TrackPointExtension>
            <gpxtpx:hr>147</gpxtpx:hr>
          </gpxtpx:TrackPointExtension>
        </extensions>
      </trkpt>
      <trkpt lat="40.00227579665418" lon="116.45081417220494">
        <ele>39.25181579310447</ele>
        <time>1970-01-01T00:05:12.600000Z</time>
        <extensions>
          <gpxtpx:TrackPointExtension>
            <gpxtpx:hr>147</gpxtpx:hr>
          </gpxtpx:TrackPointExtension>
        </extensions>
      </trkpt>
      <trkpt lat="40.002261734788085" lon="116.45078554772655">
        <ele>39.25385032966733</ele>
        <time>1970-01-01T00:05:13.600000Z</time>
        <extensions>
          <gpxtpx:TrackPointExtension>
            <gpxtpx:hr>147</gpxtpx:hr>
          </gpxtpx:TrackPointExtension>
        </extensions>
      </trkpt>
      <trkpt lat="40.00224729628414" lon="116.4507566340808">
        <ele>39.25579865090549</ele>
        <time>1970-01-01T00:05:14.600000Z</time>
        <extensions>
          <gpxtpx:TrackPointExtension>
            <gpxtpx:hr>147</gpxtpx:hr>
          </gpxtpx:TrackPointExtension>
        </extensions>
      </trkpt>
      <trkpt lat="40.002232254020505" lon="116.45072726892039">
        <ele>39.25851823762059</ele>
        <time>1970-01-01T00:05:15.600000Z</time>
        <extensions>
          <gpxtpx:TrackPointExtension>
            <gpxtpx:hr>146</gpxtpx:hr>
          </gpxtpx:TrackPointExtension>
        </extensions>
      </trkpt>
      <trkpt lat="40.00221672800435" lon="116.45069746192998">
        <ele>39.261602552607656</ele>
        <time>1970-01-01T00:05:16.600000Z</time>
        <extensions>
          <gpxtpx:TrackPointExtension>
            <gpxtpx:hr>146</gpxtpx:hr>
          </gpxtpx:TrackPointExtension>
        </extensions>
      </trkpt>
      <trkpt lat="40.002200964627086" lon="116.45066725423898">
        <ele>39.26516612060368</ele>
        <time>1970-01-01T00:05:17.600000Z</time>
        <extensions>
          <gpxtpx:TrackPointExtension>
            <gpxtpx:hr>146</gpxtpx:hr>
          </gpxtpx:TrackPointExtension>
        </extensions>
      </trkpt>
      <trkpt lat="40.00218523853338" lon="116.45063677574112">
        <ele>39.26999395340681</ele>
        <time>1970-01-01T00:05:18.600000Z</time>
        <extensions>
          <gpxtpx:TrackPointExtension>
            <gpxtpx:hr>146</gpxtpx:hr>
          </gpxtpx:TrackPointExtension>
        </extensions>
      </trkpt>
      <trkpt lat="40.00216954557375" lon="116.45060597096361">
        <ele>39.27415770944208</ele>
        <time>1970-01-01T00:05:19.600000Z</time>
        <extensions>
          <gpxtpx:TrackPointExtension>
            <gpxtpx:hr>146</gpxtpx:hr>
          </gpxtpx:TrackPointExtension>
        </extensions>
      </trkpt>
      <trkpt lat="40.00215400367373" lon="116.45057462007868">
        <ele>39.2776352064684</ele>
        <time>1970-01-01T00:05:20.600000Z</time>
        <extensions>
          <gpxtpx:TrackPointExtension>
            <gpxtpx:hr>144</gpxtpx:hr>
          </gpxtpx:TrackPointExtension>
        </extensions>
      </trkpt>
      <trkpt lat="40.00213882620944" lon="116.45054270535485">
        <ele>39.28058455698192</ele>
        <time>1970-01-01T00:05:21.600000Z</time>
        <extensions>
          <gpxtpx:TrackPointExtension>
            <gpxtpx:hr>144</gpxtpx:hr>
          </gpxtpx:TrackPointExtension>
        </extensions>
      </trkpt>
      <trkpt lat="40.002124359001066" lon="116.4505106126736">
        <ele>39.28305089659989</ele>
        <time>1970-01-01T00:05:22.600000Z</time>
        <extensions>
          <gpxtpx:TrackPointExtension>
            <gpxtpx:hr>144</gpxtpx:hr>
          </gpxtpx:TrackPointExtension>
        </extensions>
      </trkpt>
      <trkpt lat="40.00211078168416" lon="116.45047891789294">
        <ele>39.285810220986605</ele>
        <time>1970-01-01T00:05:23.600000Z</time>
        <extensions>
          <gpxtpx:TrackPointExtension>
            <gpxtpx:hr>144</gpxtpx:hr>
          </gpxtpx:TrackPointExtension>
        </extensions>
      </trkpt>
      <trkpt lat="40.00209786074031" lon="116.45044755086137">
        <ele>39.28740570601076</ele>
        <time>1970-01-01T00:05:24.600000Z</time>
        <extensions>
          <gpxtpx:TrackPointExtension>
            <gpxtpx:hr>145</gpxtpx:hr>
          </gpxtpx:TrackPointExtension>
        </extensions>
      </trkpt>
      <trkpt lat="40.00208545373045" lon="116.45041653356726">
        <ele>39.28758470900357</ele>
        <time>1970-01-01T00:05:25.600000Z</time>
        <extensions>
          <gpxtpx:TrackPointExtension>
            <gpxtpx:hr>145</gpxtpx:hr>
          </gpxtpx:TrackPointExtension>
        </extensions>
      </trkpt>
      <trkpt lat="40.002073475504034" lon="116.45038584510262">
        <ele>39.28586301300675</ele>
        <time>1970-01-01T00:05:26.600000Z</time>
        <extensions>
          <gpxtpx:TrackPointExtension>
            <gpxtpx:hr>145</gpxtpx:hr>
          </gpxtpx:TrackPointExtension>
        </extensions>
      </trkpt>
      <trkpt lat="40.002061681041646" lon="116.45035516258173">
        <ele>39.28215410653502</ele>
        <time>1970-01-01T00:05:27.600000Z</time>
        <extensions>
          <gpxtpx:TrackPointExtension>
            <gpxtpx:hr>145</gpxtpx:hr>
          </gpxtpx:TrackPointExtension>
        </extensions>
      </trkpt>
      <trkpt lat="40.00204970869759" lon="116.45032420005174">
        <ele>39.27641903515905</ele>
        <time>1970-01-01T00:05:28.600000Z</time>
        <extensions>
          <gpxtpx:TrackPointExtension>
            <gpxtpx:hr>145</gpxtpx:hr>
          </gpxtpx:TrackPointExtension>
        </extensions>
      </trkpt>
      <trkpt lat="40.002037422999045" lon="116.45029281602268">
        <ele>39.26879273355007</ele>
        <time>1970-01-01T00:05:29.600000Z</time>
        <extensions>
          <gpxtpx:TrackPointExtension>
            <gpxtpx:hr>147</gpxtpx:hr>
          </gpxtpx:TrackPointExtension>
        </extensions>
      </trkpt>
      <trkpt lat="40.00202480083534" lon="116.45026126926876">
        <ele>39.259398742578924</ele>
        <time>1970-01-01T00:05:30.600000Z</time>
        <extensions>
          <gpxtpx:TrackPointExtension>
            <gpxtpx:hr>147</gpxtpx:hr>
          </gpxtpx:TrackPointExtension>
        </extensions>
      </trkpt>
      <trkpt lat="40.00201193417558" lon="116.45022992486072">
        <ele>39.248989223502576</ele>
        <time>1970-01-01T00:05:31.600000Z</time>
        <extensions>
          <gpxtpx:TrackPointExtension>
            <gpxtpx:hr>147</gpxtpx:hr>
          </gpxtpx:TrackPointExtension>
        </extensions>
      </trkpt>
      <trkpt lat="40.00199868185649" lon="116.45019874984455">
        <ele>39.23794047161937</ele>
        <time>1970-01-01T00:05:32.600000Z</time>
        <extensions>
          <gpxtpx:TrackPointExtension>
            <gpxtpx:hr>147</gpxtpx:hr>
          </gpxtpx:TrackPointExtension>
        </extensions>
      </trkpt>
      <trkpt lat="40.00198501554916" lon="116.45016775249442">
        <ele>39.22581514343619</ele>
        <time>1970-01-01T00:05:33.600000Z</time>
        <extensions>
          <gpxtpx:TrackPointExtension>
            <gpxtpx:hr>150</gpxtpx:hr>
          </gpxtpx:TrackPointExtension>
        </extensions>
      </trkpt>
      <trkpt lat="40.00197108743865" lon="116.45013722390564">
        <ele>39.21302473265678</ele>
        <time>1970-01-01T00:05:34.600000Z</time>
        <extensions>
          <gpxtpx:TrackPointExtension>
            <gpxtpx:hr>150</gpxtpx:hr>
          </gpxtpx:TrackPointExtension>
        </extensions>
      </trkpt>
      <trkpt lat="40.001957108461994" lon="116.45010718728416">
        <ele>39.20099975541234</ele>
        <time>1970-01-01T00:05:35.600000Z</time>
        <extensions>
          <gpxtpx:TrackPointExtension>
            <gpxtpx:hr>150</gpxtpx:hr>
          </gpxtpx:TrackPointExtension>
        </extensions>
      </trkpt>
      <trkpt lat="40.001943335037616" lon="116.45007737479219">
        <ele>39.189335053786635</ele>
        <time>1970-01-01T00:05:36.600000Z</time>
        <extensions>
          <gpxtpx:TrackPointExtension>
            <gpxtpx:hr>150</gpxtpx:hr>
          </gpxtpx:TrackPointExtension>
        </extensions>
      </trkpt>
      <trkpt lat="40.00192989554333" lon="116.45004745213836">
        <ele>39.177985900081694</ele>
        <time>1970-01-01T00:05:37.600000Z</time>
        <extensions>
          <gpxtpx:TrackPointExtension>
            <gpxtpx:hr>150</gpxtpx:hr>
          </gpxtpx:TrackPointExtension>
        </extensions>
      </trkpt>
      <trkpt lat="40.001916924834894" lon="116.45001725668374">
        <ele>39.166957000270486</ele>
        <time>1970-01-01T00:05:38.600000Z</time>
        <extensions>
          <gpxtpx:TrackPointExtension>
            <gpxtpx:hr>150</gpxtpx:hr>
          </gpxtpx:TrackPointExtension>
        </extensions>
      </trkpt>
      <trkpt lat="40.001904248654256" lon="116.44998640597836">
        <ele>39.155935602262616</ele>
        <time>1970-01-01T00:05:39.600000Z</time>
        <extensions>
          <gpxtpx:TrackPointExtension>
            <gpxtpx:hr>152</gpxtpx:hr>
          </gpxtpx:TrackPointExtension>
        </extensions>
      </trkpt>
      <trkpt lat="40.00189172047886" lon="116.44995459013181">
        <ele>39.14525111671537</ele>
        <time>1970-01-01T00:05:40.600000Z</time>
        <extensions>
          <gpxtpx:TrackPointExtension>
            <gpxtpx:hr>152</gpxtpx:hr>
          </gpxtpx:TrackPointExtension>
        </extensions>
      </trkpt>
      <trkpt lat="40.00187967470018" lon="116.4499220508923">
        <ele>39.13477968983352</ele>
        <time>1970-01-01T00:05:41.600000Z</time>
        <extensions>
          <gpxtpx:TrackPointExtension>
            <gpxtpx:hr>152</gpxtpx:hr>
          </gpxtpx:TrackPointExtension>
        </extensions>
      </trkpt>
      <trkpt lat="40.001868305493815" lon="116.4498894172284">
        <ele>39.124316681176424</ele>
        <time>1970-01-01T00:05:42.600000Z</time>
        <extensions>
          <gpxtpx:TrackPointExtension>
            <gpxtpx:hr>152</gpxtpx:hr>
          </gpxtpx:TrackPointExtension>
        </extensions>
      </trkpt>
      <trkpt lat="40.001857512646666" lon="116.4498570737482">
        <ele>39.11428976524621</ele>
        <time>1970-01-01T00:05:43.600000Z</time>
        <extensions>
          <gpxtpx:TrackPointExtension>
            <gpxtpx:hr>152</gpxtpx:hr>
          </gpxtpx:TrackPointExtension>
        </extensions>
      </trkpt>
      <trkpt lat="40.00184710294465" lon="116.44982488157724">
        <ele>39.10491564683616</ele>
        <time>1970-01-01T00:05:44.600000Z</time>
        <extensions>
          <gpxtpx:TrackPointExtension>
            <gpxtpx:hr>152</gpxtpx:hr>
          </gpxtpx:TrackPointExtension>
        </extensions>
      </trkpt>
      <trkpt lat="40.00183677984757" lon="116.44979253980037">
        <ele>39.09673135355115</ele>
        <time>1970-01-01T00:05:45.600000Z</time>
        <extensions>
          <gpxtpx:TrackPointExtension>
            <gpxtpx:hr>153</gpxtpx:hr>
          </gpxtpx:TrackPointExtension>
        </extensions>
      </trkpt>
      <trkpt lat="40.00182650206806" lon="116.44976001382351">
        <ele>39.090009150095284</ele>
        <time>1970-01-01T00:05:46.600000Z</time>
        <extensions>
          <gpxtpx:TrackPointExtension>
            <gpxtpx:hr>153</gpxtpx:hr>
          </gpxtpx:TrackPointExtension>
        </extensions>
      </trkpt>
      <trkpt lat="40.001816302628384" lon="116.44972746522498">
        <ele>39.08545102365315</ele>
        <time>1970-01-01T00:05:47.600000Z</time>
        <extensions>
          <gpxtpx:TrackPointExtension>
            <gpxtpx:hr>153</gpxtpx:hr>
          </gpxtpx:TrackPointExtension>
        </extensions>
      </trkpt>
      <trkpt lat="40.001806236551026" lon="116.44969492631013">
        <ele>39.08372098673135</ele>
        <time>1970-01-01T00:05:48.600000Z</time>
        <extensions>
          <gpxtpx:TrackPointExtension>
            <gpxtpx:hr>153</gpxtpx:hr>
          </gpxtpx:TrackPointExtension>
        </extensions>
      </trkpt>
      <trkpt lat="40.00179627693798" lon="116.44966213134498">
        <ele>39.085640482604504</ele>
        <time>1970-01-01T00:05:49.600000Z</time>
        <extensions>
          <gpxtpx:TrackPointExtension>
            <gpxtpx:hr>153</gpxtpx:hr>
          </gpxtpx:TrackPointExtension>
        </extensions>
      </trkpt>
      <trkpt lat="40.001786663177526" lon="116.44962886335959">
        <ele>39.09034006111324</ele>
        <time>1970-01-01T00:05:50.600000Z</time>
        <extensions>
          <gpxtpx:TrackPointExtension>
            <gpxtpx:hr>152</gpxtpx:hr>
          </gpxtpx:TrackPointExtension>
        </extensions>
      </trkpt>
      <trkpt lat="40.00177761130314" lon="116.44959517166149">
        <ele>39.09793042205274</ele>
        <time>1970-01-01T00:05:51.600000Z</time>
        <extensions>
          <gpxtpx:TrackPointExtension>
            <gpxtpx:hr>152</gpxtpx:hr>
          </gpxtpx:TrackPointExtension>
        </extensions>
      </trkpt>
      <trkpt lat="40.00176925816817" lon="116.44956137084726">
        <ele>39.11082385946065</ele>
        <time>1970-01-01T00:05:52.600000Z</time>
        <extensions>
          <gpxtpx:TrackPointExtension>
            <gpxtpx:hr>152</gpxtpx:hr>
          </gpxtpx:TrackPointExtension>
        </extensions>
      </trkpt>
      <trkpt lat="40.00176167678707" lon="116.44952766614752">
        <ele>39.126191289164126</ele>
        <time>1970-01-01T00:05:53.600000Z</time>
        <extensions>
          <gpxtpx:TrackPointExtension>
            <gpxtpx:hr>152</gpxtpx:hr>
          </gpxtpx:TrackPointExtension>
        </extensions>
      </trkpt>
      <trkpt lat="40.00175503071065" lon="116.44949390906822">
        <ele>39.14379935152829</ele>
        <time>1970-01-01T00:05:54.600000Z</time>
        <extensions>
          <gpxtpx:TrackPointExtension>
            <gpxtpx:hr>153</gpxtpx:hr>
          </gpxtpx:TrackPointExtension>
        </extensions>
      </trkpt>
      <trkpt lat="40.001749583706875" lon="116.44945992041897">
        <ele>39.16416204441339</ele>
        <time>1970-01-01T00:05:55.600000Z</time>
        <extensions>
          <gpxtpx:TrackPointExtension>
            <gpxtpx:hr>153</gpxtpx:hr>
          </gpxtpx:TrackPointExtension>
        </extensions>
      </trkpt>
      <trkpt lat="40.00174538940866" lon="116.44942536471439">
        <ele>39.18637454789132</ele>
        <time>1970-01-01T00:05:56.600000Z</time>
        <extensions>
          <gpxtpx:TrackPointExtension>
            <gpxtpx:hr>153</gpxtpx:hr>
          </gpxtpx:TrackPointExtension>
        </extensions>
      </trkpt>
      <trkpt lat="40.00174241707512" lon="116.44939022712857">
        <ele>39.208834416233</ele>
        <time>1970-01-01T00:05:57.600000Z</time>
        <extensions>
          <gpxtpx:TrackPointExtension>
            <gpxtpx:hr>153</gpxtpx:hr>
          </gpxtpx:TrackPointExtension>
        </extensions>
      </trkpt>
      <trkpt lat="40.00174061581643" lon="116.44935499369811">
        <ele>39.231035265140235</ele>
        <time>1970-01-01T00:05:58.600000Z</time>
        <extensions>
          <gpxtpx:TrackPointExtension>
            <gpxtpx:hr>153</gpxtpx:hr>
          </gpxtpx:TrackPointExtension>
        </extensions>
      </trkpt>
      <trkpt lat="40.00173993834617" lon="116.449319908927">
        <ele>39.25152457784861</ele>
        <time>1970-01-01T00:05:59.600000Z</time>
        <extensions>
          <gpxtpx:TrackPointExtension>
            <gpxtpx:hr>153</gpxtpx:hr>
          </gpxtpx:TrackPointExtension>
        </extensions>
      </trkpt>
      <trkpt lat="40.001740069732165" lon="116.44928482850102">
        <ele>39.27029744721949</ele>
        <time>1970-01-01T00:06:00.600000Z</time>
        <extensions>
          <gpxtpx:TrackPointExtension>
            <gpxtpx:hr>153</gpxtpx:hr>
          </gpxtpx:TrackPointExtension>
        </extensions>
      </trkpt>
      <trkpt lat="40.00174059591633" lon="116.44924945842831">
        <ele>39.28629579022527</ele>
        <time>1970-01-01T00:06:01.600000Z</time>
        <extensions>
          <gpxtpx:TrackPointExtension>
            <gpxtpx:hr>153</gpxtpx:hr>
          </gpxtpx:TrackPointExtension>
        </extensions>
      </trkpt>
      <trkpt lat="40.001740935824046" lon="116.44921340026438">
        <ele>39.29869070183486</ele>
        <time>1970-01-01T00:06:02.600000Z</time>
        <extensions>
          <gpxtpx:TrackPointExtension>
            <gpxtpx:hr>153</gpxtpx:hr>
          </gpxtpx:TrackPointExtension>
        </extensions>
      </trkpt>
      <trkpt lat="40.001740285596604" lon="116.44917694527892">
        <ele>39.307990092784166</ele>
        <time>1970-01-01T00:06:03.600000Z</time>
        <extensions>
          <gpxtpx:TrackPointExtension>
            <gpxtpx:hr>153</gpxtpx:hr>
          </gpxtpx:TrackPointExtension>
        </extensions>
      </trkpt>
      <trkpt lat="40.00173833191985" lon="116.4491406145845">
        <ele>39.314296524971724</ele>
        <time>1970-01-01T00:06:04.600000Z</time>
        <extensions>
          <gpxtpx:TrackPointExtension>
            <gpxtpx:hr>153</gpxtpx:hr>
          </gpxtpx:TrackPointExtension>
        </extensions>
      </trkpt>
      <trkpt lat="40.00173509975669" lon="116.44910490504323">
        <ele>39.31711999606341</ele>
        <time>1970-01-01T00:06:05.600000Z</time>
        <extensions>
          <gpxtpx:TrackPointExtension>
            <gpxtpx:hr>153</gpxtpx:hr>
          </gpxtpx:TrackPointExtension>
        </extensions>
      </trkpt>
      <trkpt lat="40.00173014971644" lon="116.44907009059798">
        <ele>39.31724022515118</ele>
        <time>1970-01-01T00:06:06.600000Z</time>
        <extensions>
          <gpxtpx:TrackPointExtension>
            <gpxtpx:hr>153</gpxtpx:hr>
          </gpxtpx:TrackPointExtension>
        </extensions>
      </trkpt>
      <trkpt lat="40.00172351215022" lon="116.44903612867896">
        <ele>39.313936084508896</ele>
        <time>1970-01-01T00:06:07.600000Z</time>
        <extensions>
          <gpxtpx:TrackPointExtension>
            <gpxtpx:hr>153</gpxtpx:hr>
          </gpxtpx:TrackPointExtension>
        </extensions>
      </trkpt>
      <trkpt lat="40.001715301368364" lon="116.44900310639115">
        <ele>39.30656648147851</ele>
        <time>1970-01-01T00:06:08.600000Z</time>
        <extensions>
          <gpxtpx:TrackPointExtension>
            <gpxtpx:hr>153</gpxtpx:hr>
          </gpxtpx:TrackPointExtension>
        </extensions>
      </trkpt>
      <trkpt lat="40.00170557384753" lon="116.44897123912315">
        <ele>39.29513239301741</ele>
        <time>1970-01-01T00:06:09.600000Z</time>
        <extensions>
          <gpxtpx:TrackPointExtension>
            <gpxtpx:hr>153</gpxtpx:hr>
          </gpxtpx:TrackPointExtension>
        </extensions>
      </trkpt>
      <trkpt lat="40.00169465084071" lon="116.44894059932399">
        <ele>39.27911365404725</ele>
        <time>1970-01-01T00:06:10.600000Z</time>
        <extensions>
          <gpxtpx:TrackPointExtension>
            <gpxtpx:hr>153</gpxtpx:hr>
          </gpxtpx:TrackPointExtension>
        </extensions>
      </trkpt>
      <trkpt lat="40.00168290275793" lon="116.44891110427446">
        <ele>39.260194088332355</ele>
        <time>1970-01-01T00:06:11.600000Z</time>
        <extensions>
          <gpxtpx:TrackPointExtension>
            <gpxtpx:hr>153</gpxtpx:hr>
          </gpxtpx:TrackPointExtension>
        </extensions>
      </trkpt>
      <trkpt lat="40.00167053896465" lon="116.44888243042692">
        <ele>39.237941183149815</ele>
        <time>1970-01-01T00:06:12.600000Z</time>
        <extensions>
          <gpxtpx:TrackPointExtension>
            <gpxtpx:hr>153</gpxtpx:hr>
          </gpxtpx:TrackPointExtension>
        </extensions>
      </trkpt>
      <trkpt lat="40.00165745247895" lon="116.44885376820532">
        <ele>39.21252031438053</ele>
        <time>1970-01-01T00:06:13.600000Z</time>
        <extensions>
          <gpxtpx:TrackPointExtension>
            <gpxtpx:hr>153</gpxtpx:hr>
          </gpxtpx:TrackPointExtension>
        </extensions>
      </trkpt>
      <trkpt lat="40.00164387307808" lon="116.44882477352054">
        <ele>39.18497662059963</ele>
        <time>1970-01-01T00:06:14.600000Z</time>
        <extensions>
          <gpxtpx:TrackPointExtension>
            <gpxtpx:hr>152</gpxtpx:hr>
          </gpxtpx:TrackPointExtension>
        </extensions>
      </trkpt>
      <trkpt lat="40.00163024372111" lon="116.4487953358822">
        <ele>39.155430315993726</ele>
        <time>1970-01-01T00:06:15.600000Z</time>
        <extensions>
          <gpxtpx:TrackPointExtension>
            <gpxtpx:hr>152</gpxtpx:hr>
          </gpxtpx:TrackPointExtension>
        </extensions>
      </trkpt>
      <trkpt lat="40.001616971692044" lon="116.44876511772549">
        <ele>39.124340169131756</ele>
        <time>1970-01-01T00:06:16.600000Z</time>
        <extensions>
          <gpxtpx:TrackPointExtension>
            <gpxtpx:hr>152</gpxtpx:hr>
          </gpxtpx:TrackPointExtension>
        </extensions>
      </trkpt>
      <trkpt lat="40.001604253063796" lon="116.44873379641982">
        <ele>39.09305700100958</ele>
        <time>1970-01-01T00:06:17.600000Z</time>
        <extensions>
          <gpxtpx:TrackPointExtension>
            <gpxtpx:hr>152</gpxtpx:hr>
          </gpxtpx:TrackPointExtension>
        </extensions>
      </trkpt>
      <trkpt lat="40.001592280867094" lon="116.44870131545282">
        <ele>39.06132076121867</ele>
        <time>1970-01-01T00:06:18.600000Z</time>
        <extensions>
          <gpxtpx:TrackPointExtension>
            <gpxtpx:hr>152</gpxtpx:hr>
          </gpxtpx:TrackPointExtension>
        </extensions>
      </trkpt>
      <trkpt lat="40.00158084386224" lon="116.44866789265485">
        <ele>39.03001540992409</ele>
        <time>1970-01-01T00:06:19.600000Z</time>
        <extensions>
          <gpxtpx:TrackPointExtension>
            <gpxtpx:hr>152</gpxtpx:hr>
          </gpxtpx:TrackPointExtension>
        </extensions>
      </trkpt>
      <trkpt lat="40.001569187230544" lon="116.44863432370794">
        <ele>38.99878156464547</ele>
        <time>1970-01-01T00:06:20.600000Z</time>
        <extensions>
          <gpxtpx:TrackPointExtension>
            <gpxtpx:hr>152</gpxtpx:hr>
          </gpxtpx:TrackPointExtension>
        </extensions>
      </trkpt>
      <trkpt lat="40.00155673283661" lon="116.44860178069331">
        <ele>38.96777753252536</ele>
        <time>1970-01-01T00:06:21.600000Z</time>
        <extensions>
          <gpxtpx:TrackPointExtension>
            <gpxtpx:hr>152</gpxtpx:hr>
          </gpxtpx:TrackPointExtension>
        </extensions>
      </trkpt>
      <trkpt lat="40.00154484561766" lon="116.44856999157234">
        <ele>38.93782015144825</ele>
        <time>1970-01-01T00:06:22.600000Z</time>
        <extensions>
          <gpxtpx:TrackPointExtension>
            <gpxtpx:hr>152</gpxtpx:hr>
          </gpxtpx:TrackPointExtension>
        </extensions>
      </trkpt>
      <trkpt lat="40.001534895396006" lon="116.44853806512266">
        <ele>38.91059824451804</ele>
        <time>1970-01-01T00:06:23.600000Z</time>
        <extensions>
          <gpxtpx:TrackPointExtension>
            <gpxtpx:hr>152</gpxtpx:hr>
          </gpxtpx:TrackPointExtension>
        </extensions>
      </trkpt>
      <trkpt lat="40.00152647547666" lon="116.44850574076067">
        <ele>38.883933926932514</ele>
        <time>1970-01-01T00:06:24.600000Z</time>
        <extensions>
          <gpxtpx:TrackPointExtension>
            <gpxtpx:hr>151</gpxtpx:hr>
          </gpxtpx:TrackPointExtension>
        </extensions>
      </trkpt>
      <trkpt lat="40.00151909054996" lon="116.44847313445402">
        <ele>38.858539786189795</ele>
        <time>1970-01-01T00:06:25.600000Z</time>
        <extensions>
          <gpxtpx:TrackPointExtension>
            <gpxtpx:hr>151</gpxtpx:hr>
          </gpxtpx:TrackPointExtension>
        </extensions>
      </trkpt>
      <trkpt lat="40.00151233203896" lon="116.44844050531077">
        <ele>38.834551971405745</ele>
        <time>1970-01-01T00:06:26.600000Z</time>
        <extensions>
          <gpxtpx:TrackPointExtension>
            <gpxtpx:hr>151</gpxtpx:hr>
          </gpxtpx:TrackPointExtension>
        </extensions>
      </trkpt>
      <trkpt lat="40.001505922907846" lon="116.44840765127326">
        <ele>38.81337031535804</ele>
        <time>1970-01-01T00:06:27.600000Z</time>
        <extensions>
          <gpxtpx:TrackPointExtension>
            <gpxtpx:hr>151</gpxtpx:hr>
          </gpxtpx:TrackPointExtension>
        </extensions>
      </trkpt>
      <trkpt lat="40.001499719967505" lon="116.44837423123239">
        <ele>38.79636695608497</ele>
        <time>1970-01-01T00:06:28.600000Z</time>
        <extensions>
          <gpxtpx:TrackPointExtension>
            <gpxtpx:hr>151</gpxtpx:hr>
          </gpxtpx:TrackPointExtension>
        </extensions>
      </trkpt>
      <trkpt lat="40.00149369347267" lon="116.44834049277911">
        <ele>38.780124962329865</ele>
        <time>1970-01-01T00:06:29.600000Z</time>
        <extensions>
          <gpxtpx:TrackPointExtension>
            <gpxtpx:hr>151</gpxtpx:hr>
          </gpxtpx:TrackPointExtension>
        </extensions>
      </trkpt>
      <trkpt lat="40.00148777914841" lon="116.44830682041906">
        <ele>38.7645744420588</ele>
        <time>1970-01-01T00:06:30.600000Z</time>
        <extensions>
          <gpxtpx:TrackPointExtension>
            <gpxtpx:hr>151</gpxtpx:hr>
          </gpxtpx:TrackPointExtension>
        </extensions>
      </trkpt>
      <trkpt lat="40.00148196272158" lon="116.44827274558439">
        <ele>38.7509307730943</ele>
        <time>1970-01-01T00:06:31.600000Z</time>
        <extensions>
          <gpxtpx:TrackPointExtension>
            <gpxtpx:hr>149</gpxtpx:hr>
          </gpxtpx:TrackPointExtension>
        </extensions>
      </trkpt>
      <trkpt lat="40.00147616166769" lon="116.44823786468302">
        <ele>38.73757209815085</ele>
        <time>1970-01-01T00:06:32.600000Z</time>
        <extensions>
          <gpxtpx:TrackPointExtension>
            <gpxtpx:hr>149</gpxtpx:hr>
          </gpxtpx:TrackPointExtension>
        </extensions>
      </trkpt>
      <trkpt lat="40.00147030618806" lon="116.44820300310263">
        <ele>38.72594817727804</ele>
        <time>1970-01-01T00:06:33.600000Z</time>
        <extensions>
          <gpxtpx:TrackPointExtension>
            <gpxtpx:hr>149</gpxtpx:hr>
          </gpxtpx:TrackPointExtension>
        </extensions>
      </trkpt>
      <trkpt lat="40.00146418957676" lon="116.44816886850013">
        <ele>38.71568481065333</ele>
        <time>1970-01-01T00:06:34.600000Z</time>
        <extensions>
          <gpxtpx:TrackPointExtension>
            <gpxtpx:hr>150</gpxtpx:hr>
          </gpxtpx:TrackPointExtension>
        </extensions>
      </trkpt>
      <trkpt lat="40.001457830075346" lon="116.44813554939955">
        <ele>38.70709214452654</ele>
        <time>1970-01-01T00:06:35.600000Z</time>
        <extensions>
          <gpxtpx:TrackPointExtension>
            <gpxtpx:hr>150</gpxtpx:hr>
          </gpxtpx:TrackPointExtension>
        </extensions>
      </trkpt>
      <trkpt lat="40.00145127392891" lon="116.44810283367272">
        <ele>38.70066818129271</ele>
        <time>1970-01-01T00:06:36.600000Z</time>
        <extensions>
          <gpxtpx:TrackPointExtension>
            <gpxtpx:hr>150</gpxtpx:hr>
          </gpxtpx:TrackPointExtension>
        </extensions>
      </trkpt>
      <trkpt lat="40.0014444777434" lon="116.44807033672303">
        <ele>38.69602629356086</ele>
        <time>1970-01-01T00:06:37.600000Z</time>
        <extensions>
          <gpxtpx:TrackPointExtension>
            <gpxtpx:hr>150</gpxtpx:hr>
          </gpxtpx:TrackPointExtension>
        </extensions>
      </trkpt>
      <trkpt lat="40.001437578541676" lon="116.44803777508008">
        <ele>38.69310223404318</ele>
        <time>1970-01-01T00:06:38.600000Z</time>
        <extensions>
          <gpxtpx:TrackPointExtension>
            <gpxtpx:hr>150</gpxtpx:hr>
          </gpxtpx:TrackPointExtension>
        </extensions>
      </trkpt>
      <trkpt lat="40.00143061096076" lon="116.44800488647981">
        <ele>38.69157810509205</ele>
        <time>1970-01-01T00:06:39.600000Z</time>
        <extensions>
          <gpxtpx:TrackPointExtension>
            <gpxtpx:hr>150</gpxtpx:hr>
          </gpxtpx:TrackPointExtension>
        </extensions>
      </trkpt>
      <trkpt lat="40.00142345184125" lon="116.44797170198486">
        <ele>38.691430274397135</ele>
        <time>1970-01-01T00:06:40.600000Z</time>
        <extensions>
          <gpxtpx:TrackPointExtension>
            <gpxtpx:hr>150</gpxtpx:hr>
          </gpxtpx:TrackPointExtension>
        </extensions>
      </trkpt>
      <trkpt lat="40.00141591975233" lon="116.4479382082714">
        <ele>38.69202551338822</ele>
        <time>1970-01-01T00:06:41.600000Z</time>
        <extensions>
          <gpxtpx:TrackPointExtension>
            <gpxtpx:hr>150</gpxtpx:hr>
          </gpxtpx:TrackPointExtension>
        </extensions>
      </trkpt>
      <trkpt lat="40.00140791651991" lon="116.44790469281132">
        <ele>38.69489986076951</ele>
        <time>1970-01-01T00:06:42.600000Z</time>
        <extensions>
          <gpxtpx:TrackPointExtension>
            <gpxtpx:hr>150</gpxtpx:hr>
          </gpxtpx:TrackPointExtension>
        </extensions>
      </trkpt>
      <trkpt lat="40.001399325434605" lon="116.44787179277097">
        <ele>38.697927474975586</ele>
        <time>1970-01-01T00:06:43.600000Z</time>
        <extensions>
          <gpxtpx:TrackPointExtension>
            <gpxtpx:hr>150</gpxtpx:hr>
          </gpxtpx:TrackPointExtension>
        </extensions>
      </trkpt>
      <trkpt lat="40.00138992696911" lon="116.44783969436922">
        <ele>38.702543024905026</ele>
        <time>1970-01-01T00:06:44.600000Z</time>
        <extensions>
          <gpxtpx:TrackPointExtension>
            <gpxtpx:hr>150</gpxtpx:hr>
          </gpxtpx:TrackPointExtension>
        </extensions>
      </trkpt>
      <trkpt lat="40.001378970365245" lon="116.44780802437042">
        <ele>38.70929923839867</ele>
        <time>1970-01-01T00:06:45.600000Z</time>
        <extensions>
          <gpxtpx:TrackPointExtension>
            <gpxtpx:hr>150</gpxtpx:hr>
          </gpxtpx:TrackPointExtension>
        </extensions>
      </trkpt>
      <trkpt lat="40.00136697406791" lon="116.44777661221255">
        <ele>38.71799545176327</ele>
        <time>1970-01-01T00:06:46.600000Z</time>
        <extensions>
          <gpxtpx:TrackPointExtension>
            <gpxtpx:hr>150</gpxtpx:hr>
          </gpxtpx:TrackPointExtension>
        </extensions>
      </trkpt>
      <trkpt lat="40.00135664825" lon="116.44774464771544">
        <ele>38.730482320301235</ele>
        <time>1970-01-01T00:06:47.600000Z</time>
        <extensions>
          <gpxtpx:TrackPointExtension>
            <gpxtpx:hr>152</gpxtpx:hr>
          </gpxtpx:TrackPointExtension>
        </extensions>
      </trkpt>
      <trkpt lat="40.00134957291805" lon="116.4477114570855">
        <ele>38.74649260845035</ele>
        <time>1970-01-01T00:06:48.600000Z</time>
        <extensions>
          <gpxtpx:TrackPointExtension>
            <gpxtpx:hr>152</gpxtpx:hr>
          </gpxtpx:TrackPointExtension>
        </extensions>
      </trkpt>
      <trkpt lat="40.001345385194504" lon="116.44767717411956">
        <ele>38.76703373808414</ele>
        <time>1970-01-01T00:06:49.600000Z</time>
        <extensions>
          <gpxtpx:TrackPointExtension>
            <gpxtpx:hr>152</gpxtpx:hr>
          </gpxtpx:TrackPointExtension>
        </extensions>
      </trkpt>
      <trkpt lat="40.001343824112325" lon="116.44764199137359">
        <ele>38.79313839133829</ele>
        <time>1970-01-01T00:06:50.600000Z</time>
        <extensions>
          <gpxtpx:TrackPointExtension>
            <gpxtpx:hr>152</gpxtpx:hr>
          </gpxtpx:TrackPointExtension>
        </extensions>
      </trkpt>
      <trkpt lat="40.00134455698933" lon="116.44760630079004">
        <ele>38.82337482832372</ele>
        <time>1970-01-01T00:06:51.600000Z</time>
        <extensions>
          <gpxtpx:TrackPointExtension>
            <gpxtpx:hr>152</gpxtpx:hr>
          </gpxtpx:TrackPointExtension>
        </extensions>
      </trkpt>
      <trkpt lat="40.001346783144896" lon="116.44757062292422">
        <ele>38.857877135276794</ele>
        <time>1970-01-01T00:06:52.600000Z</time>
        <extensions>
          <gpxtpx:TrackPointExtension>
            <gpxtpx:hr>152</gpxtpx:hr>
          </gpxtpx:TrackPointExtension>
        </extensions>
      </trkpt>
      <trkpt lat="40.00134919729783" lon="116.44753563075012">
        <ele>38.896218995563686</ele>
        <time>1970-01-01T00:06:53.600000Z</time>
        <extensions>
          <gpxtpx:TrackPointExtension>
            <gpxtpx:hr>152</gpxtpx:hr>
          </gpxtpx:TrackPointExtension>
        </extensions>
      </trkpt>
      <trkpt lat="40.001350552122226" lon="116.44750146410303">
        <ele>38.93665798846632</ele>
        <time>1970-01-01T00:06:54.600000Z</time>
        <extensions>
          <gpxtpx:TrackPointExtension>
            <gpxtpx:hr>154</gpxtpx:hr>
          </gpxtpx:TrackPointExtension>
        </extensions>
      </trkpt>
      <trkpt lat="40.001350387216775" lon="116.44746777143749">
        <ele>38.979938842356205</ele>
        <time>1970-01-01T00:06:55.600000Z</time>
        <extensions>
          <gpxtpx:TrackPointExtension>
            <gpxtpx:hr>154</gpxtpx:hr>
          </gpxtpx:TrackPointExtension>
        </extensions>
      </trkpt>
      <trkpt lat="40.00134853354081" lon="116.44743436673679">
        <ele>39.024349223822355</ele>
        <time>1970-01-01T00:06:56.600000Z</time>
        <extensions>
          <gpxtpx:TrackPointExtension>
            <gpxtpx:hr>154</gpxtpx:hr>
          </gpxtpx:TrackPointExtension>
        </extensions>
      </trkpt>
      <trkpt lat="40.00134517669637" lon="116.44740117721355">
        <ele>39.06952815502882</ele>
        <time>1970-01-01T00:06:57.600000Z</time>
        <extensions>
          <gpxtpx:TrackPointExtension>
            <gpxtpx:hr>154</gpxtpx:hr>
          </gpxtpx:TrackPointExtension>
        </extensions>
      </trkpt>
      <trkpt lat="40.00134063379237" lon="116.44736780507726">
        <ele>39.115207673981786</ele>
        <time>1970-01-01T00:06:58.600000Z</time>
        <extensions>
          <gpxtpx:TrackPointExtension>
            <gpxtpx:hr>154</gpxtpx:hr>
          </gpxtpx:TrackPointExtension>
        </extensions>
      </trkpt>
      <trkpt lat="40.00133503540209" lon="116.44733371203922">
        <ele>39.160658420063555</ele>
        <time>1970-01-01T00:06:59.600000Z</time>
        <extensions>
          <gpxtpx:TrackPointExtension>
            <gpxtpx:hr>155</gpxtpx:hr>
          </gpxtpx:TrackPointExtension>
        </extensions>
      </trkpt>
      <trkpt lat="40.00132851173967" lon="116.44729877991297">
        <ele>39.20645058620721</ele>
        <time>1970-01-01T00:07:00.600000Z</time>
        <extensions>
          <gpxtpx:TrackPointExtension>
            <gpxtpx:hr>155</gpxtpx:hr>
          </gpxtpx:TrackPointExtension>
        </extensions>
      </trkpt>
      <trkpt lat="40.00132129803819" lon="116.44726347194863">
        <ele>39.25237302016467</ele>
        <time>1970-01-01T00:07:01.600000Z</time>
        <extensions>
          <gpxtpx:TrackPointExtension>
            <gpxtpx:hr>155</gpxtpx:hr>
          </gpxtpx:TrackPointExtension>
        </extensions>
      </trkpt>
      <trkpt lat="40.0013134861068" lon="116.44722774600993">
        <ele>39.29950935393572</ele>
        <time>1970-01-01T00:07:02.600000Z</time>
        <extensions>
          <gpxtpx:TrackPointExtension>
            <gpxtpx:hr>155</gpxtpx:hr>
          </gpxtpx:TrackPointExtension>
        </extensions>
      </trkpt>
      <trkpt lat="40.001305310372075" lon="116.44719170905297">
        <ele>39.34705883637071</ele>
        <time>1970-01-01T00:07:03.600000Z</time>
        <extensions>
          <gpxtpx:TrackPointExtension>
            <gpxtpx:hr>156</gpxtpx:hr>
          </gpxtpx:TrackPointExtension>
        </extensions>
      </trkpt>
      <trkpt lat="40.00129686734208" lon="116.44715589074012">
        <ele>39.39670791849494</ele>
        <time>1970-01-01T00:07:04.600000Z</time>
        <extensions>
          <gpxtpx:TrackPointExtension>
            <gpxtpx:hr>156</gpxtpx:hr>
          </gpxtpx:TrackPointExtension>
        </extensions>
      </trkpt>
      <trkpt lat="40.0012882260872" lon="116.44712032736697">
        <ele>39.448272624984384</ele>
        <time>1970-01-01T00:07:05.600000Z</time>
        <extensions>
          <gpxtpx:TrackPointExtension>
            <gpxtpx:hr>156</gpxtpx:hr>
          </gpxtpx:TrackPointExtension>
        </extensions>
      </trkpt>
      <trkpt lat="40.00127963899071" lon="116.44708511397876">
        <ele>39.50192707963288</ele>
        <time>1970-01-01T00:07:06.600000Z</time>
        <extensions>
          <gpxtpx:TrackPointExtension>
            <gpxtpx:hr>156</gpxtpx:hr>
          </gpxtpx:TrackPointExtension>
        </extensions>
      </trkpt>
      <trkpt lat="40.00127129979539" lon="116.44705056833611">
        <ele>39.55800963193178</ele>
        <time>1970-01-01T00:07:07.600000Z</time>
        <extensions>
          <gpxtpx:TrackPointExtension>
            <gpxtpx:hr>156</gpxtpx:hr>
          </gpxtpx:TrackPointExtension>
        </extensions>
      </trkpt>
      <trkpt lat="40.00126310298179" lon="116.44701625934978">
        <ele>39.61588445212692</ele>
        <time>1970-01-01T00:07:08.600000Z</time>
        <extensions>
          <gpxtpx:TrackPointExtension>
            <gpxtpx:hr>156</gpxtpx:hr>
          </gpxtpx:TrackPointExtension>
        </extensions>
      </trkpt>
      <trkpt lat="40.00125507850489" lon="116.4469818440396">
        <ele>39.67508313059807</ele>
        <time>1970-01-01T00:07:09.600000Z</time>
        <extensions>
          <gpxtpx:TrackPointExtension>
            <gpxtpx:hr>156</gpxtpx:hr>
          </gpxtpx:TrackPointExtension>
        </extensions>
      </trkpt>
      <trkpt lat="40.001247349663196" lon="116.4469473462895">
        <ele>39.73544600699097</ele>
        <time>1970-01-01T00:07:10.600000Z</time>
        <extensions>
          <gpxtpx:TrackPointExtension>
            <gpxtpx:hr>156</gpxtpx:hr>
          </gpxtpx:TrackPointExtension>
        </extensions>
      </trkpt>
      <trkpt lat="40.00123973938182" lon="116.44691269428212">
        <ele>39.7961973818019</ele>
        <time>1970-01-01T00:07:11.600000Z</time>
        <extensions>
          <gpxtpx:TrackPointExtension>
            <gpxtpx:hr>156</gpxtpx:hr>
          </gpxtpx:TrackPointExtension>
        </extensions>
      </trkpt>
      <trkpt lat="40.0012321509217" lon="116.44687820423705">
        <ele>39.85686230752617</ele>
        <time>1970-01-01T00:07:12.600000Z</time>
        <extensions>
          <gpxtpx:TrackPointExtension>
            <gpxtpx:hr>156</gpxtpx:hr>
          </gpxtpx:TrackPointExtension>
        </extensions>
      </trkpt>
      <trkpt lat="40.00122439886938" lon="116.44684391780079">
        <ele>39.91752658225596</ele>
        <time>1970-01-01T00:07:13.600000Z</time>
        <extensions>
          <gpxtpx:TrackPointExtension>
            <gpxtpx:hr>156</gpxtpx:hr>
          </gpxtpx:TrackPointExtension>
        </extensions>
      </trkpt>
      <trkpt lat="40.001216383350005" lon="116.44680981276484">
        <ele>39.977694587782025</ele>
        <time>1970-01-01T00:07:14.600000Z</time>
        <extensions>
          <gpxtpx:TrackPointExtension>
            <gpxtpx:hr>156</gpxtpx:hr>
          </gpxtpx:TrackPointExtension>
        </extensions>
      </trkpt>
      <trkpt lat="40.001208342528365" lon="116.44677616057544">
        <ele>40.034695147536695</ele>
        <time>1970-01-01T00:07:15.600000Z</time>
        <extensions>
          <gpxtpx:TrackPointExtension>
            <gpxtpx:hr>156</gpxtpx:hr>
          </gpxtpx:TrackPointExtension>
        </extensions>
      </trkpt>
      <trkpt lat="40.00120038450122" lon="116.44674272846332">
        <ele>40.086871879175305</ele>
        <time>1970-01-01T00:07:16.600000Z</time>
        <extensions>
          <gpxtpx:TrackPointExtension>
            <gpxtpx:hr>156</gpxtpx:hr>
          </gpxtpx:TrackPointExtension>
        </extensions>
      </trkpt>
      <trkpt lat="40.001192184227264" lon="116.44670881569581">
        <ele>40.132737145759165</ele>
        <time>1970-01-01T00:07:17.600000Z</time>
        <extensions>
          <gpxtpx:TrackPointExtension>
            <gpxtpx:hr>156</gpxtpx:hr>
          </gpxtpx:TrackPointExtension>
        </extensions>
      </trkpt>
      <trkpt lat="40.001183621552805" lon="116.44667414226342">
        <ele>40.16994355712086</ele>
        <time>1970-01-01T00:07:18.600000Z</time>
        <extensions>
          <gpxtpx:TrackPointExtension>
            <gpxtpx:hr>157</gpxtpx:hr>
          </gpxtpx:TrackPointExtension>
        </extensions>
      </trkpt>
      <trkpt lat="40.00117475559667" lon="116.44663897254183">
        <ele>40.196712345816195</ele>
        <time>1970-01-01T00:07:19.600000Z</time>
        <extensions>
          <gpxtpx:TrackPointExtension>
            <gpxtpx:hr>157</gpxtpx:hr>
          </gpxtpx:TrackPointExtension>
        </extensions>
      </trkpt>
      <trkpt lat="40.00116606904638" lon="116.4466039420376">
        <ele>40.21157069224864</ele>
        <time>1970-01-01T00:07:20.600000Z</time>
        <extensions>
          <gpxtpx:TrackPointExtension>
            <gpxtpx:hr>157</gpxtpx:hr>
          </gpxtpx:TrackPointExtension>
        </extensions>
      </trkpt>
      <trkpt lat="40.0011578989589" lon="116.44656922092877">
        <ele>40.21461880020797</ele>
        <time>1970-01-01T00:07:21.600000Z</time>
        <extensions>
          <gpxtpx:TrackPointExtension>
            <gpxtpx:hr>157</gpxtpx:hr>
          </gpxtpx:TrackPointExtension>
        </extensions>
      </trkpt>
      <trkpt lat="40.00115027339662" lon="116.44653466676668">
        <ele>40.20638332981616</ele>
        <time>1970-01-01T00:07:22.600000Z</time>
        <extensions>
          <gpxtpx:TrackPointExtension>
            <gpxtpx:hr>157</gpxtpx:hr>
          </gpxtpx:TrackPointExtension>
        </extensions>
      </trkpt>
      <trkpt lat="40.001143153801955" lon="116.4464998784537">
        <ele>40.18835013452917</ele>
        <time>1970-01-01T00:07:23.600000Z</time>
        <extensions>
          <gpxtpx:TrackPointExtension>
            <gpxtpx:hr>157</gpxtpx:hr>
          </gpxtpx:TrackPointExtension>
        </extensions>
      </trkpt>
      <trkpt lat="40.00113663434604" lon="116.44646465590688">
        <ele>40.16168568935245</ele>
        <time>1970-01-01T00:07:24.600000Z</time>
        <extensions>
          <gpxtpx:TrackPointExtension>
            <gpxtpx:hr>157</gpxtpx:hr>
          </gpxtpx:TrackPointExtension>
        </extensions>
      </trkpt>
      <trkpt lat="40.00113085635261" lon="116.44642914339697">
        <ele>40.12852199841291</ele>
        <time>1970-01-01T00:07:25.600000Z</time>
        <extensions>
          <gpxtpx:TrackPointExtension>
            <gpxtpx:hr>157</gpxtpx:hr>
          </gpxtpx:TrackPointExtension>
        </extensions>
      </trkpt>
      <trkpt lat="40.00112592235439" lon="116.44639351061535">
        <ele>40.08977040834725</ele>
        <time>1970-01-01T00:07:26.600000Z</time>
        <extensions>
          <gpxtpx:TrackPointExtension>
            <gpxtpx:hr>157</gpxtpx:hr>
          </gpxtpx:TrackPointExtension>
        </extensions>
      </trkpt>
      <trkpt lat="40.00112217069972" lon="116.446358167629">
        <ele>40.04603916220367</ele>
        <time>1970-01-01T00:07:27.600000Z</time>
        <extensions>
          <gpxtpx:TrackPointExtension>
            <gpxtpx:hr>158</gpxtpx:hr>
          </gpxtpx:TrackPointExtension>
        </extensions>
      </trkpt>
      <trkpt lat="40.00111989094652" lon="116.44632302730527">
        <ele>39.99801886361092</ele>
        <time>1970-01-01T00:07:28.600000Z</time>
        <extensions>
          <gpxtpx:TrackPointExtension>
            <gpxtpx:hr>158</gpxtpx:hr>
          </gpxtpx:TrackPointExtension>
        </extensions>
      </trkpt>
      <trkpt lat="40.00111908413715" lon="116.4462875898948">
        <ele>39.946521828882396</ele>
        <time>1970-01-01T00:07:29.600000Z</time>
        <extensions>
          <gpxtpx:TrackPointExtension>
            <gpxtpx:hr>158</gpxtpx:hr>
          </gpxtpx:TrackPointExtension>
        </extensions>
      </trkpt>
      <trkpt lat="40.00111957768652" lon="116.44625172882199">
        <ele>39.892108445987105</ele>
        <time>1970-01-01T00:07:30.600000Z</time>
        <extensions>
          <gpxtpx:TrackPointExtension>
            <gpxtpx:hr>158</gpxtpx:hr>
          </gpxtpx:TrackPointExtension>
        </extensions>
      </trkpt>
      <trkpt lat="40.00112117781363" lon="116.44621556042175">
        <ele>39.83542770985514</ele>
        <time>1970-01-01T00:07:31.600000Z</time>
        <extensions>
          <gpxtpx:TrackPointExtension>
            <gpxtpx:hr>158</gpxtpx:hr>
          </gpxtpx:TrackPointExtension>
        </extensions>
      </trkpt>
      <trkpt lat="40.00112368457389" lon="116.44617944614919">
        <ele>39.7769773658365</ele>
        <time>1970-01-01T00:07:32.600000Z</time>
        <extensions>
          <gpxtpx:TrackPointExtension>
            <gpxtpx:hr>158</gpxtpx:hr>
          </gpxtpx:TrackPointExtension>
        </extensions>
      </trkpt>
      <trkpt lat="40.0011269022627" lon="116.44614402024395">
        <ele>39.71765415742993</ele>
        <time>1970-01-01T00:07:33.600000Z</time>
        <extensions>
          <gpxtpx:TrackPointExtension>
            <gpxtpx:hr>159</gpxtpx:hr>
          </gpxtpx:TrackPointExtension>
        </extensions>
      </trkpt>
      <trkpt lat="40.00113053307939" lon="116.44610945804861">
        <ele>39.657729727216065</ele>
        <time>1970-01-01T00:07:34.600000Z</time>
        <extensions>
          <gpxtpx:TrackPointExtension>
            <gpxtpx:hr>159</gpxtpx:hr>
          </gpxtpx:TrackPointExtension>
        </extensions>
      </trkpt>
      <trkpt lat="40.00113433664999" lon="116.4460753450857">
        <ele>39.59800355229527</ele>
        <time>1970-01-01T00:07:35.600000Z</time>
        <extensions>
          <gpxtpx:TrackPointExtension>
            <gpxtpx:hr>159</gpxtpx:hr>
          </gpxtpx:TrackPointExtension>
        </extensions>
      </trkpt>
      <trkpt lat="40.001138220495" lon="116.44604138094803">
        <ele>39.53930245433003</ele>
        <time>1970-01-01T00:07:36.600000Z</time>
        <extensions>
          <gpxtpx:TrackPointExtension>
            <gpxtpx:hr>159</gpxtpx:hr>
          </gpxtpx:TrackPointExtension>
        </extensions>
      </trkpt>
      <trkpt lat="40.0011421001989" lon="116.44600786177979">
        <ele>39.48184739705175</ele>
        <time>1970-01-01T00:07:37.600000Z</time>
        <extensions>
          <gpxtpx:TrackPointExtension>
            <gpxtpx:hr>159</gpxtpx:hr>
          </gpxtpx:TrackPointExtension>
        </extensions>
      </trkpt>
      <trkpt lat="40.00114572419343" lon="116.44597507828406">
        <ele>39.42544288095087</ele>
        <time>1970-01-01T00:07:38.600000Z</time>
        <extensions>
          <gpxtpx:TrackPointExtension>
            <gpxtpx:hr>159</gpxtpx:hr>
          </gpxtpx:TrackPointExtension>
        </extensions>
      </trkpt>
      <trkpt lat="40.00114880512455" lon="116.44594281814653">
        <ele>39.3709420748055</ele>
        <time>1970-01-01T00:07:39.600000Z</time>
        <extensions>
          <gpxtpx:TrackPointExtension>
            <gpxtpx:hr>158</gpxtpx:hr>
          </gpxtpx:TrackPointExtension>
        </extensions>
      </trkpt>
      <trkpt lat="40.00115102990397" lon="116.44591070484041">
        <ele>39.31821643561125</ele>
        <time>1970-01-01T00:07:40.600000Z</time>
        <extensions>
          <gpxtpx:TrackPointExtension>
            <gpxtpx:hr>158</gpxtpx:hr>
          </gpxtpx:TrackPointExtension>
        </extensions>
      </trkpt>
      <trkpt lat="40.00115213606227" lon="116.44587883010524">
        <ele>39.26726173143834</ele>
        <time>1970-01-01T00:07:41.600000Z</time>
        <extensions>
          <gpxtpx:TrackPointExtension>
            <gpxtpx:hr>158</gpxtpx:hr>
          </gpxtpx:TrackPointExtension>
        </extensions>
      </trkpt>
      <trkpt lat="40.00115195614487" lon="116.44584723198919">
        <ele>39.218055898323655</ele>
        <time>1970-01-01T00:07:42.600000Z</time>
        <extensions>
          <gpxtpx:TrackPointExtension>
            <gpxtpx:hr>158</gpxtpx:hr>
          </gpxtpx:TrackPointExtension>
        </extensions>
      </trkpt>
      <trkpt lat="40.001150176962206" lon="116.4458159105998">
        <ele>39.170605537481606</ele>
        <time>1970-01-01T00:07:43.600000Z</time>
        <extensions>
          <gpxtpx:TrackPointExtension>
            <gpxtpx:hr>158</gpxtpx:hr>
          </gpxtpx:TrackPointExtension>
        </extensions>
      </trkpt>
      <trkpt lat="40.00114641502224" lon="116.4457848611622">
        <ele>39.12494997307658</ele>
        <time>1970-01-01T00:07:44.600000Z</time>
        <extensions>
          <gpxtpx:TrackPointExtension>
            <gpxtpx:hr>158</gpxtpx:hr>
          </gpxtpx:TrackPointExtension>
        </extensions>
      </trkpt>
      <trkpt lat="40.001140887759696" lon="116.44575442752213">
        <ele>39.08113639988005</ele>
        <time>1970-01-01T00:07:45.600000Z</time>
        <extensions>
          <gpxtpx:TrackPointExtension>
            <gpxtpx:hr>158</gpxtpx:hr>
          </gpxtpx:TrackPointExtension>
        </extensions>
      </trkpt>
      <trkpt lat="40.001134269764606" lon="116.4457249807679">
        <ele>39.039228335022926</ele>
        <time>1970-01-01T00:07:46.600000Z</time>
        <extensions>
          <gpxtpx:TrackPointExtension>
            <gpxtpx:hr>158</gpxtpx:hr>
          </gpxtpx:TrackPointExtension>
        </extensions>
      </trkpt>
      <trkpt lat="40.00112637440069" lon="116.44569706920285">
        <ele>38.99933641217649</ele>
        <time>1970-01-01T00:07:47.600000Z</time>
        <extensions>
          <gpxtpx:TrackPointExtension>
            <gpxtpx:hr>158</gpxtpx:hr>
          </gpxtpx:TrackPointExtension>
        </extensions>
      </trkpt>
      <trkpt lat="40.00111744454277" lon="116.44567106043621">
        <ele>38.96162864752114</ele>
        <time>1970-01-01T00:07:48.600000Z</time>
        <extensions>
          <gpxtpx:TrackPointExtension>
            <gpxtpx:hr>158</gpxtpx:hr>
          </gpxtpx:TrackPointExtension>
        </extensions>
      </trkpt>
      <trkpt lat="40.00110826659476" lon="116.44564629282368">
        <ele>38.926325956359506</ele>
        <time>1970-01-01T00:07:49.600000Z</time>
        <extensions>
          <gpxtpx:TrackPointExtension>
            <gpxtpx:hr>158</gpxtpx:hr>
          </gpxtpx:TrackPointExtension>
        </extensions>
      </trkpt>
      <trkpt lat="40.00109880617317" lon="116.44562228651719">
        <ele>38.89366632793099</ele>
        <time>1970-01-01T00:07:50.600000Z</time>
        <extensions>
          <gpxtpx:TrackPointExtension>
            <gpxtpx:hr>158</gpxtpx:hr>
          </gpxtpx:TrackPointExtension>
        </extensions>
      </trkpt>
      <trkpt lat="40.001089130159315" lon="116.44559881082562">
        <ele>38.863894243724644</ele>
        <time>1970-01-01T00:07:51.600000Z</time>
        <extensions>
          <gpxtpx:TrackPointExtension>
            <gpxtpx:hr>158</gpxtpx:hr>
          </gpxtpx:TrackPointExtension>
        </extensions>
      </trkpt>
      <trkpt lat="40.00107906293278" lon="116.44557591214827">
        <ele>38.8372410973534</ele>
        <time>1970-01-01T00:07:52.600000Z</time>
        <extensions>
          <gpxtpx:TrackPointExtension>
            <gpxtpx:hr>158</gpxtpx:hr>
          </gpxtpx:TrackPointExtension>
        </extensions>
      </trkpt>
      <trkpt lat="40.001068035530864" lon="116.44555393836532">
        <ele>38.81398669350892</ele>
        <time>1970-01-01T00:07:53.600000Z</time>
        <extensions>
          <gpxtpx:TrackPointExtension>
            <gpxtpx:hr>158</gpxtpx:hr>
          </gpxtpx:TrackPointExtension>
        </extensions>
      </trkpt>
      <trkpt lat="40.00105644126823" lon="116.44553267541686">
        <ele>38.794430658221245</ele>
        <time>1970-01-01T00:07:54.600000Z</time>
        <extensions>
          <gpxtpx:TrackPointExtension>
            <gpxtpx:hr>159</gpxtpx:hr>
          </gpxtpx:TrackPointExtension>
        </extensions>
      </trkpt>
      <trkpt lat="40.0010452397933" lon="116.44551182206986">
        <ele>38.778772784397006</ele>
        <time>1970-01-01T00:07:55.600000Z</time>
        <extensions>
          <gpxtpx:TrackPointExtension>
            <gpxtpx:hr>159</gpxtpx:hr>
          </gpxtpx:TrackPointExtension>
        </extensions>
      </trkpt>
      <trkpt lat="40.001034910427954" lon="116.44549122569798">
        <ele>38.76708772685379</ele>
        <time>1970-01-01T00:07:56.700000Z</time>
        <extensions>
          <gpxtpx:TrackPointExtension>
            <gpxtpx:hr>159</gpxtpx:hr>
          </gpxtpx:TrackPointExtension>
        </extensions>
      </trkpt>
      <trkpt lat="40.001025485188194" lon="116.44547011810235">
        <ele>38.75933210644871</ele>
        <time>1970-01-01T00:07:57.700000Z</time>
        <extensions>
          <gpxtpx:TrackPointExtension>
            <gpxtpx:hr>159</gpxtpx:hr>
          </gpxtpx:TrackPointExtension>
        </extensions>
      </trkpt>
      <trkpt lat="40.00101684324506" lon="116.44544853225365">
        <ele>38.755337281152606</ele>
        <time>1970-01-01T00:07:58.700000Z</time>
        <extensions>
          <gpxtpx:TrackPointExtension>
            <gpxtpx:hr>159</gpxtpx:hr>
          </gpxtpx:TrackPointExtension>
        </extensions>
      </trkpt>
      <trkpt lat="40.00100875598572" lon="116.44542683822645">
        <ele>38.7550090579316</ele>
        <time>1970-01-01T00:07:59.700000Z</time>
        <extensions>
          <gpxtpx:TrackPointExtension>
            <gpxtpx:hr>159</gpxtpx:hr>
          </gpxtpx:TrackPointExtension>
        </extensions>
      </trkpt>
      <trkpt lat="40.00100065731549" lon="116.44540535733192">
        <ele>38.75836890935898</ele>
        <time>1970-01-01T00:08:00.700000Z</time>
        <extensions>
          <gpxtpx:TrackPointExtension>
            <gpxtpx:hr>159</gpxtpx:hr>
          </gpxtpx:TrackPointExtension>
        </extensions>
      </trkpt>
      <trkpt lat="40.00099258847561" lon="116.44538424283998">
        <ele>38.7654875786975</ele>
        <time>1970-01-01T00:08:01.700000Z</time>
        <extensions>
          <gpxtpx:TrackPointExtension>
            <gpxtpx:hr>159</gpxtpx:hr>
          </gpxtpx:TrackPointExtension>
        </extensions>
      </trkpt>
      <trkpt lat="40.00098473798926" lon="116.44536374543753">
        <ele>38.776392987929285</ele>
        <time>1970-01-01T00:08:02.700000Z</time>
        <extensions>
          <gpxtpx:TrackPointExtension>
            <gpxtpx:hr>159</gpxtpx:hr>
          </gpxtpx:TrackPointExtension>
        </extensions>
      </trkpt>
      <trkpt lat="40.000976394824974" lon="116.44534489832532">
        <ele>38.79088469222188</ele>
        <time>1970-01-01T00:08:03.700000Z</time>
        <extensions>
          <gpxtpx:TrackPointExtension>
            <gpxtpx:hr>159</gpxtpx:hr>
          </gpxtpx:TrackPointExtension>
        </extensions>
      </trkpt>
      <trkpt lat="40.000967108578116" lon="116.4453284200254">
        <ele>38.8082929328084</ele>
        <time>1970-01-01T00:08:04.700000Z</time>
        <extensions>
          <gpxtpx:TrackPointExtension>
            <gpxtpx:hr>159</gpxtpx:hr>
          </gpxtpx:TrackPointExtension>
        </extensions>
      </trkpt>
      <trkpt lat="40.000956570277005" lon="116.44531487302699">
        <ele>38.82771447021514</ele>
        <time>1970-01-01T00:08:05.700000Z</time>
        <extensions>
          <gpxtpx:TrackPointExtension>
            <gpxtpx:hr>159</gpxtpx:hr>
          </gpxtpx:TrackPointExtension>
        </extensions>
      </trkpt>
      <trkpt lat="40.00094430534061" lon="116.4453043508556">
        <ele>38.848370424471796</ele>
        <time>1970-01-01T00:08:06.700000Z</time>
        <extensions>
          <gpxtpx:TrackPointExtension>
            <gpxtpx:hr>159</gpxtpx:hr>
          </gpxtpx:TrackPointExtension>
        </extensions>
      </trkpt>
      <trkpt lat="40.000930811468315" lon="116.44529402473442">
        <ele>38.869862475432456</ele>
        <time>1970-01-01T00:08:07.700000Z</time>
        <extensions>
          <gpxtpx:TrackPointExtension>
            <gpxtpx:hr>159</gpxtpx:hr>
          </gpxtpx:TrackPointExtension>
        </extensions>
      </trkpt>
      <trkpt lat="40.00091732571486" lon="116.4452803993728">
        <ele>38.89212345145643</ele>
        <time>1970-01-01T00:08:08.700000Z</time>
        <extensions>
          <gpxtpx:TrackPointExtension>
            <gpxtpx:hr>159</gpxtpx:hr>
          </gpxtpx:TrackPointExtension>
        </extensions>
      </trkpt>
      <trkpt lat="40.00090481047955" lon="116.44526251018526">
        <ele>38.91522766370326</ele>
        <time>1970-01-01T00:08:09.700000Z</time>
        <extensions>
          <gpxtpx:TrackPointExtension>
            <gpxtpx:hr>157</gpxtpx:hr>
          </gpxtpx:TrackPointExtension>
        </extensions>
      </trkpt>
      <trkpt lat="40.000894189880455" lon="116.44523984230284">
        <ele>38.939412685111165</ele>
        <time>1970-01-01T00:08:10.700000Z</time>
        <extensions>
          <gpxtpx:TrackPointExtension>
            <gpxtpx:hr>157</gpxtpx:hr>
          </gpxtpx:TrackPointExtension>
        </extensions>
      </trkpt>
      <trkpt lat="40.00088540902081" lon="116.4452131286921">
        <ele>38.96519501693547</ele>
        <time>1970-01-01T00:08:11.700000Z</time>
        <extensions>
          <gpxtpx:TrackPointExtension>
            <gpxtpx:hr>157</gpxtpx:hr>
          </gpxtpx:TrackPointExtension>
        </extensions>
      </trkpt>
      <trkpt lat="40.000877879965536" lon="116.44518447861594">
        <ele>38.99323874246329</ele>
        <time>1970-01-01T00:08:12.700000Z</time>
        <extensions>
          <gpxtpx:TrackPointExtension>
            <gpxtpx:hr>157</gpxtpx:hr>
          </gpxtpx:TrackPointExtension>
        </extensions>
      </trkpt>
      <trkpt lat="40.00087144267347" lon="116.44515534883246">
        <ele>39.02414043340832</ele>
        <time>1970-01-01T00:08:13.700000Z</time>
        <extensions>
          <gpxtpx:TrackPointExtension>
            <gpxtpx:hr>157</gpxtpx:hr>
          </gpxtpx:TrackPointExtension>
        </extensions>
      </trkpt>
      <trkpt lat="40.00086586850789" lon="116.44512662440138">
        <ele>39.05890829954296</ele>
        <time>1970-01-01T00:08:14.700000Z</time>
        <extensions>
          <gpxtpx:TrackPointExtension>
            <gpxtpx:hr>157</gpxtpx:hr>
          </gpxtpx:TrackPointExtension>
        </extensions>
      </trkpt>
      <trkpt lat="40.0008609031546" lon="116.44509810858459">
        <ele>39.09739667363465</ele>
        <time>1970-01-01T00:08:15.700000Z</time>
        <extensions>
          <gpxtpx:TrackPointExtension>
            <gpxtpx:hr>157</gpxtpx:hr>
          </gpxtpx:TrackPointExtension>
        </extensions>
      </trkpt>
      <trkpt lat="40.00085626634436" lon="116.44506910225192">
        <ele>39.13974301703274</ele>
        <time>1970-01-01T00:08:16.700000Z</time>
        <extensions>
          <gpxtpx:TrackPointExtension>
            <gpxtpx:hr>157</gpxtpx:hr>
          </gpxtpx:TrackPointExtension>
        </extensions>
      </trkpt>
      <trkpt lat="40.00085187672442" lon="116.44503954979302">
        <ele>39.18581947684288</ele>
        <time>1970-01-01T00:08:17.700000Z</time>
        <extensions>
          <gpxtpx:TrackPointExtension>
            <gpxtpx:hr>155</gpxtpx:hr>
          </gpxtpx:TrackPointExtension>
        </extensions>
      </trkpt>
      <trkpt lat="40.00084773184753" lon="116.4450095841528">
        <ele>39.23550358880311</ele>
        <time>1970-01-01T00:08:18.700000Z</time>
        <extensions>
          <gpxtpx:TrackPointExtension>
            <gpxtpx:hr>155</gpxtpx:hr>
          </gpxtpx:TrackPointExtension>
        </extensions>
      </trkpt>
      <trkpt lat="40.00084386148476" lon="116.44497923338999">
        <ele>39.28838639240712</ele>
        <time>1970-01-01T00:08:19.700000Z</time>
        <extensions>
          <gpxtpx:TrackPointExtension>
            <gpxtpx:hr>155</gpxtpx:hr>
          </gpxtpx:TrackPointExtension>
        </extensions>
      </trkpt>
      <trkpt lat="40.00084029170166" lon="116.44494843260387">
        <ele>39.343510820530355</ele>
        <time>1970-01-01T00:08:20.700000Z</time>
        <extensions>
          <gpxtpx:TrackPointExtension>
            <gpxtpx:hr>155</gpxtpx:hr>
          </gpxtpx:TrackPointExtension>
        </extensions>
      </trkpt>
      <trkpt lat="40.000837280102786" lon="116.44491745726363">
        <ele>39.39980915468186</ele>
        <time>1970-01-01T00:08:21.700000Z</time>
        <extensions>
          <gpxtpx:TrackPointExtension>
            <gpxtpx:hr>155</gpxtpx:hr>
          </gpxtpx:TrackPointExtension>
        </extensions>
      </trkpt>
      <trkpt lat="40.000834653797156" lon="116.4448862793209">
        <ele>39.45635356940329</ele>
        <time>1970-01-01T00:08:22.700000Z</time>
        <extensions>
          <gpxtpx:TrackPointExtension>
            <gpxtpx:hr>155</gpxtpx:hr>
          </gpxtpx:TrackPointExtension>
        </extensions>
      </trkpt>
      <trkpt lat="40.00083200777357" lon="116.44485446891123">
        <ele>39.51239702478051</ele>
        <time>1970-01-01T00:08:23.700000Z</time>
        <extensions>
          <gpxtpx:TrackPointExtension>
            <gpxtpx:hr>156</gpxtpx:hr>
          </gpxtpx:TrackPointExtension>
        </extensions>
      </trkpt>
      <trkpt lat="40.00082911109324" lon="116.44482162709222">
        <ele>39.56705352384597</ele>
        <time>1970-01-01T00:08:24.700000Z</time>
        <extensions>
          <gpxtpx:TrackPointExtension>
            <gpxtpx:hr>156</gpxtpx:hr>
          </gpxtpx:TrackPointExtension>
        </extensions>
      </trkpt>
      <trkpt lat="40.000825869242526" lon="116.44478799077328">
        <ele>39.61896364856511</ele>
        <time>1970-01-01T00:08:25.700000Z</time>
        <extensions>
          <gpxtpx:TrackPointExtension>
            <gpxtpx:hr>156</gpxtpx:hr>
          </gpxtpx:TrackPointExtension>
        </extensions>
      </trkpt>
      <trkpt lat="40.00082251177401" lon="116.4447540562769">
        <ele>39.665904484689236</ele>
        <time>1970-01-01T00:08:26.700000Z</time>
        <extensions>
          <gpxtpx:TrackPointExtension>
            <gpxtpx:hr>156</gpxtpx:hr>
          </gpxtpx:TrackPointExtension>
        </extensions>
      </trkpt>
      <trkpt lat="40.00081917342117" lon="116.44471950500879">
        <ele>39.705292518250644</ele>
        <time>1970-01-01T00:08:27.700000Z</time>
        <extensions>
          <gpxtpx:TrackPointExtension>
            <gpxtpx:hr>156</gpxtpx:hr>
          </gpxtpx:TrackPointExtension>
        </extensions>
      </trkpt>
      <trkpt lat="40.00081564029732" lon="116.4446839631696">
        <ele>39.735944190993905</ele>
        <time>1970-01-01T00:08:28.700000Z</time>
        <extensions>
          <gpxtpx:TrackPointExtension>
            <gpxtpx:hr>156</gpxtpx:hr>
          </gpxtpx:TrackPointExtension>
        </extensions>
      </trkpt>
      <trkpt lat="40.000811739549455" lon="116.44464749650655">
        <ele>39.75800594035536</ele>
        <time>1970-01-01T00:08:29.700000Z</time>
        <extensions>
          <gpxtpx:TrackPointExtension>
            <gpxtpx:hr>156</gpxtpx:hr>
          </gpxtpx:TrackPointExtension>
        </extensions>
      </trkpt>
      <trkpt lat="40.000807408793776" lon="116.4446104002596">
        <ele>39.771330853924155</ele>
        <time>1970-01-01T00:08:30.700000Z</time>
        <extensions>
          <gpxtpx:TrackPointExtension>
            <gpxtpx:hr>155</gpxtpx:hr>
          </gpxtpx:TrackPointExtension>
        </extensions>
      </trkpt>
      <trkpt lat="40.0008025535958" lon="116.4445732752076">
        <ele>39.77580365166068</ele>
        <time>1970-01-01T00:08:31.700000Z</time>
        <extensions>
          <gpxtpx:TrackPointExtension>
            <gpxtpx:hr>155</gpxtpx:hr>
          </gpxtpx:TrackPointExtension>
        </extensions>
      </trkpt>
      <trkpt lat="40.000797345918514" lon="116.44453641674204">
        <ele>39.77206098102033</ele>
        <time>1970-01-01T00:08:32.700000Z</time>
        <extensions>
          <gpxtpx:TrackPointExtension>
            <gpxtpx:hr>155</gpxtpx:hr>
          </gpxtpx:TrackPointExtension>
        </extensions>
      </trkpt>
      <trkpt lat="40.000792057978906" lon="116.44449980046379">
        <ele>39.76122940983623</ele>
        <time>1970-01-01T00:08:33.700000Z</time>
        <extensions>
          <gpxtpx:TrackPointExtension>
            <gpxtpx:hr>155</gpxtpx:hr>
          </gpxtpx:TrackPointExtension>
        </extensions>
      </trkpt>
      <trkpt lat="40.000786820935" lon="116.4444637124886">
        <ele>39.744566324166954</ele>
        <time>1970-01-01T00:08:34.700000Z</time>
        <extensions>
          <gpxtpx:TrackPointExtension>
            <gpxtpx:hr>155</gpxtpx:hr>
          </gpxtpx:TrackPointExtension>
        </extensions>
      </trkpt>
      <trkpt lat="40.000781744254766" lon="116.44442797257278">
        <ele>39.72328168898821</ele>
        <time>1970-01-01T00:08:35.700000Z</time>
        <extensions>
          <gpxtpx:TrackPointExtension>
            <gpxtpx:hr>155</gpxtpx:hr>
          </gpxtpx:TrackPointExtension>
        </extensions>
      </trkpt>
      <trkpt lat="40.000776829216036" lon="116.4443916640944">
        <ele>39.69864399731159</ele>
        <time>1970-01-01T00:08:36.700000Z</time>
        <extensions>
          <gpxtpx:TrackPointExtension>
            <gpxtpx:hr>155</gpxtpx:hr>
          </gpxtpx:TrackPointExtension>
        </extensions>
      </trkpt>
      <trkpt lat="40.00077201788657" lon="116.44435451867211">
        <ele>39.67201148159802</ele>
        <time>1970-01-01T00:08:37.700000Z</time>
        <extensions>
          <gpxtpx:TrackPointExtension>
            <gpxtpx:hr>155</gpxtpx:hr>
          </gpxtpx:TrackPointExtension>
        </extensions>
      </trkpt>
      <trkpt lat="40.00076724635946" lon="116.44431675461163">
        <ele>39.64476400706917</ele>
        <time>1970-01-01T00:08:38.700000Z</time>
        <extensions>
          <gpxtpx:TrackPointExtension>
            <gpxtpx:hr>155</gpxtpx:hr>
          </gpxtpx:TrackPointExtension>
        </extensions>
      </trkpt>
      <trkpt lat="40.000762475776035" lon="116.44427880272633">
        <ele>39.61806958448142</ele>
        <time>1970-01-01T00:08:39.700000Z</time>
        <extensions>
          <gpxtpx:TrackPointExtension>
            <gpxtpx:hr>155</gpxtpx:hr>
          </gpxtpx:TrackPointExtension>
        </extensions>
      </trkpt>
      <trkpt lat="40.00075768684388" lon="116.44424104936003">
        <ele>39.59265065472573</ele>
        <time>1970-01-01T00:08:40.700000Z</time>
        <extensions>
          <gpxtpx:TrackPointExtension>
            <gpxtpx:hr>155</gpxtpx:hr>
          </gpxtpx:TrackPointExtension>
        </extensions>
      </trkpt>
      <trkpt lat="40.00075290577613" lon="116.44420361066562">
        <ele>39.56882952526212</ele>
        <time>1970-01-01T00:08:41.700000Z</time>
        <extensions>
          <gpxtpx:TrackPointExtension>
            <gpxtpx:hr>155</gpxtpx:hr>
          </gpxtpx:TrackPointExtension>
        </extensions>
      </trkpt>
      <trkpt lat="40.00074809993906" lon="116.44416654557924">
        <ele>39.5467284983024</ele>
        <time>1970-01-01T00:08:42.700000Z</time>
        <extensions>
          <gpxtpx:TrackPointExtension>
            <gpxtpx:hr>155</gpxtpx:hr>
          </gpxtpx:TrackPointExtension>
        </extensions>
      </trkpt>
      <trkpt lat="40.000743093859306" lon="116.4441297164148">
        <ele>39.52634864207357</ele>
        <time>1970-01-01T00:08:43.700000Z</time>
        <extensions>
          <gpxtpx:TrackPointExtension>
            <gpxtpx:hr>155</gpxtpx:hr>
          </gpxtpx:TrackPointExtension>
        </extensions>
      </trkpt>
      <trkpt lat="40.00073777520332" lon="116.44409249586822">
        <ele>39.507544826716185</ele>
        <time>1970-01-01T00:08:44.700000Z</time>
        <extensions>
          <gpxtpx:TrackPointExtension>
            <gpxtpx:hr>156</gpxtpx:hr>
          </gpxtpx:TrackPointExtension>
        </extensions>
      </trkpt>
      <trkpt lat="40.00073232120523" lon="116.44405472666607">
        <ele>39.49006697908044</ele>
        <time>1970-01-01T00:08:45.700000Z</time>
        <extensions>
          <gpxtpx:TrackPointExtension>
            <gpxtpx:hr>156</gpxtpx:hr>
          </gpxtpx:TrackPointExtension>
        </extensions>
      </trkpt>
      <trkpt lat="40.00072681998938" lon="116.44401651520137">
        <ele>39.473684758879244</ele>
        <time>1970-01-01T00:08:46.700000Z</time>
        <extensions>
          <gpxtpx:TrackPointExtension>
            <gpxtpx:hr>156</gpxtpx:hr>
          </gpxtpx:TrackPointExtension>
        </extensions>
      </trkpt>
      <trkpt lat="40.00072129481232" lon="116.44397810282902">
        <ele>39.45820988435298</ele>
        <time>1970-01-01T00:08:47.700000Z</time>
        <extensions>
          <gpxtpx:TrackPointExtension>
            <gpxtpx:hr>156</gpxtpx:hr>
          </gpxtpx:TrackPointExtension>
        </extensions>
      </trkpt>
      <trkpt lat="40.00071594895102" lon="116.4439403091232">
        <ele>39.44362773466855</ele>
        <time>1970-01-01T00:08:48.700000Z</time>
        <extensions>
          <gpxtpx:TrackPointExtension>
            <gpxtpx:hr>156</gpxtpx:hr>
          </gpxtpx:TrackPointExtension>
        </extensions>
      </trkpt>
      <trkpt lat="40.0007107209741" lon="116.4439033065142">
        <ele>39.43018603604287</ele>
        <time>1970-01-01T00:08:49.700000Z</time>
        <extensions>
          <gpxtpx:TrackPointExtension>
            <gpxtpx:hr>155</gpxtpx:hr>
          </gpxtpx:TrackPointExtension>
        </extensions>
      </trkpt>
      <trkpt lat="40.000705495945326" lon="116.44386627340366">
        <ele>39.4180853087455</ele>
        <time>1970-01-01T00:08:50.700000Z</time>
        <extensions>
          <gpxtpx:TrackPointExtension>
            <gpxtpx:hr>155</gpxtpx:hr>
          </gpxtpx:TrackPointExtension>
        </extensions>
      </trkpt>
      <trkpt lat="40.000700145732736" lon="116.44382848347443">
        <ele>39.40724497754127</ele>
        <time>1970-01-01T00:08:51.700000Z</time>
        <extensions>
          <gpxtpx:TrackPointExtension>
            <gpxtpx:hr>155</gpxtpx:hr>
          </gpxtpx:TrackPointExtension>
        </extensions>
      </trkpt>
      <trkpt lat="40.000694849319615" lon="116.44379029255113">
        <ele>39.39744792319834</ele>
        <time>1970-01-01T00:08:52.700000Z</time>
        <extensions>
          <gpxtpx:TrackPointExtension>
            <gpxtpx:hr>155</gpxtpx:hr>
          </gpxtpx:TrackPointExtension>
        </extensions>
      </trkpt>
      <trkpt lat="40.00068973124817" lon="116.44375231183513">
        <ele>39.38853814639151</ele>
        <time>1970-01-01T00:08:53.700000Z</time>
        <extensions>
          <gpxtpx:TrackPointExtension>
            <gpxtpx:hr>155</gpxtpx:hr>
          </gpxtpx:TrackPointExtension>
        </extensions>
      </trkpt>
      <trkpt lat="40.000684761913895" lon="116.44371493926594">
        <ele>39.38047887291759</ele>
        <time>1970-01-01T00:08:54.700000Z</time>
        <extensions>
          <gpxtpx:TrackPointExtension>
            <gpxtpx:hr>155</gpxtpx:hr>
          </gpxtpx:TrackPointExtension>
        </extensions>
      </trkpt>
      <trkpt lat="40.00067983700514" lon="116.44367805451436">
        <ele>39.37338229455054</ele>
        <time>1970-01-01T00:08:55.700000Z</time>
        <extensions>
          <gpxtpx:TrackPointExtension>
            <gpxtpx:hr>154</gpxtpx:hr>
          </gpxtpx:TrackPointExtension>
        </extensions>
      </trkpt>
      <trkpt lat="40.000674801086326" lon="116.44364139957283">
        <ele>39.36748112179339</ele>
        <time>1970-01-01T00:08:56.700000Z</time>
        <extensions>
          <gpxtpx:TrackPointExtension>
            <gpxtpx:hr>154</gpxtpx:hr>
          </gpxtpx:TrackPointExtension>
        </extensions>
      </trkpt>
      <trkpt lat="40.00066961526293" lon="116.44360488716845">
        <ele>39.36298686079681</ele>
        <time>1970-01-01T00:08:57.700000Z</time>
        <extensions>
          <gpxtpx:TrackPointExtension>
            <gpxtpx:hr>154</gpxtpx:hr>
          </gpxtpx:TrackPointExtension>
        </extensions>
      </trkpt>
      <trkpt lat="40.00066417127414" lon="116.44356793825013">
        <ele>39.35986962355673</ele>
        <time>1970-01-01T00:08:58.700000Z</time>
        <extensions>
          <gpxtpx:TrackPointExtension>
            <gpxtpx:hr>154</gpxtpx:hr>
          </gpxtpx:TrackPointExtension>
        </extensions>
      </trkpt>
      <trkpt lat="40.000658469856845" lon="116.44353007080139">
        <ele>39.357818816788495</ele>
        <time>1970-01-01T00:08:59.700000Z</time>
        <extensions>
          <gpxtpx:TrackPointExtension>
            <gpxtpx:hr>154</gpxtpx:hr>
          </gpxtpx:TrackPointExtension>
        </extensions>
      </trkpt>
      <trkpt lat="40.0006526576356" lon="116.4434918509983">
        <ele>39.35655313823372</ele>
        <time>1970-01-01T00:09:00.700000Z</time>
        <extensions>
          <gpxtpx:TrackPointExtension>
            <gpxtpx:hr>154</gpxtpx:hr>
          </gpxtpx:TrackPointExtension>
        </extensions>
      </trkpt>
      <trkpt lat="40.000646812769766" lon="116.44345380872628">
        <ele>39.35603379551321</ele>
        <time>1970-01-01T00:09:01.700000Z</time>
        <extensions>
          <gpxtpx:TrackPointExtension>
            <gpxtpx:hr>154</gpxtpx:hr>
          </gpxtpx:TrackPointExtension>
        </extensions>
      </trkpt>
      <trkpt lat="40.00064092818336" lon="116.44341599535247">
        <ele>39.35633068624884</ele>
        <time>1970-01-01T00:09:02.700000Z</time>
        <extensions>
          <gpxtpx:TrackPointExtension>
            <gpxtpx:hr>154</gpxtpx:hr>
          </gpxtpx:TrackPointExtension>
        </extensions>
      </trkpt>
      <trkpt lat="40.00063497616567" lon="116.4433783527349">
        <ele>39.35740760527551</ele>
        <time>1970-01-01T00:09:03.700000Z</time>
        <extensions>
          <gpxtpx:TrackPointExtension>
            <gpxtpx:hr>154</gpxtpx:hr>
          </gpxtpx:TrackPointExtension>
        </extensions>
      </trkpt>
      <trkpt lat="40.00062889276279" lon="116.44334071137695">
        <ele>39.35886771045625</ele>
        <time>1970-01-01T00:09:04.700000Z</time>
        <extensions>
          <gpxtpx:TrackPointExtension>
            <gpxtpx:hr>154</gpxtpx:hr>
          </gpxtpx:TrackPointExtension>
        </extensions>
      </trkpt>
      <trkpt lat="40.000622661428004" lon="116.44330330276969">
        <ele>39.3601528564468</ele>
        <time>1970-01-01T00:09:05.700000Z</time>
        <extensions>
          <gpxtpx:TrackPointExtension>
            <gpxtpx:hr>154</gpxtpx:hr>
          </gpxtpx:TrackPointExtension>
        </extensions>
      </trkpt>
      <trkpt lat="40.0006161824345" lon="116.44326632470069">
        <ele>39.36129910685122</ele>
        <time>1970-01-01T00:09:06.700000Z</time>
        <extensions>
          <gpxtpx:TrackPointExtension>
            <gpxtpx:hr>154</gpxtpx:hr>
          </gpxtpx:TrackPointExtension>
        </extensions>
      </trkpt>
      <trkpt lat="40.000609468032025" lon="116.44322954672522">
        <ele>39.36305706668645</ele>
        <time>1970-01-01T00:09:07.700000Z</time>
        <extensions>
          <gpxtpx:TrackPointExtension>
            <gpxtpx:hr>154</gpxtpx:hr>
          </gpxtpx:TrackPointExtension>
        </extensions>
      </trkpt>
      <trkpt lat="40.00060255794174" lon="116.44319296426939">
        <ele>39.366357427090406</ele>
        <time>1970-01-01T00:09:08.700000Z</time>
        <extensions>
          <gpxtpx:TrackPointExtension>
            <gpxtpx:hr>154</gpxtpx:hr>
          </gpxtpx:TrackPointExtension>
        </extensions>
      </trkpt>
      <trkpt lat="40.00059560052407" lon="116.44315701802111">
        <ele>39.371911112219095</ele>
        <time>1970-01-01T00:09:09.700000Z</time>
        <extensions>
          <gpxtpx:TrackPointExtension>
            <gpxtpx:hr>154</gpxtpx:hr>
          </gpxtpx:TrackPointExtension>
        </extensions>
      </trkpt>
      <trkpt lat="40.0005888017437" lon="116.44312215790382">
        <ele>39.379957552067935</ele>
        <time>1970-01-01T00:09:10.700000Z</time>
        <extensions>
          <gpxtpx:TrackPointExtension>
            <gpxtpx:hr>154</gpxtpx:hr>
          </gpxtpx:TrackPointExtension>
        </extensions>
      </trkpt>
      <trkpt lat="40.00058221581514" lon="116.44308847099938">
        <ele>39.390316751785576</ele>
        <time>1970-01-01T00:09:11.700000Z</time>
        <extensions>
          <gpxtpx:TrackPointExtension>
            <gpxtpx:hr>154</gpxtpx:hr>
          </gpxtpx:TrackPointExtension>
        </extensions>
      </trkpt>
      <trkpt lat="40.0005759404449" lon="116.44305567773443">
        <ele>39.40243695769459</ele>
        <time>1970-01-01T00:09:12.700000Z</time>
        <extensions>
          <gpxtpx:TrackPointExtension>
            <gpxtpx:hr>154</gpxtpx:hr>
          </gpxtpx:TrackPointExtension>
        </extensions>
      </trkpt>
      <trkpt lat="40.00057008984912" lon="116.44302299293265">
        <ele>39.41572775412351</ele>
        <time>1970-01-01T00:09:13.700000Z</time>
        <extensions>
          <gpxtpx:TrackPointExtension>
            <gpxtpx:hr>154</gpxtpx:hr>
          </gpxtpx:TrackPointExtension>
        </extensions>
      </trkpt>
      <trkpt lat="40.00056462380884" lon="116.44298987688826">
        <ele>39.42972636781633</ele>
        <time>1970-01-01T00:09:14.700000Z</time>
        <extensions>
          <gpxtpx:TrackPointExtension>
            <gpxtpx:hr>156</gpxtpx:hr>
          </gpxtpx:TrackPointExtension>
        </extensions>
      </trkpt>
      <trkpt lat="40.000559312162316" lon="116.44295607627463">
        <ele>39.444215504452586</ele>
        <time>1970-01-01T00:09:15.700000Z</time>
        <extensions>
          <gpxtpx:TrackPointExtension>
            <gpxtpx:hr>156</gpxtpx:hr>
          </gpxtpx:TrackPointExtension>
        </extensions>
      </trkpt>
      <trkpt lat="40.000554180171726" lon="116.44292187217674">
        <ele>39.45926850195974</ele>
        <time>1970-01-01T00:09:16.700000Z</time>
        <extensions>
          <gpxtpx:TrackPointExtension>
            <gpxtpx:hr>156</gpxtpx:hr>
          </gpxtpx:TrackPointExtension>
        </extensions>
      </trkpt>
      <trkpt lat="40.00054928969343" lon="116.44288742294901">
        <ele>39.47520108614117</ele>
        <time>1970-01-01T00:09:17.700000Z</time>
        <extensions>
          <gpxtpx:TrackPointExtension>
            <gpxtpx:hr>156</gpxtpx:hr>
          </gpxtpx:TrackPointExtension>
        </extensions>
      </trkpt>
      <trkpt lat="40.000544554735896" lon="116.44285247296813">
        <ele>39.4923657681793</ele>
        <time>1970-01-01T00:09:18.700000Z</time>
        <extensions>
          <gpxtpx:TrackPointExtension>
            <gpxtpx:hr>156</gpxtpx:hr>
          </gpxtpx:TrackPointExtension>
        </extensions>
      </trkpt>
      <trkpt lat="40.00053982152207" lon="116.44281724797366">
        <ele>39.51087427418679</ele>
        <time>1970-01-01T00:09:19.700000Z</time>
        <extensions>
          <gpxtpx:TrackPointExtension>
            <gpxtpx:hr>156</gpxtpx:hr>
          </gpxtpx:TrackPointExtension>
        </extensions>
      </trkpt>
      <trkpt lat="40.000535028123814" lon="116.44278217978325">
        <ele>39.53037922363728</ele>
        <time>1970-01-01T00:09:20.700000Z</time>
        <extensions>
          <gpxtpx:TrackPointExtension>
            <gpxtpx:hr>156</gpxtpx:hr>
          </gpxtpx:TrackPointExtension>
        </extensions>
      </trkpt>
      <trkpt lat="40.00053020642121" lon="116.44274735388184">
        <ele>39.54991465900093</ele>
        <time>1970-01-01T00:09:21.700000Z</time>
        <extensions>
          <gpxtpx:TrackPointExtension>
            <gpxtpx:hr>156</gpxtpx:hr>
          </gpxtpx:TrackPointExtension>
        </extensions>
      </trkpt>
      <trkpt lat="40.00052551646837" lon="116.44271276961116">
        <ele>39.56781931780279</ele>
        <time>1970-01-01T00:09:22.700000Z</time>
        <extensions>
          <gpxtpx:TrackPointExtension>
            <gpxtpx:hr>156</gpxtpx:hr>
          </gpxtpx:TrackPointExtension>
        </extensions>
      </trkpt>
      <trkpt lat="40.000520966545146" lon="116.44267810812686">
        <ele>39.58184311725199</ele>
        <time>1970-01-01T00:09:23.700000Z</time>
        <extensions>
          <gpxtpx:TrackPointExtension>
            <gpxtpx:hr>156</gpxtpx:hr>
          </gpxtpx:TrackPointExtension>
        </extensions>
      </trkpt>
      <trkpt lat="40.000516406992034" lon="116.44264319840121">
        <ele>39.58936263807118</ele>
        <time>1970-01-01T00:09:24.700000Z</time>
        <extensions>
          <gpxtpx:TrackPointExtension>
            <gpxtpx:hr>156</gpxtpx:hr>
          </gpxtpx:TrackPointExtension>
        </extensions>
      </trkpt>
      <trkpt lat="40.00051166082872" lon="116.44260821883387">
        <ele>39.58763220068067</ele>
        <time>1970-01-01T00:09:25.700000Z</time>
        <extensions>
          <gpxtpx:TrackPointExtension>
            <gpxtpx:hr>156</gpxtpx:hr>
          </gpxtpx:TrackPointExtension>
        </extensions>
      </trkpt>
      <trkpt lat="40.00050678822476" lon="116.44257368317284">
        <ele>39.57409980054945</ele>
        <time>1970-01-01T00:09:26.700000Z</time>
        <extensions>
          <gpxtpx:TrackPointExtension>
            <gpxtpx:hr>156</gpxtpx:hr>
          </gpxtpx:TrackPointExtension>
        </extensions>
      </trkpt>
      <trkpt lat="40.00050191502818" lon="116.44254003828036">
        <ele>39.54686240572482</ele>
        <time>1970-01-01T00:09:27.700000Z</time>
        <extensions>
          <gpxtpx:TrackPointExtension>
            <gpxtpx:hr>156</gpxtpx:hr>
          </gpxtpx:TrackPointExtension>
        </extensions>
      </trkpt>
      <trkpt lat="40.000496958686995" lon="116.4425073557363">
        <ele>39.50529100373387</ele>
        <time>1970-01-01T00:09:28.700000Z</time>
        <extensions>
          <gpxtpx:TrackPointExtension>
            <gpxtpx:hr>156</gpxtpx:hr>
          </gpxtpx:TrackPointExtension>
        </extensions>
      </trkpt>
      <trkpt lat="40.0004918822538" lon="116.4424750786962">
        <ele>39.45012841746211</ele>
        <time>1970-01-01T00:09:29.700000Z</time>
        <extensions>
          <gpxtpx:TrackPointExtension>
            <gpxtpx:hr>156</gpxtpx:hr>
          </gpxtpx:TrackPointExtension>
        </extensions>
      </trkpt>
      <trkpt lat="40.000486864394325" lon="116.44244357656258">
        <ele>39.38669725134969</ele>
        <time>1970-01-01T00:09:30.700000Z</time>
        <extensions>
          <gpxtpx:TrackPointExtension>
            <gpxtpx:hr>156</gpxtpx:hr>
          </gpxtpx:TrackPointExtension>
        </extensions>
      </trkpt>
      <trkpt lat="40.00048183137732" lon="116.44241200652873">
        <ele>39.319004758261144</ele>
        <time>1970-01-01T00:09:31.700000Z</time>
        <extensions>
          <gpxtpx:TrackPointExtension>
            <gpxtpx:hr>156</gpxtpx:hr>
          </gpxtpx:TrackPointExtension>
        </extensions>
      </trkpt>
      <trkpt lat="40.00047689744313" lon="116.44238023827319">
        <ele>39.25106341857463</ele>
        <time>1970-01-01T00:09:32.700000Z</time>
        <extensions>
          <gpxtpx:TrackPointExtension>
            <gpxtpx:hr>156</gpxtpx:hr>
          </gpxtpx:TrackPointExtension>
        </extensions>
      </trkpt>
      <trkpt lat="40.00047231068251" lon="116.44234806193636">
        <ele>39.18576485849917</ele>
        <time>1970-01-01T00:09:33.700000Z</time>
        <extensions>
          <gpxtpx:TrackPointExtension>
            <gpxtpx:hr>157</gpxtpx:hr>
          </gpxtpx:TrackPointExtension>
        </extensions>
      </trkpt>
      <trkpt lat="40.000468074758366" lon="116.4423154408021">
        <ele>39.12449111789465</ele>
        <time>1970-01-01T00:09:34.700000Z</time>
        <extensions>
          <gpxtpx:TrackPointExtension>
            <gpxtpx:hr>157</gpxtpx:hr>
          </gpxtpx:TrackPointExtension>
        </extensions>
      </trkpt>
      <trkpt lat="40.000464071222474" lon="116.4422828745902">
        <ele>39.0674254540354</ele>
        <time>1970-01-01T00:09:35.700000Z</time>
        <extensions>
          <gpxtpx:TrackPointExtension>
            <gpxtpx:hr>157</gpxtpx:hr>
          </gpxtpx:TrackPointExtension>
        </extensions>
      </trkpt>
      <trkpt lat="40.00045999421317" lon="116.44225073871748">
        <ele>39.01430351473391</ele>
        <time>1970-01-01T00:09:36.700000Z</time>
        <extensions>
          <gpxtpx:TrackPointExtension>
            <gpxtpx:hr>157</gpxtpx:hr>
          </gpxtpx:TrackPointExtension>
        </extensions>
      </trkpt>
      <trkpt lat="40.00045545456147" lon="116.44221928415747">
        <ele>38.964764817617834</ele>
        <time>1970-01-01T00:09:37.700000Z</time>
        <extensions>
          <gpxtpx:TrackPointExtension>
            <gpxtpx:hr>157</gpxtpx:hr>
          </gpxtpx:TrackPointExtension>
        </extensions>
      </trkpt>
      <trkpt lat="40.0004501597796" lon="116.44218902812011">
        <ele>38.91849733516574</ele>
        <time>1970-01-01T00:09:38.700000Z</time>
        <extensions>
          <gpxtpx:TrackPointExtension>
            <gpxtpx:hr>157</gpxtpx:hr>
          </gpxtpx:TrackPointExtension>
        </extensions>
      </trkpt>
      <trkpt lat="40.00044380376973" lon="116.44216065156937">
        <ele>38.875528120435774</ele>
        <time>1970-01-01T00:09:39.700000Z</time>
        <extensions>
          <gpxtpx:TrackPointExtension>
            <gpxtpx:hr>157</gpxtpx:hr>
          </gpxtpx:TrackPointExtension>
        </extensions>
      </trkpt>
      <trkpt lat="40.0004359343099" lon="116.44213443440991">
        <ele>38.83628450613469</ele>
        <time>1970-01-01T00:09:40.700000Z</time>
        <extensions>
          <gpxtpx:TrackPointExtension>
            <gpxtpx:hr>157</gpxtpx:hr>
          </gpxtpx:TrackPointExtension>
        </extensions>
      </trkpt>
      <trkpt lat="40.00042644006762" lon="116.44210994378152">
        <ele>38.801289862953126</ele>
        <time>1970-01-01T00:09:41.700000Z</time>
        <extensions>
          <gpxtpx:TrackPointExtension>
            <gpxtpx:hr>157</gpxtpx:hr>
          </gpxtpx:TrackPointExtension>
        </extensions>
      </trkpt>
      <trkpt lat="40.00041745987013" lon="116.44208641371641">
        <ele>38.77098876889795</ele>
        <time>1970-01-01T00:09:42.700000Z</time>
        <extensions>
          <gpxtpx:TrackPointExtension>
            <gpxtpx:hr>157</gpxtpx:hr>
          </gpxtpx:TrackPointExtension>
        </extensions>
      </trkpt>
      <trkpt lat="40.00041171476388" lon="116.44206300596953">
        <ele>38.745967691764235</ele>
        <time>1970-01-01T00:09:43.700000Z</time>
        <extensions>
          <gpxtpx:TrackPointExtension>
            <gpxtpx:hr>157</gpxtpx:hr>
          </gpxtpx:TrackPointExtension>
        </extensions>
      </trkpt>
      <trkpt lat="40.00040941174413" lon="116.4420382536855">
        <ele>38.72696518804878</ele>
        <time>1970-01-01T00:09:44.700000Z</time>
        <extensions>
          <gpxtpx:TrackPointExtension>
            <gpxtpx:hr>157</gpxtpx:hr>
          </gpxtpx:TrackPointExtension>
        </extensions>
      </trkpt>
      <trkpt lat="40.00040921882354" lon="116.44201006372809">
        <ele>38.71467037964612</ele>
        <time>1970-01-01T00:09:45.700000Z</time>
        <extensions>
          <gpxtpx:TrackPointExtension>
            <gpxtpx:hr>157</gpxtpx:hr>
          </gpxtpx:TrackPointExtension>
        </extensions>
      </trkpt>
      <trkpt lat="40.000410391378594" lon="116.44197806577348">
        <ele>38.70961006730795</ele>
        <time>1970-01-01T00:09:46.700000Z</time>
        <extensions>
          <gpxtpx:TrackPointExtension>
            <gpxtpx:hr>157</gpxtpx:hr>
          </gpxtpx:TrackPointExtension>
        </extensions>
      </trkpt>
      <trkpt lat="40.000412711680525" lon="116.44194386537507">
        <ele>38.712149715051055</ele>
        <time>1970-01-01T00:09:47.700000Z</time>
        <extensions>
          <gpxtpx:TrackPointExtension>
            <gpxtpx:hr>157</gpxtpx:hr>
          </gpxtpx:TrackPointExtension>
        </extensions>
      </trkpt>
      <trkpt lat="40.00041601201751" lon="116.44190901767168">
        <ele>38.72263486403972</ele>
        <time>1970-01-01T00:09:48.700000Z</time>
        <extensions>
          <gpxtpx:TrackPointExtension>
            <gpxtpx:hr>157</gpxtpx:hr>
          </gpxtpx:TrackPointExtension>
        </extensions>
      </trkpt>
      <trkpt lat="40.00041967643575" lon="116.44187428489614">
        <ele>38.74137413315475</ele>
        <time>1970-01-01T00:09:49.700000Z</time>
        <extensions>
          <gpxtpx:TrackPointExtension>
            <gpxtpx:hr>155</gpxtpx:hr>
          </gpxtpx:TrackPointExtension>
        </extensions>
      </trkpt>
      <trkpt lat="40.000422908151116" lon="116.4418397776067">
        <ele>38.76851312164217</ele>
        <time>1970-01-01T00:09:50.700000Z</time>
        <extensions>
          <gpxtpx:TrackPointExtension>
            <gpxtpx:hr>155</gpxtpx:hr>
          </gpxtpx:TrackPointExtension>
        </extensions>
      </trkpt>
      <trkpt lat="40.00042543218974" lon="116.44180545108888">
        <ele>38.80399958137423</ele>
        <time>1970-01-01T00:09:51.700000Z</time>
        <extensions>
          <gpxtpx:TrackPointExtension>
            <gpxtpx:hr>155</gpxtpx:hr>
          </gpxtpx:TrackPointExtension>
        </extensions>
      </trkpt>
      <trkpt lat="40.00042726915964" lon="116.44177150478347">
        <ele>38.847547247074544</ele>
        <time>1970-01-01T00:09:52.700000Z</time>
        <extensions>
          <gpxtpx:TrackPointExtension>
            <gpxtpx:hr>155</gpxtpx:hr>
          </gpxtpx:TrackPointExtension>
        </extensions>
      </trkpt>
      <trkpt lat="40.00042870714965" lon="116.44173814673822">
        <ele>38.89859877433628</ele>
        <time>1970-01-01T00:09:53.700000Z</time>
        <extensions>
          <gpxtpx:TrackPointExtension>
            <gpxtpx:hr>155</gpxtpx:hr>
          </gpxtpx:TrackPointExtension>
        </extensions>
      </trkpt>
      <trkpt lat="40.000430080590135" lon="116.44170535232044">
        <ele>38.95629104692489</ele>
        <time>1970-01-01T00:09:54.700000Z</time>
        <extensions>
          <gpxtpx:TrackPointExtension>
            <gpxtpx:hr>155</gpxtpx:hr>
          </gpxtpx:TrackPointExtension>
        </extensions>
      </trkpt>
      <trkpt lat="40.0004317521118" lon="116.4416726253911">
        <ele>39.01939965877682</ele>
        <time>1970-01-01T00:09:55.700000Z</time>
        <extensions>
          <gpxtpx:TrackPointExtension>
            <gpxtpx:hr>155</gpxtpx:hr>
          </gpxtpx:TrackPointExtension>
        </extensions>
      </trkpt>
      <trkpt lat="40.00043421050808" lon="116.44163918239703">
        <ele>39.08645769581199</ele>
        <time>1970-01-01T00:09:56.700000Z</time>
        <extensions>
          <gpxtpx:TrackPointExtension>
            <gpxtpx:hr>155</gpxtpx:hr>
          </gpxtpx:TrackPointExtension>
        </extensions>
      </trkpt>
      <trkpt lat="40.00043815471121" lon="116.44160532270918">
        <ele>39.155836809426546</ele>
        <time>1970-01-01T00:09:57.700000Z</time>
        <extensions>
          <gpxtpx:TrackPointExtension>
            <gpxtpx:hr>155</gpxtpx:hr>
          </gpxtpx:TrackPointExtension>
        </extensions>
      </trkpt>
      <trkpt lat="40.00044474877559" lon="116.44157296986866">
        <ele>39.22587804403156</ele>
        <time>1970-01-01T00:09:58.700000Z</time>
        <extensions>
          <gpxtpx:TrackPointExtension>
            <gpxtpx:hr>155</gpxtpx:hr>
          </gpxtpx:TrackPointExtension>
        </extensions>
      </trkpt>
      <trkpt lat="40.00045486419499" lon="116.44154358736041">
        <ele>39.29493701364845</ele>
        <time>1970-01-01T00:09:59.700000Z</time>
        <extensions>
          <gpxtpx:TrackPointExtension>
            <gpxtpx:hr>155</gpxtpx:hr>
          </gpxtpx:TrackPointExtension>
        </extensions>
      </trkpt>
      <trkpt lat="40.000468260690184" lon="116.44151762036365">
        <ele>39.36119152326137</ele>
        <time>1970-01-01T00:10:00.700000Z</time>
        <extensions>
          <gpxtpx:TrackPointExtension>
            <gpxtpx:hr>155</gpxtpx:hr>
          </gpxtpx:TrackPointExtension>
        </extensions>
      </trkpt>
      <trkpt lat="40.00048421459841" lon="116.44149464432465">
        <ele>39.420795059762895</ele>
        <time>1970-01-01T00:10:01.700000Z</time>
        <extensions>
          <gpxtpx:TrackPointExtension>
            <gpxtpx:hr>155</gpxtpx:hr>
          </gpxtpx:TrackPointExtension>
        </extensions>
      </trkpt>
      <trkpt lat="40.00050385961083" lon="116.44147125246498">
        <ele>39.47586975898594</ele>
        <time>1970-01-01T00:10:02.700000Z</time>
        <extensions>
          <gpxtpx:TrackPointExtension>
            <gpxtpx:hr>156</gpxtpx:hr>
          </gpxtpx:TrackPointExtension>
        </extensions>
      </trkpt>
      <trkpt lat="40.00052570392512" lon="116.44144786598915">
        <ele>39.52373159490526</ele>
        <time>1970-01-01T00:10:03.700000Z</time>
        <extensions>
          <gpxtpx:TrackPointExtension>
            <gpxtpx:hr>156</gpxtpx:hr>
          </gpxtpx:TrackPointExtension>
        </extensions>
      </trkpt>
      <trkpt lat="40.00054830604469" lon="116.44142502471031">
        <ele>39.56483427621424</ele>
        <time>1970-01-01T00:10:04.700000Z</time>
        <extensions>
          <gpxtpx:TrackPointExtension>
            <gpxtpx:hr>156</gpxtpx:hr>
          </gpxtpx:TrackPointExtension>
        </extensions>
      </trkpt>
      <trkpt lat="40.000570504027905" lon="116.44140349534763">
        <ele>39.60006816498935</ele>
        <time>1970-01-01T00:10:05.700000Z</time>
        <extensions>
          <gpxtpx:TrackPointExtension>
            <gpxtpx:hr>156</gpxtpx:hr>
          </gpxtpx:TrackPointExtension>
        </extensions>
      </trkpt>
      <trkpt lat="40.000591920648304" lon="116.44138345151029">
        <ele>39.630374778062105</ele>
        <time>1970-01-01T00:10:06.700000Z</time>
        <extensions>
          <gpxtpx:TrackPointExtension>
            <gpxtpx:hr>156</gpxtpx:hr>
          </gpxtpx:TrackPointExtension>
        </extensions>
      </trkpt>
      <trkpt lat="40.0006128414182" lon="116.4413644257821">
        <ele>39.65659530926496</ele>
        <time>1970-01-01T00:10:07.700000Z</time>
        <extensions>
          <gpxtpx:TrackPointExtension>
            <gpxtpx:hr>155</gpxtpx:hr>
          </gpxtpx:TrackPointExtension>
        </extensions>
      </trkpt>
      <trkpt lat="40.00063349788552" lon="116.44134583063338">
        <ele>39.67943735141307</ele>
        <time>1970-01-01T00:10:08.700000Z</time>
        <extensions>
          <gpxtpx:TrackPointExtension>
            <gpxtpx:hr>155</gpxtpx:hr>
          </gpxtpx:TrackPointExtension>
        </extensions>
      </trkpt>
      <trkpt lat="40.0006537618893" lon="116.4413275126328">
        <ele>39.69948671851307</ele>
        <time>1970-01-01T00:10:09.700000Z</time>
        <extensions>
          <gpxtpx:TrackPointExtension>
            <gpxtpx:hr>155</gpxtpx:hr>
          </gpxtpx:TrackPointExtension>
        </extensions>
      </trkpt>
      <trkpt lat="40.0006736928644" lon="116.44130919234951">
        <ele>39.717275343835354</ele>
        <time>1970-01-01T00:10:10.700000Z</time>
        <extensions>
          <gpxtpx:TrackPointExtension>
            <gpxtpx:hr>155</gpxtpx:hr>
          </gpxtpx:TrackPointExtension>
        </extensions>
      </trkpt>
      <trkpt lat="40.000694128376665" lon="116.44129032018701">
        <ele>39.73343287687749</ele>
        <time>1970-01-01T00:10:11.700000Z</time>
        <extensions>
          <gpxtpx:TrackPointExtension>
            <gpxtpx:hr>155</gpxtpx:hr>
          </gpxtpx:TrackPointExtension>
        </extensions>
      </trkpt>
      <trkpt lat="40.0007159793811" lon="116.44127041711165">
        <ele>39.749520980753005</ele>
        <time>1970-01-01T00:10:12.700000Z</time>
        <extensions>
          <gpxtpx:TrackPointExtension>
            <gpxtpx:hr>155</gpxtpx:hr>
          </gpxtpx:TrackPointExtension>
        </extensions>
      </trkpt>
      <trkpt lat="40.000737145569666" lon="116.44125140466011">
        <ele>39.765545677393675</ele>
        <time>1970-01-01T00:10:13.700000Z</time>
        <extensions>
          <gpxtpx:TrackPointExtension>
            <gpxtpx:hr>155</gpxtpx:hr>
          </gpxtpx:TrackPointExtension>
        </extensions>
      </trkpt>
      <trkpt lat="40.000757287833686" lon="116.44123327980697">
        <ele>39.78206762392074</ele>
        <time>1970-01-01T00:10:14.700000Z</time>
        <extensions>
          <gpxtpx:TrackPointExtension>
            <gpxtpx:hr>155</gpxtpx:hr>
          </gpxtpx:TrackPointExtension>
        </extensions>
      </trkpt>
      <trkpt lat="40.000778815725084" lon="116.44121355635843">
        <ele>39.80150223337114</ele>
        <time>1970-01-01T00:10:15.700000Z</time>
        <extensions>
          <gpxtpx:TrackPointExtension>
            <gpxtpx:hr>155</gpxtpx:hr>
          </gpxtpx:TrackPointExtension>
        </extensions>
      </trkpt>
      <trkpt lat="40.000799053483824" lon="116.44119422450152">
        <ele>39.82217570301145</ele>
        <time>1970-01-01T00:10:16.700000Z</time>
        <extensions>
          <gpxtpx:TrackPointExtension>
            <gpxtpx:hr>155</gpxtpx:hr>
          </gpxtpx:TrackPointExtension>
        </extensions>
      </trkpt>
      <trkpt lat="40.00081835080321" lon="116.44117463443087">
        <ele>39.84520632214844</ele>
        <time>1970-01-01T00:10:17.700000Z</time>
        <extensions>
          <gpxtpx:TrackPointExtension>
            <gpxtpx:hr>155</gpxtpx:hr>
          </gpxtpx:TrackPointExtension>
        </extensions>
      </trkpt>
      <trkpt lat="40.00083562595709" lon="116.44115557343363">
        <ele>39.869838929735124</ele>
        <time>1970-01-01T00:10:18.700000Z</time>
        <extensions>
          <gpxtpx:TrackPointExtension>
            <gpxtpx:hr>155</gpxtpx:hr>
          </gpxtpx:TrackPointExtension>
        </extensions>
      </trkpt>
      <trkpt lat="40.00085209687686" lon="116.44113499374842">
        <ele>39.898732849396765</ele>
        <time>1970-01-01T00:10:19.700000Z</time>
        <extensions>
          <gpxtpx:TrackPointExtension>
            <gpxtpx:hr>155</gpxtpx:hr>
          </gpxtpx:TrackPointExtension>
        </extensions>
      </trkpt>
      <trkpt lat="40.0008667092518" lon="116.44111325243483">
        <ele>39.93196753133088</ele>
        <time>1970-01-01T00:10:20.700000Z</time>
        <extensions>
          <gpxtpx:TrackPointExtension>
            <gpxtpx:hr>155</gpxtpx:hr>
          </gpxtpx:TrackPointExtension>
        </extensions>
      </trkpt>
      <trkpt lat="40.000879059638955" lon="116.4410900314197">
        <ele>39.971132199279964</ele>
        <time>1970-01-01T00:10:21.700000Z</time>
        <extensions>
          <gpxtpx:TrackPointExtension>
            <gpxtpx:hr>155</gpxtpx:hr>
          </gpxtpx:TrackPointExtension>
        </extensions>
      </trkpt>
      <trkpt lat="40.00088846819255" lon="116.44106558557905">
        <ele>40.01830069068819</ele>
        <time>1970-01-01T00:10:22.700000Z</time>
        <extensions>
          <gpxtpx:TrackPointExtension>
            <gpxtpx:hr>155</gpxtpx:hr>
          </gpxtpx:TrackPointExtension>
        </extensions>
      </trkpt>
      <trkpt lat="40.00089430442948" lon="116.44104041671194">
        <ele>40.07585657760501</ele>
        <time>1970-01-01T00:10:23.700000Z</time>
        <extensions>
          <gpxtpx:TrackPointExtension>
            <gpxtpx:hr>155</gpxtpx:hr>
          </gpxtpx:TrackPointExtension>
        </extensions>
      </trkpt>
      <trkpt lat="40.00089621639491" lon="116.44101478023018">
        <ele>40.14626393932849</ele>
        <time>1970-01-01T00:10:24.700000Z</time>
        <extensions>
          <gpxtpx:TrackPointExtension>
            <gpxtpx:hr>158</gpxtpx:hr>
          </gpxtpx:TrackPointExtension>
        </extensions>
      </trkpt>
      <trkpt lat="40.00089385136643" lon="116.44098903330219">
        <ele>40.231717348098755</ele>
        <time>1970-01-01T00:10:25.700000Z</time>
        <extensions>
          <gpxtpx:TrackPointExtension>
            <gpxtpx:hr>158</gpxtpx:hr>
          </gpxtpx:TrackPointExtension>
        </extensions>
      </trkpt>
      <trkpt lat="40.000887631454155" lon="116.44096378142699">
        <ele>40.333782736212015</ele>
        <time>1970-01-01T00:10:26.700000Z</time>
        <extensions>
          <gpxtpx:TrackPointExtension>
            <gpxtpx:hr>158</gpxtpx:hr>
          </gpxtpx:TrackPointExtension>
        </extensions>
      </trkpt>
      <trkpt lat="40.000878958202975" lon="116.44093954204943">
        <ele>40.45314820390195</ele>
        <time>1970-01-01T00:10:27.700000Z</time>
        <extensions>
          <gpxtpx:TrackPointExtension>
            <gpxtpx:hr>158</gpxtpx:hr>
          </gpxtpx:TrackPointExtension>
        </extensions>
      </trkpt>
      <trkpt lat="40.000869166833596" lon="116.44091643172321">
        <ele>40.58937788940966</ele>
        <time>1970-01-01T00:10:28.700000Z</time>
        <extensions>
          <gpxtpx:TrackPointExtension>
            <gpxtpx:hr>158</gpxtpx:hr>
          </gpxtpx:TrackPointExtension>
        </extensions>
      </trkpt>
      <trkpt lat="40.00085910436128" lon="116.44089427023886">
        <ele>40.74078205041587</ele>
        <time>1970-01-01T00:10:29.700000Z</time>
        <extensions>
          <gpxtpx:TrackPointExtension>
            <gpxtpx:hr>158</gpxtpx:hr>
          </gpxtpx:TrackPointExtension>
        </extensions>
      </trkpt>
      <trkpt lat="40.00084930283704" lon="116.44087276266488">
        <ele>40.90438383165747</ele>
        <time>1970-01-01T00:10:30.700000Z</time>
        <extensions>
          <gpxtpx:TrackPointExtension>
            <gpxtpx:hr>158</gpxtpx:hr>
          </gpxtpx:TrackPointExtension>
        </extensions>
      </trkpt>
      <trkpt lat="40.00083978039053" lon="116.44085115349897">
        <ele>41.076031448319554</ele>
        <time>1970-01-01T00:10:31.700000Z</time>
        <extensions>
          <gpxtpx:TrackPointExtension>
            <gpxtpx:hr>158</gpxtpx:hr>
          </gpxtpx:TrackPointExtension>
        </extensions>
      </trkpt>
      <trkpt lat="40.000830318425926" lon="116.440828283778">
        <ele>41.25090279430151</ele>
        <time>1970-01-01T00:10:32.700000Z</time>
        <extensions>
          <gpxtpx:TrackPointExtension>
            <gpxtpx:hr>158</gpxtpx:hr>
          </gpxtpx:TrackPointExtension>
        </extensions>
      </trkpt>
      <trkpt lat="40.00082068526853" lon="116.44080338177481">
        <ele>41.42404189705849</ele>
        <time>1970-01-01T00:10:33.700000Z</time>
        <extensions>
          <gpxtpx:TrackPointExtension>
            <gpxtpx:hr>158</gpxtpx:hr>
          </gpxtpx:TrackPointExtension>
        </extensions>
      </trkpt>
      <trkpt lat="40.0008109828338" lon="116.44077640290097">
        <ele>41.59093797206879</ele>
        <time>1970-01-01T00:10:34.700000Z</time>
        <extensions>
          <gpxtpx:TrackPointExtension>
            <gpxtpx:hr>158</gpxtpx:hr>
          </gpxtpx:TrackPointExtension>
        </extensions>
      </trkpt>
      <trkpt lat="40.000801536191055" lon="116.44074790628561">
        <ele>41.74791799671948</ele>
        <time>1970-01-01T00:10:35.700000Z</time>
        <extensions>
          <gpxtpx:TrackPointExtension>
            <gpxtpx:hr>158</gpxtpx:hr>
          </gpxtpx:TrackPointExtension>
        </extensions>
      </trkpt>
      <trkpt lat="40.00079258322976" lon="116.44071852754715">
        <ele>41.89277378562838</ele>
        <time>1970-01-01T00:10:36.700000Z</time>
        <extensions>
          <gpxtpx:TrackPointExtension>
            <gpxtpx:hr>158</gpxtpx:hr>
          </gpxtpx:TrackPointExtension>
        </extensions>
      </trkpt>
      <trkpt lat="40.00078379893861" lon="116.44068714690017">
        <ele>42.03191602695733</ele>
        <time>1970-01-01T00:10:37.700000Z</time>
        <extensions>
          <gpxtpx:TrackPointExtension>
            <gpxtpx:hr>158</gpxtpx:hr>
          </gpxtpx:TrackPointExtension>
        </extensions>
      </trkpt>
      <trkpt lat="40.000775900464774" lon="116.44065698224288">
        <ele>42.1538179544732</ele>
        <time>1970-01-01T00:10:38.700000Z</time>
        <extensions>
          <gpxtpx:TrackPointExtension>
            <gpxtpx:hr>158</gpxtpx:hr>
          </gpxtpx:TrackPointExtension>
        </extensions>
      </trkpt>
      <trkpt lat="40.00076828380942" lon="116.44062680750017">
        <ele>42.26813649106771</ele>
        <time>1970-01-01T00:10:39.700000Z</time>
        <extensions>
          <gpxtpx:TrackPointExtension>
            <gpxtpx:hr>159</gpxtpx:hr>
          </gpxtpx:TrackPointExtension>
        </extensions>
      </trkpt>
      <trkpt lat="40.00076096382363" lon="116.44059694127844">
        <ele>42.37625792808831</ele>
        <time>1970-01-01T00:10:40.700000Z</time>
        <extensions>
          <gpxtpx:TrackPointExtension>
            <gpxtpx:hr>159</gpxtpx:hr>
          </gpxtpx:TrackPointExtension>
        </extensions>
      </trkpt>
      <trkpt lat="40.00075382262728" lon="116.44056739064692">
        <ele>42.4786806832999</ele>
        <time>1970-01-01T00:10:41.700000Z</time>
        <extensions>
          <gpxtpx:TrackPointExtension>
            <gpxtpx:hr>159</gpxtpx:hr>
          </gpxtpx:TrackPointExtension>
        </extensions>
      </trkpt>
      <trkpt lat="40.00074655788951" lon="116.44053809065475">
        <ele>42.57497457880527</ele>
        <time>1970-01-01T00:10:42.700000Z</time>
        <extensions>
          <gpxtpx:TrackPointExtension>
            <gpxtpx:hr>159</gpxtpx:hr>
          </gpxtpx:TrackPointExtension>
        </extensions>
      </trkpt>
      <trkpt lat="40.00073965109321" lon="116.4405109008909">
        <ele>42.6593011058867</ele>
        <time>1970-01-01T00:10:43.700000Z</time>
        <extensions>
          <gpxtpx:TrackPointExtension>
            <gpxtpx:hr>159</gpxtpx:hr>
          </gpxtpx:TrackPointExtension>
        </extensions>
      </trkpt>
      <trkpt lat="40.000732000961705" lon="116.44048229249402">
        <ele>42.74447826296091</ele>
        <time>1970-01-01T00:10:44.700000Z</time>
        <extensions>
          <gpxtpx:TrackPointExtension>
            <gpxtpx:hr>159</gpxtpx:hr>
          </gpxtpx:TrackPointExtension>
        </extensions>
      </trkpt>
      <trkpt lat="40.00072428344377" lon="116.4404558460632">
        <ele>42.81659027840942</ele>
        <time>1970-01-01T00:10:45.700000Z</time>
        <extensions>
          <gpxtpx:TrackPointExtension>
            <gpxtpx:hr>159</gpxtpx:hr>
          </gpxtpx:TrackPointExtension>
        </extensions>
      </trkpt>
      <trkpt lat="40.000715832181626" lon="116.44042828454259">
        <ele>42.88111604563892</ele>
        <time>1970-01-01T00:10:46.700000Z</time>
        <extensions>
          <gpxtpx:TrackPointExtension>
            <gpxtpx:hr>159</gpxtpx:hr>
          </gpxtpx:TrackPointExtension>
        </extensions>
      </trkpt>
      <trkpt lat="40.00070717621752" lon="116.44040079890755">
        <ele>42.93476268276572</ele>
        <time>1970-01-01T00:10:47.700000Z</time>
        <extensions>
          <gpxtpx:TrackPointExtension>
            <gpxtpx:hr>159</gpxtpx:hr>
          </gpxtpx:TrackPointExtension>
        </extensions>
      </trkpt>
      <trkpt lat="40.0006974214287" lon="116.44037014257759">
        <ele>42.98314563650638</ele>
        <time>1970-01-01T00:10:48.700000Z</time>
        <extensions>
          <gpxtpx:TrackPointExtension>
            <gpxtpx:hr>159</gpxtpx:hr>
          </gpxtpx:TrackPointExtension>
        </extensions>
      </trkpt>
      <trkpt lat="40.000687592883956" lon="116.44033911747854">
        <ele>43.02231824118644</ele>
        <time>1970-01-01T00:10:49.700000Z</time>
        <extensions>
          <gpxtpx:TrackPointExtension>
            <gpxtpx:hr>159</gpxtpx:hr>
          </gpxtpx:TrackPointExtension>
        </extensions>
      </trkpt>
      <trkpt lat="40.00067815944572" lon="116.44030921156704">
        <ele>43.05293968319893</ele>
        <time>1970-01-01T00:10:50.700000Z</time>
        <extensions>
          <gpxtpx:TrackPointExtension>
            <gpxtpx:hr>159</gpxtpx:hr>
          </gpxtpx:TrackPointExtension>
        </extensions>
      </trkpt>
      <trkpt lat="40.000669101111335" lon="116.4402807523352">
        <ele>43.076209359802306</ele>
        <time>1970-01-01T00:10:51.700000Z</time>
        <extensions>
          <gpxtpx:TrackPointExtension>
            <gpxtpx:hr>159</gpxtpx:hr>
          </gpxtpx:TrackPointExtension>
        </extensions>
      </trkpt>
      <trkpt lat="40.000660048198995" lon="116.44025324566226">
        <ele>43.093514788895845</ele>
        <time>1970-01-01T00:10:52.700000Z</time>
        <extensions>
          <gpxtpx:TrackPointExtension>
            <gpxtpx:hr>159</gpxtpx:hr>
          </gpxtpx:TrackPointExtension>
        </extensions>
      </trkpt>
      <trkpt lat="40.000650640801084" lon="116.44022611289549">
        <ele>43.10613146889955</ele>
        <time>1970-01-01T00:10:53.700000Z</time>
        <extensions>
          <gpxtpx:TrackPointExtension>
            <gpxtpx:hr>159</gpxtpx:hr>
          </gpxtpx:TrackPointExtension>
        </extensions>
      </trkpt>
      <trkpt lat="40.0006400512971" lon="116.44019737258473">
        <ele>43.115438929758966</ele>
        <time>1970-01-01T00:10:54.800000Z</time>
        <extensions>
          <gpxtpx:TrackPointExtension>
            <gpxtpx:hr>159</gpxtpx:hr>
          </gpxtpx:TrackPointExtension>
        </extensions>
      </trkpt>
      <trkpt lat="40.00063002366405" lon="116.44017182486229">
        <ele>43.120855590328574</ele>
        <time>1970-01-01T00:10:55.700000Z</time>
        <extensions>
          <gpxtpx:TrackPointExtension>
            <gpxtpx:hr>159</gpxtpx:hr>
          </gpxtpx:TrackPointExtension>
        </extensions>
      </trkpt>
      <trkpt lat="40.00061807453984" lon="116.4401424987142">
        <ele>43.1242785230279</ele>
        <time>1970-01-01T00:10:56.800000Z</time>
        <extensions>
          <gpxtpx:TrackPointExtension>
            <gpxtpx:hr>159</gpxtpx:hr>
          </gpxtpx:TrackPointExtension>
        </extensions>
      </trkpt>
      <trkpt lat="40.00060647298562" lon="116.44011455456918">
        <ele>43.12511435709894</ele>
        <time>1970-01-01T00:10:57.800000Z</time>
        <extensions>
          <gpxtpx:TrackPointExtension>
            <gpxtpx:hr>159</gpxtpx:hr>
          </gpxtpx:TrackPointExtension>
        </extensions>
      </trkpt>
      <trkpt lat="40.00059477289968" lon="116.44008645911887">
        <ele>43.1235088724643</ele>
        <time>1970-01-01T00:10:58.800000Z</time>
        <extensions>
          <gpxtpx:TrackPointExtension>
            <gpxtpx:hr>159</gpxtpx:hr>
          </gpxtpx:TrackPointExtension>
        </extensions>
      </trkpt>
      <trkpt lat="40.00058386403546" lon="116.44006002597246">
        <ele>43.118879401125014</ele>
        <time>1970-01-01T00:10:59.700000Z</time>
        <extensions>
          <gpxtpx:TrackPointExtension>
            <gpxtpx:hr>159</gpxtpx:hr>
          </gpxtpx:TrackPointExtension>
        </extensions>
      </trkpt>
      <trkpt lat="40.000571299716945" lon="116.44002998690034">
        <ele>43.10865137632936</ele>
        <time>1970-01-01T00:11:00.800000Z</time>
        <extensions>
          <gpxtpx:TrackPointExtension>
            <gpxtpx:hr>159</gpxtpx:hr>
          </gpxtpx:TrackPointExtension>
        </extensions>
      </trkpt>
      <trkpt lat="40.0005589826762" lon="116.44000266244781">
        <ele>43.09415725711733</ele>
        <time>1970-01-01T00:11:01.800000Z</time>
        <extensions>
          <gpxtpx:TrackPointExtension>
            <gpxtpx:hr>159</gpxtpx:hr>
          </gpxtpx:TrackPointExtension>
        </extensions>
      </trkpt>
      <trkpt lat="40.00054600410024" lon="116.43997604896414">
        <ele>43.07485250942409</ele>
        <time>1970-01-01T00:11:02.800000Z</time>
        <extensions>
          <gpxtpx:TrackPointExtension>
            <gpxtpx:hr>159</gpxtpx:hr>
          </gpxtpx:TrackPointExtension>
        </extensions>
      </trkpt>
      <trkpt lat="40.00053364221209" lon="116.43995076442505">
        <ele>43.05132872052491</ele>
        <time>1970-01-01T00:11:03.700000Z</time>
        <extensions>
          <gpxtpx:TrackPointExtension>
            <gpxtpx:hr>156</gpxtpx:hr>
          </gpxtpx:TrackPointExtension>
        </extensions>
      </trkpt>
      <trkpt lat="40.00052036866096" lon="116.43992050792781">
        <ele>43.01690196245909</ele>
        <time>1970-01-01T00:11:04.800000Z</time>
        <extensions>
          <gpxtpx:TrackPointExtension>
            <gpxtpx:hr>156</gpxtpx:hr>
          </gpxtpx:TrackPointExtension>
        </extensions>
      </trkpt>
      <trkpt lat="40.00050965817626" lon="116.43989086550913">
        <ele>42.97893032524735</ele>
        <time>1970-01-01T00:11:05.800000Z</time>
        <extensions>
          <gpxtpx:TrackPointExtension>
            <gpxtpx:hr>156</gpxtpx:hr>
          </gpxtpx:TrackPointExtension>
        </extensions>
      </trkpt>
      <trkpt lat="40.000500868147526" lon="116.43986018109449">
        <ele>42.938434523530304</ele>
        <time>1970-01-01T00:11:06.800000Z</time>
        <extensions>
          <gpxtpx:TrackPointExtension>
            <gpxtpx:hr>156</gpxtpx:hr>
          </gpxtpx:TrackPointExtension>
        </extensions>
      </trkpt>
      <trkpt lat="40.000493860794215" lon="116.43982835721899">
        <ele>42.89745243359357</ele>
        <time>1970-01-01T00:11:07.800000Z</time>
        <extensions>
          <gpxtpx:TrackPointExtension>
            <gpxtpx:hr>156</gpxtpx:hr>
          </gpxtpx:TrackPointExtension>
        </extensions>
      </trkpt>
      <trkpt lat="40.00048842253017" lon="116.43979563146144">
        <ele>42.85750549659133</ele>
        <time>1970-01-01T00:11:08.800000Z</time>
        <extensions>
          <gpxtpx:TrackPointExtension>
            <gpxtpx:hr>156</gpxtpx:hr>
          </gpxtpx:TrackPointExtension>
        </extensions>
      </trkpt>
      <trkpt lat="40.00048451420224" lon="116.43976492289245">
        <ele>42.82194314338267</ele>
        <time>1970-01-01T00:11:09.700000Z</time>
        <extensions>
          <gpxtpx:TrackPointExtension>
            <gpxtpx:hr>156</gpxtpx:hr>
          </gpxtpx:TrackPointExtension>
        </extensions>
      </trkpt>
      <trkpt lat="40.000481065367715" lon="116.43972993584592">
        <ele>42.78417241573334</ele>
        <time>1970-01-01T00:11:10.800000Z</time>
        <extensions>
          <gpxtpx:TrackPointExtension>
            <gpxtpx:hr>156</gpxtpx:hr>
          </gpxtpx:TrackPointExtension>
        </extensions>
      </trkpt>
      <trkpt lat="40.00047852070877" lon="116.43969742292903">
        <ele>42.753779692575336</ele>
        <time>1970-01-01T00:11:11.800000Z</time>
        <extensions>
          <gpxtpx:TrackPointExtension>
            <gpxtpx:hr>156</gpxtpx:hr>
          </gpxtpx:TrackPointExtension>
        </extensions>
      </trkpt>
      <trkpt lat="40.000476055773305" lon="116.4396646088364">
        <ele>42.72998664807528</ele>
        <time>1970-01-01T00:11:12.800000Z</time>
        <extensions>
          <gpxtpx:TrackPointExtension>
            <gpxtpx:hr>156</gpxtpx:hr>
          </gpxtpx:TrackPointExtension>
        </extensions>
      </trkpt>
      <trkpt lat="40.0004734213564" lon="116.4396335131256">
        <ele>42.714688879437745</ele>
        <time>1970-01-01T00:11:13.700000Z</time>
        <extensions>
          <gpxtpx:TrackPointExtension>
            <gpxtpx:hr>156</gpxtpx:hr>
          </gpxtpx:TrackPointExtension>
        </extensions>
      </trkpt>
      <trkpt lat="40.00046977123716" lon="116.43959931513535">
        <ele>42.706606823951006</ele>
        <time>1970-01-01T00:11:14.700000Z</time>
        <extensions>
          <gpxtpx:TrackPointExtension>
            <gpxtpx:hr>156</gpxtpx:hr>
          </gpxtpx:TrackPointExtension>
        </extensions>
      </trkpt>
      <trkpt lat="40.00046498439899" lon="116.43956463843716">
        <ele>42.708740292117</ele>
        <time>1970-01-01T00:11:15.700000Z</time>
        <extensions>
          <gpxtpx:TrackPointExtension>
            <gpxtpx:hr>156</gpxtpx:hr>
          </gpxtpx:TrackPointExtension>
        </extensions>
      </trkpt>
      <trkpt lat="40.00045904582242" lon="116.4395305417642">
        <ele>42.722229078412056</ele>
        <time>1970-01-01T00:11:16.700000Z</time>
        <extensions>
          <gpxtpx:TrackPointExtension>
            <gpxtpx:hr>156</gpxtpx:hr>
          </gpxtpx:TrackPointExtension>
        </extensions>
      </trkpt>
      <trkpt lat="40.00045204521171" lon="116.43949775444624">
        <ele>42.74740686733276</ele>
        <time>1970-01-01T00:11:17.700000Z</time>
        <extensions>
          <gpxtpx:TrackPointExtension>
            <gpxtpx:hr>156</gpxtpx:hr>
          </gpxtpx:TrackPointExtension>
        </extensions>
      </trkpt>
      <trkpt lat="40.00044355517977" lon="116.43946402175884">
        <ele>42.78650443069637</ele>
        <time>1970-01-01T00:11:18.800000Z</time>
        <extensions>
          <gpxtpx:TrackPointExtension>
            <gpxtpx:hr>156</gpxtpx:hr>
          </gpxtpx:TrackPointExtension>
        </extensions>
      </trkpt>
      <trkpt lat="40.00043493940847" lon="116.43943371860122">
        <ele>42.83158868178725</ele>
        <time>1970-01-01T00:11:19.800000Z</time>
        <extensions>
          <gpxtpx:TrackPointExtension>
            <gpxtpx:hr>156</gpxtpx:hr>
          </gpxtpx:TrackPointExtension>
        </extensions>
      </trkpt>
      <trkpt lat="40.00042578003423" lon="116.4394037350061">
        <ele>42.882153001613915</ele>
        <time>1970-01-01T00:11:20.800000Z</time>
        <extensions>
          <gpxtpx:TrackPointExtension>
            <gpxtpx:hr>155</gpxtpx:hr>
          </gpxtpx:TrackPointExtension>
        </extensions>
      </trkpt>
      <trkpt lat="40.00041623623611" lon="116.43937385409579">
        <ele>42.93636593129486</ele>
        <time>1970-01-01T00:11:21.800000Z</time>
        <extensions>
          <gpxtpx:TrackPointExtension>
            <gpxtpx:hr>155</gpxtpx:hr>
          </gpxtpx:TrackPointExtension>
        </extensions>
      </trkpt>
      <trkpt lat="40.000406451890406" lon="116.43934401025656">
        <ele>42.992849417962134</ele>
        <time>1970-01-01T00:11:22.800000Z</time>
        <extensions>
          <gpxtpx:TrackPointExtension>
            <gpxtpx:hr>155</gpxtpx:hr>
          </gpxtpx:TrackPointExtension>
        </extensions>
      </trkpt>
      <trkpt lat="40.00039658544126" lon="116.43931417344412">
        <ele>43.05064624361694</ele>
        <time>1970-01-01T00:11:23.800000Z</time>
        <extensions>
          <gpxtpx:TrackPointExtension>
            <gpxtpx:hr>155</gpxtpx:hr>
          </gpxtpx:TrackPointExtension>
        </extensions>
      </trkpt>
      <trkpt lat="40.00038700771528" lon="116.43928456414984">
        <ele>43.10919597558677</ele>
        <time>1970-01-01T00:11:24.800000Z</time>
        <extensions>
          <gpxtpx:TrackPointExtension>
            <gpxtpx:hr>155</gpxtpx:hr>
          </gpxtpx:TrackPointExtension>
        </extensions>
      </trkpt>
      <trkpt lat="40.00037811065411" lon="116.43925508478944">
        <ele>43.16826795041561</ele>
        <time>1970-01-01T00:11:25.800000Z</time>
        <extensions>
          <gpxtpx:TrackPointExtension>
            <gpxtpx:hr>155</gpxtpx:hr>
          </gpxtpx:TrackPointExtension>
        </extensions>
      </trkpt>
      <trkpt lat="40.00037025219754" lon="116.43922542172666">
        <ele>43.22789131291211</ele>
        <time>1970-01-01T00:11:26.800000Z</time>
        <extensions>
          <gpxtpx:TrackPointExtension>
            <gpxtpx:hr>155</gpxtpx:hr>
          </gpxtpx:TrackPointExtension>
        </extensions>
      </trkpt>
      <trkpt lat="40.000363881751895" lon="116.43919538963256">
        <ele>43.28830570541322</ele>
        <time>1970-01-01T00:11:27.800000Z</time>
        <extensions>
          <gpxtpx:TrackPointExtension>
            <gpxtpx:hr>155</gpxtpx:hr>
          </gpxtpx:TrackPointExtension>
        </extensions>
      </trkpt>
      <trkpt lat="40.00035946882189" lon="116.43916495835352">
        <ele>43.34988106135279</ele>
        <time>1970-01-01T00:11:28.800000Z</time>
        <extensions>
          <gpxtpx:TrackPointExtension>
            <gpxtpx:hr>154</gpxtpx:hr>
          </gpxtpx:TrackPointExtension>
        </extensions>
      </trkpt>
      <trkpt lat="40.00035738493454" lon="116.4391340796842">
        <ele>43.412922258488834</ele>
        <time>1970-01-01T00:11:29.800000Z</time>
        <extensions>
          <gpxtpx:TrackPointExtension>
            <gpxtpx:hr>154</gpxtpx:hr>
          </gpxtpx:TrackPointExtension>
        </extensions>
      </trkpt>
      <trkpt lat="40.00035790090664" lon="116.43910289400104">
        <ele>43.47745821811259</ele>
        <time>1970-01-01T00:11:30.800000Z</time>
        <extensions>
          <gpxtpx:TrackPointExtension>
            <gpxtpx:hr>154</gpxtpx:hr>
          </gpxtpx:TrackPointExtension>
        </extensions>
      </trkpt>
      <trkpt lat="40.000361572944776" lon="116.43907191173781">
        <ele>43.543204145506024</ele>
        <time>1970-01-01T00:11:31.800000Z</time>
        <extensions>
          <gpxtpx:TrackPointExtension>
            <gpxtpx:hr>154</gpxtpx:hr>
          </gpxtpx:TrackPointExtension>
        </extensions>
      </trkpt>
      <trkpt lat="40.000369056572055" lon="116.43904227198237">
        <ele>43.60960311628878</ele>
        <time>1970-01-01T00:11:32.800000Z</time>
        <extensions>
          <gpxtpx:TrackPointExtension>
            <gpxtpx:hr>154</gpxtpx:hr>
          </gpxtpx:TrackPointExtension>
        </extensions>
      </trkpt>
      <trkpt lat="40.0003810136776" lon="116.43901554471024">
        <ele>43.675848291255534</ele>
        <time>1970-01-01T00:11:33.800000Z</time>
        <extensions>
          <gpxtpx:TrackPointExtension>
            <gpxtpx:hr>155</gpxtpx:hr>
          </gpxtpx:TrackPointExtension>
        </extensions>
      </trkpt>
      <trkpt lat="40.00039584931377" lon="116.43899485255423">
        <ele>43.73567204922438</ele>
        <time>1970-01-01T00:11:34.700000Z</time>
        <extensions>
          <gpxtpx:TrackPointExtension>
            <gpxtpx:hr>155</gpxtpx:hr>
          </gpxtpx:TrackPointExtension>
        </extensions>
      </trkpt>
      <trkpt lat="40.000415430294694" lon="116.4389771072749">
        <ele>43.79909545648843</ele>
        <time>1970-01-01T00:11:35.700000Z</time>
        <extensions>
          <gpxtpx:TrackPointExtension>
            <gpxtpx:hr>155</gpxtpx:hr>
          </gpxtpx:TrackPointExtension>
        </extensions>
      </trkpt>
      <trkpt lat="40.00043746805395" lon="116.4389632954558">
        <ele>43.860171840526164</ele>
        <time>1970-01-01T00:11:36.700000Z</time>
        <extensions>
          <gpxtpx:TrackPointExtension>
            <gpxtpx:hr>155</gpxtpx:hr>
          </gpxtpx:TrackPointExtension>
        </extensions>
      </trkpt>
      <trkpt lat="40.0004609049026" lon="116.43895178107974">
        <ele>43.91889939736575</ele>
        <time>1970-01-01T00:11:37.700000Z</time>
        <extensions>
          <gpxtpx:TrackPointExtension>
            <gpxtpx:hr>155</gpxtpx:hr>
          </gpxtpx:TrackPointExtension>
        </extensions>
      </trkpt>
      <trkpt lat="40.000484796165594" lon="116.43894166308071">
        <ele>43.97533326037228</ele>
        <time>1970-01-01T00:11:38.700000Z</time>
        <extensions>
          <gpxtpx:TrackPointExtension>
            <gpxtpx:hr>155</gpxtpx:hr>
          </gpxtpx:TrackPointExtension>
        </extensions>
      </trkpt>
      <trkpt lat="40.00050848920696" lon="116.43893246362465">
        <ele>44.02918369136751</ele>
        <time>1970-01-01T00:11:39.700000Z</time>
        <extensions>
          <gpxtpx:TrackPointExtension>
            <gpxtpx:hr>155</gpxtpx:hr>
          </gpxtpx:TrackPointExtension>
        </extensions>
      </trkpt>
      <trkpt lat="40.00053167515737" lon="116.43892380516239">
        <ele>44.0796770863235</ele>
        <time>1970-01-01T00:11:40.700000Z</time>
        <extensions>
          <gpxtpx:TrackPointExtension>
            <gpxtpx:hr>155</gpxtpx:hr>
          </gpxtpx:TrackPointExtension>
        </extensions>
      </trkpt>
      <trkpt lat="40.00055463414486" lon="116.43891550211472">
        <ele>44.125851707533</ele>
        <time>1970-01-01T00:11:41.700000Z</time>
        <extensions>
          <gpxtpx:TrackPointExtension>
            <gpxtpx:hr>155</gpxtpx:hr>
          </gpxtpx:TrackPointExtension>
        </extensions>
      </trkpt>
      <trkpt lat="40.000577804115096" lon="116.4389070621649">
        <ele>44.16699371766299</ele>
        <time>1970-01-01T00:11:42.700000Z</time>
        <extensions>
          <gpxtpx:TrackPointExtension>
            <gpxtpx:hr>155</gpxtpx:hr>
          </gpxtpx:TrackPointExtension>
        </extensions>
      </trkpt>
      <trkpt lat="40.000601349060645" lon="116.43889796823592">
        <ele>44.20285190269351</ele>
        <time>1970-01-01T00:11:43.700000Z</time>
        <extensions>
          <gpxtpx:TrackPointExtension>
            <gpxtpx:hr>155</gpxtpx:hr>
          </gpxtpx:TrackPointExtension>
        </extensions>
      </trkpt>
      <trkpt lat="40.000625229523386" lon="116.43888809043393">
        <ele>44.23367224819958</ele>
        <time>1970-01-01T00:11:44.700000Z</time>
        <extensions>
          <gpxtpx:TrackPointExtension>
            <gpxtpx:hr>155</gpxtpx:hr>
          </gpxtpx:TrackPointExtension>
        </extensions>
      </trkpt>
      <trkpt lat="40.000649365774166" lon="116.43887751561984">
        <ele>44.260131834074855</ele>
        <time>1970-01-01T00:11:45.700000Z</time>
        <extensions>
          <gpxtpx:TrackPointExtension>
            <gpxtpx:hr>155</gpxtpx:hr>
          </gpxtpx:TrackPointExtension>
        </extensions>
      </trkpt>
      <trkpt lat="40.00067375092697" lon="116.43886621416661">
        <ele>44.283109868876636</ele>
        <time>1970-01-01T00:11:46.700000Z</time>
        <extensions>
          <gpxtpx:TrackPointExtension>
            <gpxtpx:hr>155</gpxtpx:hr>
          </gpxtpx:TrackPointExtension>
        </extensions>
      </trkpt>
      <trkpt lat="40.00069825155506" lon="116.43885417272075">
        <ele>44.30343477614224</ele>
        <time>1970-01-01T00:11:47.700000Z</time>
        <extensions>
          <gpxtpx:TrackPointExtension>
            <gpxtpx:hr>155</gpxtpx:hr>
          </gpxtpx:TrackPointExtension>
        </extensions>
      </trkpt>
      <trkpt lat="40.00072260347171" lon="116.43884159124127">
        <ele>44.321769951842725</ele>
        <time>1970-01-01T00:11:48.700000Z</time>
        <extensions>
          <gpxtpx:TrackPointExtension>
            <gpxtpx:hr>155</gpxtpx:hr>
          </gpxtpx:TrackPointExtension>
        </extensions>
      </trkpt>
      <trkpt lat="40.00074651826942" lon="116.43882901026666">
        <ele>44.33862246014178</ele>
        <time>1970-01-01T00:11:49.700000Z</time>
        <extensions>
          <gpxtpx:TrackPointExtension>
            <gpxtpx:hr>157</gpxtpx:hr>
          </gpxtpx:TrackPointExtension>
        </extensions>
      </trkpt>
      <trkpt lat="40.000770228896535" lon="116.43881685133047">
        <ele>44.35437551885843</ele>
        <time>1970-01-01T00:11:50.700000Z</time>
        <extensions>
          <gpxtpx:TrackPointExtension>
            <gpxtpx:hr>157</gpxtpx:hr>
          </gpxtpx:TrackPointExtension>
        </extensions>
      </trkpt>
      <trkpt lat="40.0007941740646" lon="116.4388053108486">
        <ele>44.36926716659218</ele>
        <time>1970-01-01T00:11:51.700000Z</time>
        <extensions>
          <gpxtpx:TrackPointExtension>
            <gpxtpx:hr>157</gpxtpx:hr>
          </gpxtpx:TrackPointExtension>
        </extensions>
      </trkpt>
      <trkpt lat="40.000818472038134" lon="116.43879460595171">
        <ele>44.383341673761606</ele>
        <time>1970-01-01T00:11:52.700000Z</time>
        <extensions>
          <gpxtpx:TrackPointExtension>
            <gpxtpx:hr>157</gpxtpx:hr>
          </gpxtpx:TrackPointExtension>
        </extensions>
      </trkpt>
      <trkpt lat="40.000843107094745" lon="116.43878489322564">
        <ele>44.39642355963588</ele>
        <time>1970-01-01T00:11:53.700000Z</time>
        <extensions>
          <gpxtpx:TrackPointExtension>
            <gpxtpx:hr>157</gpxtpx:hr>
          </gpxtpx:TrackPointExtension>
        </extensions>
      </trkpt>
      <trkpt lat="40.00086811105948" lon="116.43877608816955">
        <ele>44.40812198072672</ele>
        <time>1970-01-01T00:11:54.700000Z</time>
        <extensions>
          <gpxtpx:TrackPointExtension>
            <gpxtpx:hr>157</gpxtpx:hr>
          </gpxtpx:TrackPointExtension>
        </extensions>
      </trkpt>
      <trkpt lat="40.00089343918705" lon="116.4387679962964">
        <ele>44.4178720805794</ele>
        <time>1970-01-01T00:11:55.700000Z</time>
        <extensions>
          <gpxtpx:TrackPointExtension>
            <gpxtpx:hr>158</gpxtpx:hr>
          </gpxtpx:TrackPointExtension>
        </extensions>
      </trkpt>
      <trkpt lat="40.0009190613818" lon="116.43876054284162">
        <ele>44.42503715585917</ele>
        <time>1970-01-01T00:11:56.700000Z</time>
        <extensions>
          <gpxtpx:TrackPointExtension>
            <gpxtpx:hr>158</gpxtpx:hr>
          </gpxtpx:TrackPointExtension>
        </extensions>
      </trkpt>
      <trkpt lat="40.00094490040846" lon="116.43875366103688">
        <ele>44.42905507981777</ele>
        <time>1970-01-01T00:11:57.700000Z</time>
        <extensions>
          <gpxtpx:TrackPointExtension>
            <gpxtpx:hr>158</gpxtpx:hr>
          </gpxtpx:TrackPointExtension>
        </extensions>
      </trkpt>
      <trkpt lat="40.00097099389135" lon="116.43874712737355">
        <ele>44.429524707607925</ele>
        <time>1970-01-01T00:11:58.700000Z</time>
        <extensions>
          <gpxtpx:TrackPointExtension>
            <gpxtpx:hr>159</gpxtpx:hr>
          </gpxtpx:TrackPointExtension>
        </extensions>
      </trkpt>
      <trkpt lat="40.000997479741294" lon="116.4387405079303">
        <ele>44.42618798278272</ele>
        <time>1970-01-01T00:11:59.700000Z</time>
        <extensions>
          <gpxtpx:TrackPointExtension>
            <gpxtpx:hr>159</gpxtpx:hr>
          </gpxtpx:TrackPointExtension>
        </extensions>
      </trkpt>
      <trkpt lat="40.00102411346341" lon="116.43873367660173">
        <ele>44.41888613626361</ele>
        <time>1970-01-01T00:12:00.700000Z</time>
        <extensions>
          <gpxtpx:TrackPointExtension>
            <gpxtpx:hr>159</gpxtpx:hr>
          </gpxtpx:TrackPointExtension>
        </extensions>
      </trkpt>
      <trkpt lat="40.00105301848172" lon="116.43872559762893">
        <ele>44.405965560115874</ele>
        <time>1970-01-01T00:12:01.800000Z</time>
        <extensions>
          <gpxtpx:TrackPointExtension>
            <gpxtpx:hr>159</gpxtpx:hr>
          </gpxtpx:TrackPointExtension>
        </extensions>
      </trkpt>
      <trkpt lat="40.00107635569164" lon="116.43871819021496">
        <ele>44.39149786811322</ele>
        <time>1970-01-01T00:12:02.700000Z</time>
        <extensions>
          <gpxtpx:TrackPointExtension>
            <gpxtpx:hr>159</gpxtpx:hr>
          </gpxtpx:TrackPointExtension>
        </extensions>
      </trkpt>
      <trkpt lat="40.001101805830714" lon="116.43870889376129">
        <ele>44.371006581932306</ele>
        <time>1970-01-01T00:12:03.700000Z</time>
        <extensions>
          <gpxtpx:TrackPointExtension>
            <gpxtpx:hr>159</gpxtpx:hr>
          </gpxtpx:TrackPointExtension>
        </extensions>
      </trkpt>
      <trkpt lat="40.00112700268371" lon="116.43869817036256">
        <ele>44.34503414016217</ele>
        <time>1970-01-01T00:12:04.700000Z</time>
        <extensions>
          <gpxtpx:TrackPointExtension>
            <gpxtpx:hr>159</gpxtpx:hr>
          </gpxtpx:TrackPointExtension>
        </extensions>
      </trkpt>
      <trkpt lat="40.00115185442595" lon="116.43868564552986">
        <ele>44.31322915107012</ele>
        <time>1970-01-01T00:12:05.700000Z</time>
        <extensions>
          <gpxtpx:TrackPointExtension>
            <gpxtpx:hr>159</gpxtpx:hr>
          </gpxtpx:TrackPointExtension>
        </extensions>
      </trkpt>
      <trkpt lat="40.00117564234476" lon="116.43867089973708">
        <ele>44.275635913945735</ele>
        <time>1970-01-01T00:12:06.700000Z</time>
        <extensions>
          <gpxtpx:TrackPointExtension>
            <gpxtpx:hr>159</gpxtpx:hr>
          </gpxtpx:TrackPointExtension>
        </extensions>
      </trkpt>
      <trkpt lat="40.00119768674569" lon="116.43865388120544">
        <ele>44.23289093840867</ele>
        <time>1970-01-01T00:12:07.700000Z</time>
        <extensions>
          <gpxtpx:TrackPointExtension>
            <gpxtpx:hr>159</gpxtpx:hr>
          </gpxtpx:TrackPointExtension>
        </extensions>
      </trkpt>
      <trkpt lat="40.00121790590615" lon="116.43863491658509">
        <ele>44.18634343892336</ele>
        <time>1970-01-01T00:12:08.700000Z</time>
        <extensions>
          <gpxtpx:TrackPointExtension>
            <gpxtpx:hr>159</gpxtpx:hr>
          </gpxtpx:TrackPointExtension>
        </extensions>
      </trkpt>
      <trkpt lat="40.00123677512567" lon="116.43861419914991">
        <ele>44.13792000897229</ele>
        <time>1970-01-01T00:12:09.700000Z</time>
        <extensions>
          <gpxtpx:TrackPointExtension>
            <gpxtpx:hr>158</gpxtpx:hr>
          </gpxtpx:TrackPointExtension>
        </extensions>
      </trkpt>
      <trkpt lat="40.00125503916431" lon="116.43859194601902">
        <ele>44.089885079301894</ele>
        <time>1970-01-01T00:12:10.700000Z</time>
        <extensions>
          <gpxtpx:TrackPointExtension>
            <gpxtpx:hr>158</gpxtpx:hr>
          </gpxtpx:TrackPointExtension>
        </extensions>
      </trkpt>
      <trkpt lat="40.00127337424454" lon="116.4385686853182">
        <ele>44.04459962807596</ele>
        <time>1970-01-01T00:12:11.700000Z</time>
        <extensions>
          <gpxtpx:TrackPointExtension>
            <gpxtpx:hr>158</gpxtpx:hr>
          </gpxtpx:TrackPointExtension>
        </extensions>
      </trkpt>
      <trkpt lat="40.00129216940684" lon="116.43854539405122">
        <ele>44.00420689303428</ele>
        <time>1970-01-01T00:12:12.700000Z</time>
        <extensions>
          <gpxtpx:TrackPointExtension>
            <gpxtpx:hr>158</gpxtpx:hr>
          </gpxtpx:TrackPointExtension>
        </extensions>
      </trkpt>
      <trkpt lat="40.00131174855198" lon="116.43852315251758">
        <ele>43.97039499133825</ele>
        <time>1970-01-01T00:12:13.700000Z</time>
        <extensions>
          <gpxtpx:TrackPointExtension>
            <gpxtpx:hr>158</gpxtpx:hr>
          </gpxtpx:TrackPointExtension>
        </extensions>
      </trkpt>
      <trkpt lat="40.00133233930838" lon="116.43850313177182">
        <ele>43.94437964633107</ele>
        <time>1970-01-01T00:12:14.700000Z</time>
        <extensions>
          <gpxtpx:TrackPointExtension>
            <gpxtpx:hr>158</gpxtpx:hr>
          </gpxtpx:TrackPointExtension>
        </extensions>
      </trkpt>
      <trkpt lat="40.001354038998976" lon="116.43848630899802">
        <ele>43.92695536185056</ele>
        <time>1970-01-01T00:12:15.700000Z</time>
        <extensions>
          <gpxtpx:TrackPointExtension>
            <gpxtpx:hr>158</gpxtpx:hr>
          </gpxtpx:TrackPointExtension>
        </extensions>
      </trkpt>
      <trkpt lat="40.00137680178584" lon="116.43847297599767">
        <ele>43.918511676602066</ele>
        <time>1970-01-01T00:12:16.700000Z</time>
        <extensions>
          <gpxtpx:TrackPointExtension>
            <gpxtpx:hr>158</gpxtpx:hr>
          </gpxtpx:TrackPointExtension>
        </extensions>
      </trkpt>
      <trkpt lat="40.00140057292135" lon="116.43846274892098">
        <ele>43.91901146713644</ele>
        <time>1970-01-01T00:12:17.700000Z</time>
        <extensions>
          <gpxtpx:TrackPointExtension>
            <gpxtpx:hr>158</gpxtpx:hr>
          </gpxtpx:TrackPointExtension>
        </extensions>
      </trkpt>
      <trkpt lat="40.00142554357607" lon="116.43845473217756">
        <ele>43.92794177401811</ele>
        <time>1970-01-01T00:12:18.700000Z</time>
        <extensions>
          <gpxtpx:TrackPointExtension>
            <gpxtpx:hr>158</gpxtpx:hr>
          </gpxtpx:TrackPointExtension>
        </extensions>
      </trkpt>
      <trkpt lat="40.00145163801796" lon="116.43844829735504">
        <ele>43.94432506430894</ele>
        <time>1970-01-01T00:12:19.700000Z</time>
        <extensions>
          <gpxtpx:TrackPointExtension>
            <gpxtpx:hr>159</gpxtpx:hr>
          </gpxtpx:TrackPointExtension>
        </extensions>
      </trkpt>
      <trkpt lat="40.00147815447133" lon="116.4384427804079">
        <ele>43.96675203181803</ele>
        <time>1970-01-01T00:12:20.700000Z</time>
        <extensions>
          <gpxtpx:TrackPointExtension>
            <gpxtpx:hr>159</gpxtpx:hr>
          </gpxtpx:TrackPointExtension>
        </extensions>
      </trkpt>
      <trkpt lat="40.00150455540057" lon="116.43843786702213">
        <ele>43.993488889187574</ele>
        <time>1970-01-01T00:12:21.700000Z</time>
        <extensions>
          <gpxtpx:TrackPointExtension>
            <gpxtpx:hr>159</gpxtpx:hr>
          </gpxtpx:TrackPointExtension>
        </extensions>
      </trkpt>
      <trkpt lat="40.00153072374133" lon="116.43843360895946">
        <ele>44.02275835163891</ele>
        <time>1970-01-01T00:12:22.700000Z</time>
        <extensions>
          <gpxtpx:TrackPointExtension>
            <gpxtpx:hr>159</gpxtpx:hr>
          </gpxtpx:TrackPointExtension>
        </extensions>
      </trkpt>
      <trkpt lat="40.00155693500586" lon="116.4384297584562">
        <ele>44.05302157159895</ele>
        <time>1970-01-01T00:12:23.700000Z</time>
        <extensions>
          <gpxtpx:TrackPointExtension>
            <gpxtpx:hr>158</gpxtpx:hr>
          </gpxtpx:TrackPointExtension>
        </extensions>
      </trkpt>
      <trkpt lat="40.00158336881559" lon="116.43842595904995">
        <ele>44.083123069256544</ele>
        <time>1970-01-01T00:12:24.700000Z</time>
        <extensions>
          <gpxtpx:TrackPointExtension>
            <gpxtpx:hr>158</gpxtpx:hr>
          </gpxtpx:TrackPointExtension>
        </extensions>
      </trkpt>
      <trkpt lat="40.001609673030934" lon="116.43842199351829">
        <ele>44.11234641820192</ele>
        <time>1970-01-01T00:12:25.700000Z</time>
        <extensions>
          <gpxtpx:TrackPointExtension>
            <gpxtpx:hr>158</gpxtpx:hr>
          </gpxtpx:TrackPointExtension>
        </extensions>
      </trkpt>
      <trkpt lat="40.00163555943603" lon="116.43841764918325">
        <ele>44.140350172296166</ele>
        <time>1970-01-01T00:12:26.700000Z</time>
        <extensions>
          <gpxtpx:TrackPointExtension>
            <gpxtpx:hr>158</gpxtpx:hr>
          </gpxtpx:TrackPointExtension>
        </extensions>
      </trkpt>
      <trkpt lat="40.001660977509644" lon="116.43841304793885">
        <ele>44.166932069696486</ele>
        <time>1970-01-01T00:12:27.700000Z</time>
        <extensions>
          <gpxtpx:TrackPointExtension>
            <gpxtpx:hr>158</gpxtpx:hr>
          </gpxtpx:TrackPointExtension>
        </extensions>
      </trkpt>
      <trkpt lat="40.00168581946739" lon="116.43840847519424">
        <ele>44.19178582262248</ele>
        <time>1970-01-01T00:12:28.700000Z</time>
        <extensions>
          <gpxtpx:TrackPointExtension>
            <gpxtpx:hr>158</gpxtpx:hr>
          </gpxtpx:TrackPointExtension>
        </extensions>
      </trkpt>
      <trkpt lat="40.001710313888225" lon="116.43840408134588">
        <ele>44.21443219296634</ele>
        <time>1970-01-01T00:12:29.700000Z</time>
        <extensions>
          <gpxtpx:TrackPointExtension>
            <gpxtpx:hr>158</gpxtpx:hr>
          </gpxtpx:TrackPointExtension>
        </extensions>
      </trkpt>
      <trkpt lat="40.00173493258412" lon="116.43839984200598">
        <ele>44.234306586906314</ele>
        <time>1970-01-01T00:12:30.700000Z</time>
        <extensions>
          <gpxtpx:TrackPointExtension>
            <gpxtpx:hr>159</gpxtpx:hr>
          </gpxtpx:TrackPointExtension>
        </extensions>
      </trkpt>
      <trkpt lat="40.001759964094035" lon="116.43839567232538">
        <ele>44.25090127531439</ele>
        <time>1970-01-01T00:12:31.700000Z</time>
        <extensions>
          <gpxtpx:TrackPointExtension>
            <gpxtpx:hr>159</gpxtpx:hr>
          </gpxtpx:TrackPointExtension>
        </extensions>
      </trkpt>
      <trkpt lat="40.0017888882659" lon="116.43839090473688">
        <ele>44.26489735394716</ele>
        <time>1970-01-01T00:12:32.800000Z</time>
        <extensions>
          <gpxtpx:TrackPointExtension>
            <gpxtpx:hr>159</gpxtpx:hr>
          </gpxtpx:TrackPointExtension>
        </extensions>
      </trkpt>
      <trkpt lat="40.00181242586329" lon="116.43838705150084">
        <ele>44.27253460325301</ele>
        <time>1970-01-01T00:12:33.700000Z</time>
        <extensions>
          <gpxtpx:TrackPointExtension>
            <gpxtpx:hr>159</gpxtpx:hr>
          </gpxtpx:TrackPointExtension>
        </extensions>
      </trkpt>
      <trkpt lat="40.00183889870945" lon="116.43838285608757">
        <ele>44.27727309521288</ele>
        <time>1970-01-01T00:12:34.700000Z</time>
        <extensions>
          <gpxtpx:TrackPointExtension>
            <gpxtpx:hr>159</gpxtpx:hr>
          </gpxtpx:TrackPointExtension>
        </extensions>
      </trkpt>
      <trkpt lat="40.00186841377371" lon="116.43837833057852">
        <ele>44.277235658839345</ele>
        <time>1970-01-01T00:12:35.800000Z</time>
        <extensions>
          <gpxtpx:TrackPointExtension>
            <gpxtpx:hr>159</gpxtpx:hr>
          </gpxtpx:TrackPointExtension>
        </extensions>
      </trkpt>
      <trkpt lat="40.001891933772995" lon="116.43837478105948">
        <ele>44.27382879797369</ele>
        <time>1970-01-01T00:12:36.700000Z</time>
        <extensions>
          <gpxtpx:TrackPointExtension>
            <gpxtpx:hr>159</gpxtpx:hr>
          </gpxtpx:TrackPointExtension>
        </extensions>
      </trkpt>
      <trkpt lat="40.00192209173466" lon="116.43837017011317">
        <ele>44.26616630796343</ele>
        <time>1970-01-01T00:12:37.800000Z</time>
        <extensions>
          <gpxtpx:TrackPointExtension>
            <gpxtpx:hr>160</gpxtpx:hr>
          </gpxtpx:TrackPointExtension>
        </extensions>
      </trkpt>
      <trkpt lat="40.001949362504874" lon="116.43836590445665">
        <ele>44.25672403443605</ele>
        <time>1970-01-01T00:12:38.800000Z</time>
        <extensions>
          <gpxtpx:TrackPointExtension>
            <gpxtpx:hr>160</gpxtpx:hr>
          </gpxtpx:TrackPointExtension>
        </extensions>
      </trkpt>
      <trkpt lat="40.001976382793586" lon="116.43836147945999">
        <ele>44.245389711111784</ele>
        <time>1970-01-01T00:12:39.800000Z</time>
        <extensions>
          <gpxtpx:TrackPointExtension>
            <gpxtpx:hr>160</gpxtpx:hr>
          </gpxtpx:TrackPointExtension>
        </extensions>
      </trkpt>
      <trkpt lat="40.00199988110181" lon="116.43835740376554">
        <ele>44.233567896299064</ele>
        <time>1970-01-01T00:12:40.700000Z</time>
        <extensions>
          <gpxtpx:TrackPointExtension>
            <gpxtpx:hr>160</gpxtpx:hr>
          </gpxtpx:TrackPointExtension>
        </extensions>
      </trkpt>
      <trkpt lat="40.00202643527756" lon="116.43835241959064">
        <ele>44.217032552696764</ele>
        <time>1970-01-01T00:12:41.700000Z</time>
        <extensions>
          <gpxtpx:TrackPointExtension>
            <gpxtpx:hr>160</gpxtpx:hr>
          </gpxtpx:TrackPointExtension>
        </extensions>
      </trkpt>
      <trkpt lat="40.00205326470056" lon="116.43834715126448">
        <ele>44.196204223670065</ele>
        <time>1970-01-01T00:12:42.700000Z</time>
        <extensions>
          <gpxtpx:TrackPointExtension>
            <gpxtpx:hr>160</gpxtpx:hr>
          </gpxtpx:TrackPointExtension>
        </extensions>
      </trkpt>
      <trkpt lat="40.00208104797617" lon="116.43834163362106">
        <ele>44.1708234641701</ele>
        <time>1970-01-01T00:12:43.700000Z</time>
        <extensions>
          <gpxtpx:TrackPointExtension>
            <gpxtpx:hr>159</gpxtpx:hr>
          </gpxtpx:TrackPointExtension>
        </extensions>
      </trkpt>
      <trkpt lat="40.002109310249544" lon="116.43833549204383">
        <ele>44.14137740712613</ele>
        <time>1970-01-01T00:12:44.700000Z</time>
        <extensions>
          <gpxtpx:TrackPointExtension>
            <gpxtpx:hr>159</gpxtpx:hr>
          </gpxtpx:TrackPointExtension>
        </extensions>
      </trkpt>
      <trkpt lat="40.00214051409253" lon="116.43832761407992">
        <ele>44.105121527798474</ele>
        <time>1970-01-01T00:12:45.800000Z</time>
        <extensions>
          <gpxtpx:TrackPointExtension>
            <gpxtpx:hr>159</gpxtpx:hr>
          </gpxtpx:TrackPointExtension>
        </extensions>
      </trkpt>
      <trkpt lat="40.00216411772055" lon="116.43832102541734">
        <ele>44.07582585234195</ele>
        <time>1970-01-01T00:12:46.700000Z</time>
        <extensions>
          <gpxtpx:TrackPointExtension>
            <gpxtpx:hr>159</gpxtpx:hr>
          </gpxtpx:TrackPointExtension>
        </extensions>
      </trkpt>
      <trkpt lat="40.002189781421244" lon="116.43831330076533">
        <ele>44.042677589692175</ele>
        <time>1970-01-01T00:12:47.700000Z</time>
        <extensions>
          <gpxtpx:TrackPointExtension>
            <gpxtpx:hr>159</gpxtpx:hr>
          </gpxtpx:TrackPointExtension>
        </extensions>
      </trkpt>
      <trkpt lat="40.00221440148762" lon="116.43830550309755">
        <ele>44.01049632579088</ele>
        <time>1970-01-01T00:12:48.700000Z</time>
        <extensions>
          <gpxtpx:TrackPointExtension>
            <gpxtpx:hr>159</gpxtpx:hr>
          </gpxtpx:TrackPointExtension>
        </extensions>
      </trkpt>
      <trkpt lat="40.00223837189457" lon="116.4382978358325">
        <ele>43.980011539533734</ele>
        <time>1970-01-01T00:12:49.700000Z</time>
        <extensions>
          <gpxtpx:TrackPointExtension>
            <gpxtpx:hr>159</gpxtpx:hr>
          </gpxtpx:TrackPointExtension>
        </extensions>
      </trkpt>
      <trkpt lat="40.00226519395631" lon="116.43828919419437">
        <ele>43.94884399045259</ele>
        <time>1970-01-01T00:12:50.800000Z</time>
        <extensions>
          <gpxtpx:TrackPointExtension>
            <gpxtpx:hr>159</gpxtpx:hr>
          </gpxtpx:TrackPointExtension>
        </extensions>
      </trkpt>
      <trkpt lat="40.00228996846668" lon="116.43828113732395">
        <ele>43.924693973734975</ele>
        <time>1970-01-01T00:12:51.800000Z</time>
        <extensions>
          <gpxtpx:TrackPointExtension>
            <gpxtpx:hr>159</gpxtpx:hr>
          </gpxtpx:TrackPointExtension>
        </extensions>
      </trkpt>
      <trkpt lat="40.00231589591915" lon="116.438272830486">
        <ele>43.90425590518862</ele>
        <time>1970-01-01T00:12:52.800000Z</time>
        <extensions>
          <gpxtpx:TrackPointExtension>
            <gpxtpx:hr>159</gpxtpx:hr>
          </gpxtpx:TrackPointExtension>
        </extensions>
      </trkpt>
      <trkpt lat="40.00234244515099" lon="116.43826454160423">
        <ele>43.887541440315545</ele>
        <time>1970-01-01T00:12:53.800000Z</time>
        <extensions>
          <gpxtpx:TrackPointExtension>
            <gpxtpx:hr>157</gpxtpx:hr>
          </gpxtpx:TrackPointExtension>
        </extensions>
      </trkpt>
      <trkpt lat="40.00236929168696" lon="116.43825666118384">
        <ele>43.874112660996616</ele>
        <time>1970-01-01T00:12:54.800000Z</time>
        <extensions>
          <gpxtpx:TrackPointExtension>
            <gpxtpx:hr>157</gpxtpx:hr>
          </gpxtpx:TrackPointExtension>
        </extensions>
      </trkpt>
      <trkpt lat="40.00239597958713" lon="116.43824931028712">
        <ele>43.863379042595625</ele>
        <time>1970-01-01T00:12:55.800000Z</time>
        <extensions>
          <gpxtpx:TrackPointExtension>
            <gpxtpx:hr>157</gpxtpx:hr>
          </gpxtpx:TrackPointExtension>
        </extensions>
      </trkpt>
      <trkpt lat="40.002422196177896" lon="116.43824217385088">
        <ele>43.85495346970856</ele>
        <time>1970-01-01T00:12:56.800000Z</time>
        <extensions>
          <gpxtpx:TrackPointExtension>
            <gpxtpx:hr>157</gpxtpx:hr>
          </gpxtpx:TrackPointExtension>
        </extensions>
      </trkpt>
      <trkpt lat="40.0024476577486" lon="116.43823532505093">
        <ele>43.84880520775914</ele>
        <time>1970-01-01T00:12:57.800000Z</time>
        <extensions>
          <gpxtpx:TrackPointExtension>
            <gpxtpx:hr>157</gpxtpx:hr>
          </gpxtpx:TrackPointExtension>
        </extensions>
      </trkpt>
      <trkpt lat="40.00247257324828" lon="116.43822867494306">
        <ele>43.845349092036486</ele>
        <time>1970-01-01T00:12:58.800000Z</time>
        <extensions>
          <gpxtpx:TrackPointExtension>
            <gpxtpx:hr>156</gpxtpx:hr>
          </gpxtpx:TrackPointExtension>
        </extensions>
      </trkpt>
      <trkpt lat="40.002497105373976" lon="116.43822207821638">
        <ele>43.84563253913075</ele>
        <time>1970-01-01T00:12:59.800000Z</time>
        <extensions>
          <gpxtpx:TrackPointExtension>
            <gpxtpx:hr>156</gpxtpx:hr>
          </gpxtpx:TrackPointExtension>
        </extensions>
      </trkpt>
      <trkpt lat="40.002521077177896" lon="116.43821554084158">
        <ele>43.85154887009412</ele>
        <time>1970-01-01T00:13:00.800000Z</time>
        <extensions>
          <gpxtpx:TrackPointExtension>
            <gpxtpx:hr>156</gpxtpx:hr>
          </gpxtpx:TrackPointExtension>
        </extensions>
      </trkpt>
      <trkpt lat="40.00254133957864" lon="116.43821000122148">
        <ele>43.86283473111689</ele>
        <time>1970-01-01T00:13:01.700000Z</time>
        <extensions>
          <gpxtpx:TrackPointExtension>
            <gpxtpx:hr>156</gpxtpx:hr>
          </gpxtpx:TrackPointExtension>
        </extensions>
      </trkpt>
      <trkpt lat="40.0025643785241" lon="116.43820376417992">
        <ele>43.88546492904425</ele>
        <time>1970-01-01T00:13:02.700000Z</time>
        <extensions>
          <gpxtpx:TrackPointExtension>
            <gpxtpx:hr>156</gpxtpx:hr>
          </gpxtpx:TrackPointExtension>
        </extensions>
      </trkpt>
      <trkpt lat="40.00258771362742" lon="116.4381978764872">
        <ele>43.92063468322158</ele>
        <time>1970-01-01T00:13:03.700000Z</time>
        <extensions>
          <gpxtpx:TrackPointExtension>
            <gpxtpx:hr>156</gpxtpx:hr>
          </gpxtpx:TrackPointExtension>
        </extensions>
      </trkpt>
      <trkpt lat="40.00261133623242" lon="116.43819288619194">
        <ele>43.96891661733389</ele>
        <time>1970-01-01T00:13:04.700000Z</time>
        <extensions>
          <gpxtpx:TrackPointExtension>
            <gpxtpx:hr>156</gpxtpx:hr>
          </gpxtpx:TrackPointExtension>
        </extensions>
      </trkpt>
      <trkpt lat="40.002635029595325" lon="116.43818884252651">
        <ele>44.02970405574888</ele>
        <time>1970-01-01T00:13:05.700000Z</time>
        <extensions>
          <gpxtpx:TrackPointExtension>
            <gpxtpx:hr>156</gpxtpx:hr>
          </gpxtpx:TrackPointExtension>
        </extensions>
      </trkpt>
      <trkpt lat="40.002658632652185" lon="116.43818521488112">
        <ele>44.10103381425142</ele>
        <time>1970-01-01T00:13:06.700000Z</time>
        <extensions>
          <gpxtpx:TrackPointExtension>
            <gpxtpx:hr>156</gpxtpx:hr>
          </gpxtpx:TrackPointExtension>
        </extensions>
      </trkpt>
      <trkpt lat="40.00268210041072" lon="116.4381816075027">
        <ele>44.17931263707578</ele>
        <time>1970-01-01T00:13:07.700000Z</time>
        <extensions>
          <gpxtpx:TrackPointExtension>
            <gpxtpx:hr>156</gpxtpx:hr>
          </gpxtpx:TrackPointExtension>
        </extensions>
      </trkpt>
      <trkpt lat="40.00270547910244" lon="116.43817786973035">
        <ele>44.25902960356325</ele>
        <time>1970-01-01T00:13:08.700000Z</time>
        <extensions>
          <gpxtpx:TrackPointExtension>
            <gpxtpx:hr>156</gpxtpx:hr>
          </gpxtpx:TrackPointExtension>
        </extensions>
      </trkpt>
      <trkpt lat="40.00272871596811" lon="116.43817395336185">
        <ele>44.33253986854106</ele>
        <time>1970-01-01T00:13:09.700000Z</time>
        <extensions>
          <gpxtpx:TrackPointExtension>
            <gpxtpx:hr>156</gpxtpx:hr>
          </gpxtpx:TrackPointExtension>
        </extensions>
      </trkpt>
      <trkpt lat="40.00275178239011" lon="116.43816983687282">
        <ele>44.3901804164052</ele>
        <time>1970-01-01T00:13:10.700000Z</time>
        <extensions>
          <gpxtpx:TrackPointExtension>
            <gpxtpx:hr>156</gpxtpx:hr>
          </gpxtpx:TrackPointExtension>
        </extensions>
      </trkpt>
      <trkpt lat="40.0027747855805" lon="116.43816554931428">
        <ele>44.42076307348907</ele>
        <time>1970-01-01T00:13:11.700000Z</time>
        <extensions>
          <gpxtpx:TrackPointExtension>
            <gpxtpx:hr>156</gpxtpx:hr>
          </gpxtpx:TrackPointExtension>
        </extensions>
      </trkpt>
      <trkpt lat="40.00279758391797" lon="116.43816136791717">
        <ele>44.41251676995307</ele>
        <time>1970-01-01T00:13:12.700000Z</time>
        <extensions>
          <gpxtpx:TrackPointExtension>
            <gpxtpx:hr>156</gpxtpx:hr>
          </gpxtpx:TrackPointExtension>
        </extensions>
      </trkpt>
      <trkpt lat="40.00282006204551" lon="116.4381574791565">
        <ele>44.35479221493006</ele>
        <time>1970-01-01T00:13:13.700000Z</time>
        <extensions>
          <gpxtpx:TrackPointExtension>
            <gpxtpx:hr>156</gpxtpx:hr>
          </gpxtpx:TrackPointExtension>
        </extensions>
      </trkpt>
      <trkpt lat="40.002842522147574" lon="116.43815380964573">
        <ele>44.24057440832257</ele>
        <time>1970-01-01T00:13:14.700000Z</time>
        <extensions>
          <gpxtpx:TrackPointExtension>
            <gpxtpx:hr>156</gpxtpx:hr>
          </gpxtpx:TrackPointExtension>
        </extensions>
      </trkpt>
      <trkpt lat="40.00286559392471" lon="116.43815015988429">
        <ele>44.06980062555522</ele>
        <time>1970-01-01T00:13:15.700000Z</time>
        <extensions>
          <gpxtpx:TrackPointExtension>
            <gpxtpx:hr>157</gpxtpx:hr>
          </gpxtpx:TrackPointExtension>
        </extensions>
      </trkpt>
      <trkpt lat="40.002889614411274" lon="116.43814647121798">
        <ele>43.85124647710472</ele>
        <time>1970-01-01T00:13:16.700000Z</time>
        <extensions>
          <gpxtpx:TrackPointExtension>
            <gpxtpx:hr>157</gpxtpx:hr>
          </gpxtpx:TrackPointExtension>
        </extensions>
      </trkpt>
      <trkpt lat="40.00291433064617" lon="116.43814296780586">
        <ele>43.60056527890265</ele>
        <time>1970-01-01T00:13:17.700000Z</time>
        <extensions>
          <gpxtpx:TrackPointExtension>
            <gpxtpx:hr>157</gpxtpx:hr>
          </gpxtpx:TrackPointExtension>
        </extensions>
      </trkpt>
      <trkpt lat="40.00293940953075" lon="116.43813997583791">
        <ele>43.33675875514746</ele>
        <time>1970-01-01T00:13:18.700000Z</time>
        <extensions>
          <gpxtpx:TrackPointExtension>
            <gpxtpx:hr>157</gpxtpx:hr>
          </gpxtpx:TrackPointExtension>
        </extensions>
      </trkpt>
      <trkpt lat="40.00296472407175" lon="116.43813751364102">
        <ele>43.07925675902516</ele>
        <time>1970-01-01T00:13:19.700000Z</time>
        <extensions>
          <gpxtpx:TrackPointExtension>
            <gpxtpx:hr>157</gpxtpx:hr>
          </gpxtpx:TrackPointExtension>
        </extensions>
      </trkpt>
      <trkpt lat="40.002989997723624" lon="116.438135247933">
        <ele>42.84517642762512</ele>
        <time>1970-01-01T00:13:20.700000Z</time>
        <extensions>
          <gpxtpx:TrackPointExtension>
            <gpxtpx:hr>157</gpxtpx:hr>
          </gpxtpx:TrackPointExtension>
        </extensions>
      </trkpt>
      <trkpt lat="40.00301519314465" lon="116.43813292502948">
        <ele>42.64640244375914</ele>
        <time>1970-01-01T00:13:21.700000Z</time>
        <extensions>
          <gpxtpx:TrackPointExtension>
            <gpxtpx:hr>157</gpxtpx:hr>
          </gpxtpx:TrackPointExtension>
        </extensions>
      </trkpt>
      <trkpt lat="40.00304064458265" lon="116.43813042199682">
        <ele>42.48799466434866</ele>
        <time>1970-01-01T00:13:22.700000Z</time>
        <extensions>
          <gpxtpx:TrackPointExtension>
            <gpxtpx:hr>157</gpxtpx:hr>
          </gpxtpx:TrackPointExtension>
        </extensions>
      </trkpt>
      <trkpt lat="40.00306657634213" lon="116.43812776592615">
        <ele>42.369497382082045</ele>
        <time>1970-01-01T00:13:23.700000Z</time>
        <extensions>
          <gpxtpx:TrackPointExtension>
            <gpxtpx:hr>157</gpxtpx:hr>
          </gpxtpx:TrackPointExtension>
        </extensions>
      </trkpt>
      <trkpt lat="40.003092837386326" lon="116.43812499774012">
        <ele>42.28725301567465</ele>
        <time>1970-01-01T00:13:24.700000Z</time>
        <extensions>
          <gpxtpx:TrackPointExtension>
            <gpxtpx:hr>157</gpxtpx:hr>
          </gpxtpx:TrackPointExtension>
        </extensions>
      </trkpt>
      <trkpt lat="40.00311911197824" lon="116.43812228140372">
        <ele>42.23601896222681</ele>
        <time>1970-01-01T00:13:25.700000Z</time>
        <extensions>
          <gpxtpx:TrackPointExtension>
            <gpxtpx:hr>157</gpxtpx:hr>
          </gpxtpx:TrackPointExtension>
        </extensions>
      </trkpt>
      <trkpt lat="40.003145085349054" lon="116.43811954793648">
        <ele>42.21003919094801</ele>
        <time>1970-01-01T00:13:26.700000Z</time>
        <extensions>
          <gpxtpx:TrackPointExtension>
            <gpxtpx:hr>157</gpxtpx:hr>
          </gpxtpx:TrackPointExtension>
        </extensions>
      </trkpt>
      <trkpt lat="40.003170564144554" lon="116.43811669471395">
        <ele>42.20370555575937</ele>
        <time>1970-01-01T00:13:27.700000Z</time>
        <extensions>
          <gpxtpx:TrackPointExtension>
            <gpxtpx:hr>157</gpxtpx:hr>
          </gpxtpx:TrackPointExtension>
        </extensions>
      </trkpt>
      <trkpt lat="40.003195442075324" lon="116.43811376007883">
        <ele>42.21192282438278</ele>
        <time>1970-01-01T00:13:28.700000Z</time>
        <extensions>
          <gpxtpx:TrackPointExtension>
            <gpxtpx:hr>157</gpxtpx:hr>
          </gpxtpx:TrackPointExtension>
        </extensions>
      </trkpt>
      <trkpt lat="40.003219876811286" lon="116.43811065172234">
        <ele>42.230272150598466</ele>
        <time>1970-01-01T00:13:29.700000Z</time>
        <extensions>
          <gpxtpx:TrackPointExtension>
            <gpxtpx:hr>158</gpxtpx:hr>
          </gpxtpx:TrackPointExtension>
        </extensions>
      </trkpt>
      <trkpt lat="40.00324449754458" lon="116.43810735458">
        <ele>42.25504700932652</ele>
        <time>1970-01-01T00:13:30.700000Z</time>
        <extensions>
          <gpxtpx:TrackPointExtension>
            <gpxtpx:hr>158</gpxtpx:hr>
          </gpxtpx:TrackPointExtension>
        </extensions>
      </trkpt>
      <trkpt lat="40.00326967767642" lon="116.43810395728961">
        <ele>42.28321651369333</ele>
        <time>1970-01-01T00:13:31.700000Z</time>
        <extensions>
          <gpxtpx:TrackPointExtension>
            <gpxtpx:hr>158</gpxtpx:hr>
          </gpxtpx:TrackPointExtension>
        </extensions>
      </trkpt>
      <trkpt lat="40.003295322202895" lon="116.43810050508847">
        <ele>42.312357971444726</ele>
        <time>1970-01-01T00:13:32.700000Z</time>
        <extensions>
          <gpxtpx:TrackPointExtension>
            <gpxtpx:hr>158</gpxtpx:hr>
          </gpxtpx:TrackPointExtension>
        </extensions>
      </trkpt>
      <trkpt lat="40.003321195267446" lon="116.43809712134465">
        <ele>42.3405909659341</ele>
        <time>1970-01-01T00:13:33.700000Z</time>
        <extensions>
          <gpxtpx:TrackPointExtension>
            <gpxtpx:hr>158</gpxtpx:hr>
          </gpxtpx:TrackPointExtension>
        </extensions>
      </trkpt>
      <trkpt lat="40.003347093583564" lon="116.43809399916485">
        <ele>42.36653676815331</ele>
        <time>1970-01-01T00:13:34.700000Z</time>
        <extensions>
          <gpxtpx:TrackPointExtension>
            <gpxtpx:hr>158</gpxtpx:hr>
          </gpxtpx:TrackPointExtension>
        </extensions>
      </trkpt>
      <trkpt lat="40.003373153246606" lon="116.4380912076331">
        <ele>42.38932323362678</ele>
        <time>1970-01-01T00:13:35.700000Z</time>
        <extensions>
          <gpxtpx:TrackPointExtension>
            <gpxtpx:hr>158</gpxtpx:hr>
          </gpxtpx:TrackPointExtension>
        </extensions>
      </trkpt>
      <trkpt lat="40.00339908633652" lon="116.43808859172485">
        <ele>42.40860093943775</ele>
        <time>1970-01-01T00:13:36.700000Z</time>
        <extensions>
          <gpxtpx:TrackPointExtension>
            <gpxtpx:hr>158</gpxtpx:hr>
          </gpxtpx:TrackPointExtension>
        </extensions>
      </trkpt>
      <trkpt lat="40.00342439873738" lon="116.43808604311387">
        <ele>42.424479031935334</ele>
        <time>1970-01-01T00:13:37.700000Z</time>
        <extensions>
          <gpxtpx:TrackPointExtension>
            <gpxtpx:hr>158</gpxtpx:hr>
          </gpxtpx:TrackPointExtension>
        </extensions>
      </trkpt>
      <trkpt lat="40.00344905086174" lon="116.43808357575256">
        <ele>42.43738145753741</ele>
        <time>1970-01-01T00:13:38.700000Z</time>
        <extensions>
          <gpxtpx:TrackPointExtension>
            <gpxtpx:hr>158</gpxtpx:hr>
          </gpxtpx:TrackPointExtension>
        </extensions>
      </trkpt>
      <trkpt lat="40.003473575323135" lon="116.43808108532991">
        <ele>42.44791377522051</ele>
        <time>1970-01-01T00:13:39.700000Z</time>
        <extensions>
          <gpxtpx:TrackPointExtension>
            <gpxtpx:hr>160</gpxtpx:hr>
          </gpxtpx:TrackPointExtension>
        </extensions>
      </trkpt>
      <trkpt lat="40.003498498345714" lon="116.43807845661927">
        <ele>42.45677859056741</ele>
        <time>1970-01-01T00:13:40.700000Z</time>
        <extensions>
          <gpxtpx:TrackPointExtension>
            <gpxtpx:hr>160</gpxtpx:hr>
          </gpxtpx:TrackPointExtension>
        </extensions>
      </trkpt>
      <trkpt lat="40.003523543233584" lon="116.4380756955007">
        <ele>42.46472566109151</ele>
        <time>1970-01-01T00:13:41.700000Z</time>
        <extensions>
          <gpxtpx:TrackPointExtension>
            <gpxtpx:hr>160</gpxtpx:hr>
          </gpxtpx:TrackPointExtension>
        </extensions>
      </trkpt>
      <trkpt lat="40.00354858329002" lon="116.43807258398374">
        <ele>42.472525319084525</ele>
        <time>1970-01-01T00:13:42.700000Z</time>
        <extensions>
          <gpxtpx:TrackPointExtension>
            <gpxtpx:hr>160</gpxtpx:hr>
          </gpxtpx:TrackPointExtension>
        </extensions>
      </trkpt>
      <trkpt lat="40.0035733947789" lon="116.43806869743663">
        <ele>42.480954475700855</ele>
        <time>1970-01-01T00:13:43.700000Z</time>
        <extensions>
          <gpxtpx:TrackPointExtension>
            <gpxtpx:hr>160</gpxtpx:hr>
          </gpxtpx:TrackPointExtension>
        </extensions>
      </trkpt>
      <trkpt lat="40.00359755007284" lon="116.43806353871338">
        <ele>42.49078466091305</ele>
        <time>1970-01-01T00:13:44.700000Z</time>
        <extensions>
          <gpxtpx:TrackPointExtension>
            <gpxtpx:hr>160</gpxtpx:hr>
          </gpxtpx:TrackPointExtension>
        </extensions>
      </trkpt>
      <trkpt lat="40.003620976547765" lon="116.4380560940823">
        <ele>42.502762279473245</ele>
        <time>1970-01-01T00:13:45.700000Z</time>
        <extensions>
          <gpxtpx:TrackPointExtension>
            <gpxtpx:hr>160</gpxtpx:hr>
          </gpxtpx:TrackPointExtension>
        </extensions>
      </trkpt>
      <trkpt lat="40.0036435952453" lon="116.43804541374989">
        <ele>42.51759744621813</ele>
        <time>1970-01-01T00:13:46.700000Z</time>
        <extensions>
          <gpxtpx:TrackPointExtension>
            <gpxtpx:hr>160</gpxtpx:hr>
          </gpxtpx:TrackPointExtension>
        </extensions>
      </trkpt>
      <trkpt lat="40.00366498007726" lon="116.43803113375523">
        <ele>42.53600537404418</ele>
        <time>1970-01-01T00:13:47.700000Z</time>
        <extensions>
          <gpxtpx:TrackPointExtension>
            <gpxtpx:hr>160</gpxtpx:hr>
          </gpxtpx:TrackPointExtension>
        </extensions>
      </trkpt>
      <trkpt lat="40.003684740751616" lon="116.43801340474211">
        <ele>42.558795193210244</ele>
        <time>1970-01-01T00:13:48.700000Z</time>
        <extensions>
          <gpxtpx:TrackPointExtension>
            <gpxtpx:hr>160</gpxtpx:hr>
          </gpxtpx:TrackPointExtension>
        </extensions>
      </trkpt>
      <trkpt lat="40.00370254756352" lon="116.43799277239066">
        <ele>42.586949368938804</ele>
        <time>1970-01-01T00:13:49.700000Z</time>
        <extensions>
          <gpxtpx:TrackPointExtension>
            <gpxtpx:hr>160</gpxtpx:hr>
          </gpxtpx:TrackPointExtension>
        </extensions>
      </trkpt>
      <trkpt lat="40.00371847944929" lon="116.43796961159492">
        <ele>42.621661950834095</ele>
        <time>1970-01-01T00:13:50.700000Z</time>
        <extensions>
          <gpxtpx:TrackPointExtension>
            <gpxtpx:hr>161</gpxtpx:hr>
          </gpxtpx:TrackPointExtension>
        </extensions>
      </trkpt>
      <trkpt lat="40.003732780037716" lon="116.43794461715845">
        <ele>42.664328635670245</ele>
        <time>1970-01-01T00:13:51.700000Z</time>
        <extensions>
          <gpxtpx:TrackPointExtension>
            <gpxtpx:hr>161</gpxtpx:hr>
          </gpxtpx:TrackPointExtension>
        </extensions>
      </trkpt>
      <trkpt lat="40.003745477189064" lon="116.43791865622265">
        <ele>42.71646990813315</ele>
        <time>1970-01-01T00:13:52.700000Z</time>
        <extensions>
          <gpxtpx:TrackPointExtension>
            <gpxtpx:hr>161</gpxtpx:hr>
          </gpxtpx:TrackPointExtension>
        </extensions>
      </trkpt>
      <trkpt lat="40.00375652052216" lon="116.43789258654898">
        <ele>42.77956921234727</ele>
        <time>1970-01-01T00:13:53.700000Z</time>
        <extensions>
          <gpxtpx:TrackPointExtension>
            <gpxtpx:hr>161</gpxtpx:hr>
          </gpxtpx:TrackPointExtension>
        </extensions>
      </trkpt>
      <trkpt lat="40.00376616253909" lon="116.43786624431628">
        <ele>42.854793853126466</ele>
        <time>1970-01-01T00:13:54.700000Z</time>
        <extensions>
          <gpxtpx:TrackPointExtension>
            <gpxtpx:hr>161</gpxtpx:hr>
          </gpxtpx:TrackPointExtension>
        </extensions>
      </trkpt>
      <trkpt lat="40.00377464538119" lon="116.43783939005027">
        <ele>42.94256392400712</ele>
        <time>1970-01-01T00:13:55.700000Z</time>
        <extensions>
          <gpxtpx:TrackPointExtension>
            <gpxtpx:hr>160</gpxtpx:hr>
          </gpxtpx:TrackPointExtension>
        </extensions>
      </trkpt>
      <trkpt lat="40.00378186474853" lon="116.43781205889061">
        <ele>43.04212940298021</ele>
        <time>1970-01-01T00:13:56.700000Z</time>
        <extensions>
          <gpxtpx:TrackPointExtension>
            <gpxtpx:hr>160</gpxtpx:hr>
          </gpxtpx:TrackPointExtension>
        </extensions>
      </trkpt>
      <trkpt lat="40.003787705613426" lon="116.43778405513099">
        <ele>43.151536730118096</ele>
        <time>1970-01-01T00:13:57.700000Z</time>
        <extensions>
          <gpxtpx:TrackPointExtension>
            <gpxtpx:hr>160</gpxtpx:hr>
          </gpxtpx:TrackPointExtension>
        </extensions>
      </trkpt>
      <trkpt lat="40.00379212816641" lon="116.43775515620484">
        <ele>43.26798981055617</ele>
        <time>1970-01-01T00:13:58.700000Z</time>
        <extensions>
          <gpxtpx:TrackPointExtension>
            <gpxtpx:hr>160</gpxtpx:hr>
          </gpxtpx:TrackPointExtension>
        </extensions>
      </trkpt>
      <trkpt lat="40.003795373502605" lon="116.43772497619457">
        <ele>43.388242023065686</ele>
        <time>1970-01-01T00:13:59.700000Z</time>
        <extensions>
          <gpxtpx:TrackPointExtension>
            <gpxtpx:hr>161</gpxtpx:hr>
          </gpxtpx:TrackPointExtension>
        </extensions>
      </trkpt>
      <trkpt lat="40.003797777872194" lon="116.43769347415208">
        <ele>43.508871915750206</ele>
        <time>1970-01-01T00:14:00.700000Z</time>
        <extensions>
          <gpxtpx:TrackPointExtension>
            <gpxtpx:hr>161</gpxtpx:hr>
          </gpxtpx:TrackPointExtension>
        </extensions>
      </trkpt>
      <trkpt lat="40.00379969186354" lon="116.4376612954608">
        <ele>43.6265022624284</ele>
        <time>1970-01-01T00:14:01.700000Z</time>
        <extensions>
          <gpxtpx:TrackPointExtension>
            <gpxtpx:hr>161</gpxtpx:hr>
          </gpxtpx:TrackPointExtension>
        </extensions>
      </trkpt>
      <trkpt lat="40.00380122451763" lon="116.4376291983184">
        <ele>43.738017180003226</ele>
        <time>1970-01-01T00:14:02.700000Z</time>
        <extensions>
          <gpxtpx:TrackPointExtension>
            <gpxtpx:hr>161</gpxtpx:hr>
          </gpxtpx:TrackPointExtension>
        </extensions>
      </trkpt>
      <trkpt lat="40.00380237016668" lon="116.43759788468768">
        <ele>43.84083325043321</ele>
        <time>1970-01-01T00:14:03.700000Z</time>
        <extensions>
          <gpxtpx:TrackPointExtension>
            <gpxtpx:hr>161</gpxtpx:hr>
          </gpxtpx:TrackPointExtension>
        </extensions>
      </trkpt>
      <trkpt lat="40.00380313415529" lon="116.43756766719707">
        <ele>43.93328061141074</ele>
        <time>1970-01-01T00:14:04.700000Z</time>
        <extensions>
          <gpxtpx:TrackPointExtension>
            <gpxtpx:hr>161</gpxtpx:hr>
          </gpxtpx:TrackPointExtension>
        </extensions>
      </trkpt>
      <trkpt lat="40.00380351401305" lon="116.43753293792103">
        <ele>44.02633015718311</ele>
        <time>1970-01-01T00:14:05.900000Z</time>
        <extensions>
          <gpxtpx:TrackPointExtension>
            <gpxtpx:hr>161</gpxtpx:hr>
          </gpxtpx:TrackPointExtension>
        </extensions>
      </trkpt>
      <trkpt lat="40.003803465741264" lon="116.43750293228643">
        <ele>44.094277455471456</ele>
        <time>1970-01-01T00:14:06.900000Z</time>
        <extensions>
          <gpxtpx:TrackPointExtension>
            <gpxtpx:hr>161</gpxtpx:hr>
          </gpxtpx:TrackPointExtension>
        </extensions>
      </trkpt>
      <trkpt lat="40.00380333152641" lon="116.43747207418639">
        <ele>44.153547117486596</ele>
        <time>1970-01-01T00:14:07.900000Z</time>
        <extensions>
          <gpxtpx:TrackPointExtension>
            <gpxtpx:hr>161</gpxtpx:hr>
          </gpxtpx:TrackPointExtension>
        </extensions>
      </trkpt>
      <trkpt lat="40.00380336668383" lon="116.43744030821745">
        <ele>44.2054952532053</ele>
        <time>1970-01-01T00:14:08.900000Z</time>
        <extensions>
          <gpxtpx:TrackPointExtension>
            <gpxtpx:hr>163</gpxtpx:hr>
          </gpxtpx:TrackPointExtension>
        </extensions>
      </trkpt>
      <trkpt lat="40.00380370781803" lon="116.43740847581262">
        <ele>44.25127882324159</ele>
        <time>1970-01-01T00:14:09.900000Z</time>
        <extensions>
          <gpxtpx:TrackPointExtension>
            <gpxtpx:hr>163</gpxtpx:hr>
          </gpxtpx:TrackPointExtension>
        </extensions>
      </trkpt>
      <trkpt lat="40.003804259922816" lon="116.43737754956112">
        <ele>44.291855410672724</ele>
        <time>1970-01-01T00:14:10.900000Z</time>
        <extensions>
          <gpxtpx:TrackPointExtension>
            <gpxtpx:hr>163</gpxtpx:hr>
          </gpxtpx:TrackPointExtension>
        </extensions>
      </trkpt>
      <trkpt lat="40.00380488159095" lon="116.43734803027502">
        <ele>44.32797696068883</ele>
        <time>1970-01-01T00:14:11.900000Z</time>
        <extensions>
          <gpxtpx:TrackPointExtension>
            <gpxtpx:hr>163</gpxtpx:hr>
          </gpxtpx:TrackPointExtension>
        </extensions>
      </trkpt>
      <trkpt lat="40.00380556092262" lon="116.43732518617564">
        <ele>44.355234974995255</ele>
        <time>1970-01-01T00:14:12.700000Z</time>
        <extensions>
          <gpxtpx:TrackPointExtension>
            <gpxtpx:hr>163</gpxtpx:hr>
          </gpxtpx:TrackPointExtension>
        </extensions>
      </trkpt>
      <trkpt lat="40.00380784924296" lon="116.43730063926577">
        <ele>44.385599001310766</ele>
        <time>1970-01-01T00:14:13.700000Z</time>
        <extensions>
          <gpxtpx:TrackPointExtension>
            <gpxtpx:hr>163</gpxtpx:hr>
          </gpxtpx:TrackPointExtension>
        </extensions>
      </trkpt>
      <trkpt lat="40.0038123268021" lon="116.43727989091492">
        <ele>44.41385930776596</ele>
        <time>1970-01-01T00:14:14.700000Z</time>
        <extensions>
          <gpxtpx:TrackPointExtension>
            <gpxtpx:hr>162</gpxtpx:hr>
          </gpxtpx:TrackPointExtension>
        </extensions>
      </trkpt>
      <trkpt lat="40.00383371171868" lon="116.43712646859227">
        <ele>45.72293808776885</ele>
        <time>1970-01-01T00:16:25.700000Z</time>
        <extensions>
          <gpxtpx:TrackPointExtension>
            <gpxtpx:hr>111</gpxtpx:hr>
          </gpxtpx:TrackPointExtension>
        </extensions>
      </trkpt>
      <trkpt lat="40.00383359577704" lon="116.43712721256617">
        <ele>45.633525491692126</ele>
        <time>1970-01-01T00:16:26.900000Z</time>
        <extensions>
          <gpxtpx:TrackPointExtension>
            <gpxtpx:hr>111</gpxtpx:hr>
          </gpxtpx:TrackPointExtension>
        </extensions>
      </trkpt>
      <trkpt lat="40.003833162252" lon="116.43713007516185">
        <ele>45.55404790863395</ele>
        <time>1970-01-01T00:16:27.900000Z</time>
        <extensions>
          <gpxtpx:TrackPointExtension>
            <gpxtpx:hr>111</gpxtpx:hr>
          </gpxtpx:TrackPointExtension>
        </extensions>
      </trkpt>
      <trkpt lat="40.00383208550476" lon="116.4371372257539">
        <ele>45.46496678888798</ele>
        <time>1970-01-01T00:16:28.900000Z</time>
        <extensions>
          <gpxtpx:TrackPointExtension>
            <gpxtpx:hr>111</gpxtpx:hr>
          </gpxtpx:TrackPointExtension>
        </extensions>
      </trkpt>
      <trkpt lat="40.00382966438847" lon="116.43715323318544">
        <ele>45.364756712689996</ele>
        <time>1970-01-01T00:16:29.900000Z</time>
        <extensions>
          <gpxtpx:TrackPointExtension>
            <gpxtpx:hr>111</gpxtpx:hr>
          </gpxtpx:TrackPointExtension>
        </extensions>
      </trkpt>
      <trkpt lat="40.00382621927559" lon="116.43717615489007">
        <ele>45.25380415376276</ele>
        <time>1970-01-01T00:16:30.900000Z</time>
        <extensions>
          <gpxtpx:TrackPointExtension>
            <gpxtpx:hr>111</gpxtpx:hr>
          </gpxtpx:TrackPointExtension>
        </extensions>
      </trkpt>
      <trkpt lat="40.00382315000179" lon="116.43720075782304">
        <ele>45.133662389591336</ele>
        <time>1970-01-01T00:16:31.900000Z</time>
        <extensions>
          <gpxtpx:TrackPointExtension>
            <gpxtpx:hr>111</gpxtpx:hr>
          </gpxtpx:TrackPointExtension>
        </extensions>
      </trkpt>
      <trkpt lat="40.003819754716815" lon="116.43722935483535">
        <ele>45.006625436246395</ele>
        <time>1970-01-01T00:16:32.900000Z</time>
        <extensions>
          <gpxtpx:TrackPointExtension>
            <gpxtpx:hr>111</gpxtpx:hr>
          </gpxtpx:TrackPointExtension>
        </extensions>
      </trkpt>
      <trkpt lat="40.00381599135888" lon="116.43726221346164">
        <ele>44.87611185479909</ele>
        <time>1970-01-01T00:16:33.900000Z</time>
        <extensions>
          <gpxtpx:TrackPointExtension>
            <gpxtpx:hr>111</gpxtpx:hr>
          </gpxtpx:TrackPointExtension>
        </extensions>
      </trkpt>
      <trkpt lat="40.00381215648187" lon="116.43729648943801">
        <ele>44.7463444750756</ele>
        <time>1970-01-01T00:16:34.900000Z</time>
        <extensions>
          <gpxtpx:TrackPointExtension>
            <gpxtpx:hr>118</gpxtpx:hr>
          </gpxtpx:TrackPointExtension>
        </extensions>
      </trkpt>
      <trkpt lat="40.00380912172829" lon="116.43733153583096">
        <ele>44.62159383576363</ele>
        <time>1970-01-01T00:16:35.900000Z</time>
        <extensions>
          <gpxtpx:TrackPointExtension>
            <gpxtpx:hr>118</gpxtpx:hr>
          </gpxtpx:TrackPointExtension>
        </extensions>
      </trkpt>
      <trkpt lat="40.00380708993636" lon="116.43736757074961">
        <ele>44.505740124732256</ele>
        <time>1970-01-01T00:16:36.900000Z</time>
        <extensions>
          <gpxtpx:TrackPointExtension>
            <gpxtpx:hr>118</gpxtpx:hr>
          </gpxtpx:TrackPointExtension>
        </extensions>
      </trkpt>
      <trkpt lat="40.00380550601155" lon="116.43740453926502">
        <ele>44.400699093937874</ele>
        <time>1970-01-01T00:16:37.900000Z</time>
        <extensions>
          <gpxtpx:TrackPointExtension>
            <gpxtpx:hr>118</gpxtpx:hr>
          </gpxtpx:TrackPointExtension>
        </extensions>
      </trkpt>
      <trkpt lat="40.00380479954312" lon="116.43744323481103">
        <ele>44.30582021456212</ele>
        <time>1970-01-01T00:16:38.900000Z</time>
        <extensions>
          <gpxtpx:TrackPointExtension>
            <gpxtpx:hr>118</gpxtpx:hr>
          </gpxtpx:TrackPointExtension>
        </extensions>
      </trkpt>
      <trkpt lat="40.003804432462736" lon="116.4374835366985">
        <ele>44.21936465986073</ele>
        <time>1970-01-01T00:16:39.900000Z</time>
        <extensions>
          <gpxtpx:TrackPointExtension>
            <gpxtpx:hr>118</gpxtpx:hr>
          </gpxtpx:TrackPointExtension>
        </extensions>
      </trkpt>
      <trkpt lat="40.00380412899228" lon="116.43752436463348">
        <ele>44.14000402018428</ele>
        <time>1970-01-01T00:16:40.900000Z</time>
        <extensions>
          <gpxtpx:TrackPointExtension>
            <gpxtpx:hr>118</gpxtpx:hr>
          </gpxtpx:TrackPointExtension>
        </extensions>
      </trkpt>
      <trkpt lat="40.00380369343937" lon="116.4375650939352">
        <ele>44.066300933249295</ele>
        <time>1970-01-01T00:16:41.900000Z</time>
        <extensions>
          <gpxtpx:TrackPointExtension>
            <gpxtpx:hr>118</gpxtpx:hr>
          </gpxtpx:TrackPointExtension>
        </extensions>
      </trkpt>
      <trkpt lat="40.00380316554569" lon="116.4376054457582">
        <ele>43.99723107833415</ele>
        <time>1970-01-01T00:16:42.900000Z</time>
        <extensions>
          <gpxtpx:TrackPointExtension>
            <gpxtpx:hr>118</gpxtpx:hr>
          </gpxtpx:TrackPointExtension>
        </extensions>
      </trkpt>
      <trkpt lat="40.00380232832697" lon="116.43764532056542">
        <ele>43.931741702370346</ele>
        <time>1970-01-01T00:16:43.900000Z</time>
        <extensions>
          <gpxtpx:TrackPointExtension>
            <gpxtpx:hr>118</gpxtpx:hr>
          </gpxtpx:TrackPointExtension>
        </extensions>
      </trkpt>
      <trkpt lat="40.003800745013436" lon="116.43768461453384">
        <ele>43.868931254372</ele>
        <time>1970-01-01T00:16:44.900000Z</time>
        <extensions>
          <gpxtpx:TrackPointExtension>
            <gpxtpx:hr>119</gpxtpx:hr>
          </gpxtpx:TrackPointExtension>
        </extensions>
      </trkpt>
      <trkpt lat="40.00379809767908" lon="116.4377233040907">
        <ele>43.807870297692716</ele>
        <time>1970-01-01T00:16:45.900000Z</time>
        <extensions>
          <gpxtpx:TrackPointExtension>
            <gpxtpx:hr>119</gpxtpx:hr>
          </gpxtpx:TrackPointExtension>
        </extensions>
      </trkpt>
      <trkpt lat="40.00379434678004" lon="116.43776141459597">
        <ele>43.74850403890014</ele>
        <time>1970-01-01T00:16:46.900000Z</time>
        <extensions>
          <gpxtpx:TrackPointExtension>
            <gpxtpx:hr>119</gpxtpx:hr>
          </gpxtpx:TrackPointExtension>
        </extensions>
      </trkpt>
      <trkpt lat="40.0037892557784" lon="116.43779886562076">
        <ele>43.69050629157573</ele>
        <time>1970-01-01T00:16:47.900000Z</time>
        <extensions>
          <gpxtpx:TrackPointExtension>
            <gpxtpx:hr>119</gpxtpx:hr>
          </gpxtpx:TrackPointExtension>
        </extensions>
      </trkpt>
      <trkpt lat="40.00378217011911" lon="116.43783544709393">
        <ele>43.63416081108153</ele>
        <time>1970-01-01T00:16:48.900000Z</time>
        <extensions>
          <gpxtpx:TrackPointExtension>
            <gpxtpx:hr>119</gpxtpx:hr>
          </gpxtpx:TrackPointExtension>
        </extensions>
      </trkpt>
      <trkpt lat="40.003772981204804" lon="116.43787112755803">
        <ele>43.57952401135117</ele>
        <time>1970-01-01T00:16:49.900000Z</time>
        <extensions>
          <gpxtpx:TrackPointExtension>
            <gpxtpx:hr>126</gpxtpx:hr>
          </gpxtpx:TrackPointExtension>
        </extensions>
      </trkpt>
      <trkpt lat="40.00376189834869" lon="116.43790580695742">
        <ele>43.52630241867155</ele>
        <time>1970-01-01T00:16:50.900000Z</time>
        <extensions>
          <gpxtpx:TrackPointExtension>
            <gpxtpx:hr>126</gpxtpx:hr>
          </gpxtpx:TrackPointExtension>
        </extensions>
      </trkpt>
      <trkpt lat="40.00374878857038" lon="116.4379392320277">
        <ele>43.474001463502645</ele>
        <time>1970-01-01T00:16:51.900000Z</time>
        <extensions>
          <gpxtpx:TrackPointExtension>
            <gpxtpx:hr>126</gpxtpx:hr>
          </gpxtpx:TrackPointExtension>
        </extensions>
      </trkpt>
      <trkpt lat="40.00373355139597" lon="116.43797100403661">
        <ele>43.42309663258493</ele>
        <time>1970-01-01T00:16:52.900000Z</time>
        <extensions>
          <gpxtpx:TrackPointExtension>
            <gpxtpx:hr>126</gpxtpx:hr>
          </gpxtpx:TrackPointExtension>
        </extensions>
      </trkpt>
      <trkpt lat="40.00371594133148" lon="116.43800036699008">
        <ele>43.37320271320641</ele>
        <time>1970-01-01T00:16:53.900000Z</time>
        <extensions>
          <gpxtpx:TrackPointExtension>
            <gpxtpx:hr>126</gpxtpx:hr>
          </gpxtpx:TrackPointExtension>
        </extensions>
      </trkpt>
      <trkpt lat="40.00369556418643" lon="116.43802625594613">
        <ele>43.32484812475741</ele>
        <time>1970-01-01T00:16:55Z</time>
        <extensions>
          <gpxtpx:TrackPointExtension>
            <gpxtpx:hr>126</gpxtpx:hr>
          </gpxtpx:TrackPointExtension>
        </extensions>
      </trkpt>
      <trkpt lat="40.00367240583389" lon="116.43804788101183">
        <ele>43.278036871924996</ele>
        <time>1970-01-01T00:16:56Z</time>
        <extensions>
          <gpxtpx:TrackPointExtension>
            <gpxtpx:hr>126</gpxtpx:hr>
          </gpxtpx:TrackPointExtension>
        </extensions>
      </trkpt>
      <trkpt lat="40.0036469266662" lon="116.4380650080496">
        <ele>43.23274765256792</ele>
        <time>1970-01-01T00:16:57Z</time>
        <extensions>
          <gpxtpx:TrackPointExtension>
            <gpxtpx:hr>129</gpxtpx:hr>
          </gpxtpx:TrackPointExtension>
        </extensions>
      </trkpt>
      <trkpt lat="40.00361980451072" lon="116.43807813471444">
        <ele>43.18884036038071</ele>
        <time>1970-01-01T00:16:58Z</time>
        <extensions>
          <gpxtpx:TrackPointExtension>
            <gpxtpx:hr>129</gpxtpx:hr>
          </gpxtpx:TrackPointExtension>
        </extensions>
      </trkpt>
      <trkpt lat="40.00359198138158" lon="116.43808807413218">
        <ele>43.14543623290956</ele>
        <time>1970-01-01T00:16:59Z</time>
        <extensions>
          <gpxtpx:TrackPointExtension>
            <gpxtpx:hr>129</gpxtpx:hr>
          </gpxtpx:TrackPointExtension>
        </extensions>
      </trkpt>
      <trkpt lat="40.003564323707" lon="116.43809551497213">
        <ele>43.1025163596496</ele>
        <time>1970-01-01T00:17:00Z</time>
        <extensions>
          <gpxtpx:TrackPointExtension>
            <gpxtpx:hr>129</gpxtpx:hr>
          </gpxtpx:TrackPointExtension>
        </extensions>
      </trkpt>
      <trkpt lat="40.003537379443" lon="116.43810108037235">
        <ele>43.059851022437215</ele>
        <time>1970-01-01T00:17:01Z</time>
        <extensions>
          <gpxtpx:TrackPointExtension>
            <gpxtpx:hr>129</gpxtpx:hr>
          </gpxtpx:TrackPointExtension>
        </extensions>
      </trkpt>
      <trkpt lat="40.003511081741344" lon="116.43810544689755">
        <ele>43.01704931911081</ele>
        <time>1970-01-01T00:17:02Z</time>
        <extensions>
          <gpxtpx:TrackPointExtension>
            <gpxtpx:hr>131</gpxtpx:hr>
          </gpxtpx:TrackPointExtension>
        </extensions>
      </trkpt>
      <trkpt lat="40.003485073559744" lon="116.43810929412933">
        <ele>42.97489739861339</ele>
        <time>1970-01-01T00:17:03Z</time>
        <extensions>
          <gpxtpx:TrackPointExtension>
            <gpxtpx:hr>131</gpxtpx:hr>
          </gpxtpx:TrackPointExtension>
        </extensions>
      </trkpt>
      <trkpt lat="40.00345890363273" lon="116.43811289805026">
        <ele>42.93300496134907</ele>
        <time>1970-01-01T00:17:04Z</time>
        <extensions>
          <gpxtpx:TrackPointExtension>
            <gpxtpx:hr>131</gpxtpx:hr>
          </gpxtpx:TrackPointExtension>
        </extensions>
      </trkpt>
      <trkpt lat="40.003432481902976" lon="116.4381162665959">
        <ele>42.891674023121595</ele>
        <time>1970-01-01T00:17:05Z</time>
        <extensions>
          <gpxtpx:TrackPointExtension>
            <gpxtpx:hr>132</gpxtpx:hr>
          </gpxtpx:TrackPointExtension>
        </extensions>
      </trkpt>
      <trkpt lat="40.00340633171596" lon="116.43811938131275">
        <ele>42.85072193201631</ele>
        <time>1970-01-01T00:17:06Z</time>
        <extensions>
          <gpxtpx:TrackPointExtension>
            <gpxtpx:hr>132</gpxtpx:hr>
          </gpxtpx:TrackPointExtension>
        </extensions>
      </trkpt>
      <trkpt lat="40.00338067915157" lon="116.43812232505167">
        <ele>42.80999230220914</ele>
        <time>1970-01-01T00:17:07Z</time>
        <extensions>
          <gpxtpx:TrackPointExtension>
            <gpxtpx:hr>132</gpxtpx:hr>
          </gpxtpx:TrackPointExtension>
        </extensions>
      </trkpt>
      <trkpt lat="40.003355351510024" lon="116.4381252900433">
        <ele>42.77104112226516</ele>
        <time>1970-01-01T00:17:08Z</time>
        <extensions>
          <gpxtpx:TrackPointExtension>
            <gpxtpx:hr>132</gpxtpx:hr>
          </gpxtpx:TrackPointExtension>
        </extensions>
      </trkpt>
      <trkpt lat="40.00332989808208" lon="116.43812844493">
        <ele>42.734646576456726</ele>
        <time>1970-01-01T00:17:09Z</time>
        <extensions>
          <gpxtpx:TrackPointExtension>
            <gpxtpx:hr>135</gpxtpx:hr>
          </gpxtpx:TrackPointExtension>
        </extensions>
      </trkpt>
      <trkpt lat="40.00330395794038" lon="116.43813188956284">
        <ele>42.70166589692235</ele>
        <time>1970-01-01T00:17:10Z</time>
        <extensions>
          <gpxtpx:TrackPointExtension>
            <gpxtpx:hr>135</gpxtpx:hr>
          </gpxtpx:TrackPointExtension>
        </extensions>
      </trkpt>
      <trkpt lat="40.00327748850185" lon="116.43813546113353">
        <ele>42.6726170508191</ele>
        <time>1970-01-01T00:17:11Z</time>
        <extensions>
          <gpxtpx:TrackPointExtension>
            <gpxtpx:hr>135</gpxtpx:hr>
          </gpxtpx:TrackPointExtension>
        </extensions>
      </trkpt>
      <trkpt lat="40.0032508441111" lon="116.43813886673009">
        <ele>42.64775619003922</ele>
        <time>1970-01-01T00:17:12Z</time>
        <extensions>
          <gpxtpx:TrackPointExtension>
            <gpxtpx:hr>135</gpxtpx:hr>
          </gpxtpx:TrackPointExtension>
        </extensions>
      </trkpt>
      <trkpt lat="40.003224492639575" lon="116.43814210959495">
        <ele>42.627806425094604</ele>
        <time>1970-01-01T00:17:13Z</time>
        <extensions>
          <gpxtpx:TrackPointExtension>
            <gpxtpx:hr>135</gpxtpx:hr>
          </gpxtpx:TrackPointExtension>
        </extensions>
      </trkpt>
      <trkpt lat="40.00319848378102" lon="116.43814532557151">
        <ele>42.612202760763466</ele>
        <time>1970-01-01T00:17:14Z</time>
        <extensions>
          <gpxtpx:TrackPointExtension>
            <gpxtpx:hr>135</gpxtpx:hr>
          </gpxtpx:TrackPointExtension>
        </extensions>
      </trkpt>
      <trkpt lat="40.003172626157706" lon="116.43814857103172">
        <ele>42.601279355585575</ele>
        <time>1970-01-01T00:17:15Z</time>
        <extensions>
          <gpxtpx:TrackPointExtension>
            <gpxtpx:hr>135</gpxtpx:hr>
          </gpxtpx:TrackPointExtension>
        </extensions>
      </trkpt>
      <trkpt lat="40.00314654697856" lon="116.43815186381616">
        <ele>42.59455710090697</ele>
        <time>1970-01-01T00:17:16Z</time>
        <extensions>
          <gpxtpx:TrackPointExtension>
            <gpxtpx:hr>135</gpxtpx:hr>
          </gpxtpx:TrackPointExtension>
        </extensions>
      </trkpt>
      <trkpt lat="40.00312016971679" lon="116.43815522154537">
        <ele>42.59141355659813</ele>
        <time>1970-01-01T00:17:17Z</time>
        <extensions>
          <gpxtpx:TrackPointExtension>
            <gpxtpx:hr>135</gpxtpx:hr>
          </gpxtpx:TrackPointExtension>
        </extensions>
      </trkpt>
      <trkpt lat="40.00309401889006" lon="116.43815858730082">
        <ele>42.59090178459883</ele>
        <time>1970-01-01T00:17:18Z</time>
        <extensions>
          <gpxtpx:TrackPointExtension>
            <gpxtpx:hr>135</gpxtpx:hr>
          </gpxtpx:TrackPointExtension>
        </extensions>
      </trkpt>
      <trkpt lat="40.00306850241686" lon="116.43816198011199">
        <ele>42.59199006203562</ele>
        <time>1970-01-01T00:17:19Z</time>
        <extensions>
          <gpxtpx:TrackPointExtension>
            <gpxtpx:hr>135</gpxtpx:hr>
          </gpxtpx:TrackPointExtension>
        </extensions>
      </trkpt>
      <trkpt lat="40.0030436817177" lon="116.43816551137539">
        <ele>42.59403026755899</ele>
        <time>1970-01-01T00:17:20Z</time>
        <extensions>
          <gpxtpx:TrackPointExtension>
            <gpxtpx:hr>135</gpxtpx:hr>
          </gpxtpx:TrackPointExtension>
        </extensions>
      </trkpt>
      <trkpt lat="40.003019118011935" lon="116.43816933114583">
        <ele>42.59660953562707</ele>
        <time>1970-01-01T00:17:21Z</time>
        <extensions>
          <gpxtpx:TrackPointExtension>
            <gpxtpx:hr>135</gpxtpx:hr>
          </gpxtpx:TrackPointExtension>
        </extensions>
      </trkpt>
      <trkpt lat="40.002994384077375" lon="116.4381733099503">
        <ele>42.598974557593465</ele>
        <time>1970-01-01T00:17:22Z</time>
        <extensions>
          <gpxtpx:TrackPointExtension>
            <gpxtpx:hr>135</gpxtpx:hr>
          </gpxtpx:TrackPointExtension>
        </extensions>
      </trkpt>
      <trkpt lat="40.00296922252727" lon="116.4381773265202">
        <ele>42.599950208328664</ele>
        <time>1970-01-01T00:17:23Z</time>
        <extensions>
          <gpxtpx:TrackPointExtension>
            <gpxtpx:hr>136</gpxtpx:hr>
          </gpxtpx:TrackPointExtension>
        </extensions>
      </trkpt>
      <trkpt lat="40.00294362594586" lon="116.43818137587672">
        <ele>42.59919690899551</ele>
        <time>1970-01-01T00:17:24Z</time>
        <extensions>
          <gpxtpx:TrackPointExtension>
            <gpxtpx:hr>136</gpxtpx:hr>
          </gpxtpx:TrackPointExtension>
        </extensions>
      </trkpt>
      <trkpt lat="40.00291798755349" lon="116.43818526983102">
        <ele>42.596466415561736</ele>
        <time>1970-01-01T00:17:25Z</time>
        <extensions>
          <gpxtpx:TrackPointExtension>
            <gpxtpx:hr>136</gpxtpx:hr>
          </gpxtpx:TrackPointExtension>
        </extensions>
      </trkpt>
      <trkpt lat="40.002892707516295" lon="116.43818892980187">
        <ele>42.59222224634141</ele>
        <time>1970-01-01T00:17:26Z</time>
        <extensions>
          <gpxtpx:TrackPointExtension>
            <gpxtpx:hr>136</gpxtpx:hr>
          </gpxtpx:TrackPointExtension>
        </extensions>
      </trkpt>
      <trkpt lat="40.00286796369779" lon="116.43819254839244">
        <ele>42.58629101328552</ele>
        <time>1970-01-01T00:17:27Z</time>
        <extensions>
          <gpxtpx:TrackPointExtension>
            <gpxtpx:hr>136</gpxtpx:hr>
          </gpxtpx:TrackPointExtension>
        </extensions>
      </trkpt>
      <trkpt lat="40.002843902507145" lon="116.43819618842322">
        <ele>42.57862285152078</ele>
        <time>1970-01-01T00:17:28Z</time>
        <extensions>
          <gpxtpx:TrackPointExtension>
            <gpxtpx:hr>136</gpxtpx:hr>
          </gpxtpx:TrackPointExtension>
        </extensions>
      </trkpt>
      <trkpt lat="40.00282033971001" lon="116.43819989971753">
        <ele>42.56838984321803</ele>
        <time>1970-01-01T00:17:29Z</time>
        <extensions>
          <gpxtpx:TrackPointExtension>
            <gpxtpx:hr>137</gpxtpx:hr>
          </gpxtpx:TrackPointExtension>
        </extensions>
      </trkpt>
      <trkpt lat="40.002796518817824" lon="116.43820385838674">
        <ele>42.55607191007584</ele>
        <time>1970-01-01T00:17:30Z</time>
        <extensions>
          <gpxtpx:TrackPointExtension>
            <gpxtpx:hr>137</gpxtpx:hr>
          </gpxtpx:TrackPointExtension>
        </extensions>
      </trkpt>
      <trkpt lat="40.002771838484605" lon="116.43820823724958">
        <ele>42.541329086758196</ele>
        <time>1970-01-01T00:17:31Z</time>
        <extensions>
          <gpxtpx:TrackPointExtension>
            <gpxtpx:hr>137</gpxtpx:hr>
          </gpxtpx:TrackPointExtension>
        </extensions>
      </trkpt>
      <trkpt lat="40.002746238087106" lon="116.4382131272623">
        <ele>42.5227464241907</ele>
        <time>1970-01-01T00:17:32Z</time>
        <extensions>
          <gpxtpx:TrackPointExtension>
            <gpxtpx:hr>137</gpxtpx:hr>
          </gpxtpx:TrackPointExtension>
        </extensions>
      </trkpt>
      <trkpt lat="40.002720238387425" lon="116.4382185054985">
        <ele>42.50032461527735</ele>
        <time>1970-01-01T00:17:33Z</time>
        <extensions>
          <gpxtpx:TrackPointExtension>
            <gpxtpx:hr>137</gpxtpx:hr>
          </gpxtpx:TrackPointExtension>
        </extensions>
      </trkpt>
      <trkpt lat="40.00269434715482" lon="116.43822431832908">
        <ele>42.47331800311804</ele>
        <time>1970-01-01T00:17:34Z</time>
        <extensions>
          <gpxtpx:TrackPointExtension>
            <gpxtpx:hr>139</gpxtpx:hr>
          </gpxtpx:TrackPointExtension>
        </extensions>
      </trkpt>
      <trkpt lat="40.002668545049794" lon="116.43823057532428">
        <ele>42.44267872069031</ele>
        <time>1970-01-01T00:17:35Z</time>
        <extensions>
          <gpxtpx:TrackPointExtension>
            <gpxtpx:hr>139</gpxtpx:hr>
          </gpxtpx:TrackPointExtension>
        </extensions>
      </trkpt>
      <trkpt lat="40.002642614742875" lon="116.43823748037138">
        <ele>42.408797967247665</ele>
        <time>1970-01-01T00:17:36Z</time>
        <extensions>
          <gpxtpx:TrackPointExtension>
            <gpxtpx:hr>139</gpxtpx:hr>
          </gpxtpx:TrackPointExtension>
        </extensions>
      </trkpt>
      <trkpt lat="40.00261675316967" lon="116.43824494644633">
        <ele>42.37257793545723</ele>
        <time>1970-01-01T00:17:37Z</time>
        <extensions>
          <gpxtpx:TrackPointExtension>
            <gpxtpx:hr>139</gpxtpx:hr>
          </gpxtpx:TrackPointExtension>
        </extensions>
      </trkpt>
      <trkpt lat="40.00259105397342" lon="116.43825296319336">
        <ele>42.33395217731595</ele>
        <time>1970-01-01T00:17:38Z</time>
        <extensions>
          <gpxtpx:TrackPointExtension>
            <gpxtpx:hr>139</gpxtpx:hr>
          </gpxtpx:TrackPointExtension>
        </extensions>
      </trkpt>
      <trkpt lat="40.00256526929473" lon="116.43826134481652">
        <ele>42.294673833064735</ele>
        <time>1970-01-01T00:17:39Z</time>
        <extensions>
          <gpxtpx:TrackPointExtension>
            <gpxtpx:hr>139</gpxtpx:hr>
          </gpxtpx:TrackPointExtension>
        </extensions>
      </trkpt>
      <trkpt lat="40.0025394384762" lon="116.43826964798687">
        <ele>42.25584748014808</ele>
        <time>1970-01-01T00:17:40Z</time>
        <extensions>
          <gpxtpx:TrackPointExtension>
            <gpxtpx:hr>139</gpxtpx:hr>
          </gpxtpx:TrackPointExtension>
        </extensions>
      </trkpt>
      <trkpt lat="40.00251375302049" lon="116.43827761623545">
        <ele>42.21742320805788</ele>
        <time>1970-01-01T00:17:41Z</time>
        <extensions>
          <gpxtpx:TrackPointExtension>
            <gpxtpx:hr>139</gpxtpx:hr>
          </gpxtpx:TrackPointExtension>
        </extensions>
      </trkpt>
      <trkpt lat="40.00248845065727" lon="116.4382849218964">
        <ele>42.17980728764087</ele>
        <time>1970-01-01T00:17:42Z</time>
        <extensions>
          <gpxtpx:TrackPointExtension>
            <gpxtpx:hr>139</gpxtpx:hr>
          </gpxtpx:TrackPointExtension>
        </extensions>
      </trkpt>
      <trkpt lat="40.00246340306821" lon="116.43829153666144">
        <ele>42.14324385859072</ele>
        <time>1970-01-01T00:17:43Z</time>
        <extensions>
          <gpxtpx:TrackPointExtension>
            <gpxtpx:hr>139</gpxtpx:hr>
          </gpxtpx:TrackPointExtension>
        </extensions>
      </trkpt>
      <trkpt lat="40.00243848588545" lon="116.43829764781468">
        <ele>42.10802098084241</ele>
        <time>1970-01-01T00:17:44Z</time>
        <extensions>
          <gpxtpx:TrackPointExtension>
            <gpxtpx:hr>139</gpxtpx:hr>
          </gpxtpx:TrackPointExtension>
        </extensions>
      </trkpt>
      <trkpt lat="40.00241366376257" lon="116.43830339242264">
        <ele>42.07453945558518</ele>
        <time>1970-01-01T00:17:45Z</time>
        <extensions>
          <gpxtpx:TrackPointExtension>
            <gpxtpx:hr>140</gpxtpx:hr>
          </gpxtpx:TrackPointExtension>
        </extensions>
      </trkpt>
      <trkpt lat="40.00238875710192" lon="116.43830903198543">
        <ele>42.04316303692758</ele>
        <time>1970-01-01T00:17:46Z</time>
        <extensions>
          <gpxtpx:TrackPointExtension>
            <gpxtpx:hr>140</gpxtpx:hr>
          </gpxtpx:TrackPointExtension>
        </extensions>
      </trkpt>
      <trkpt lat="40.00236351185796" lon="116.43831472679916">
        <ele>42.01379756908864</ele>
        <time>1970-01-01T00:17:47Z</time>
        <extensions>
          <gpxtpx:TrackPointExtension>
            <gpxtpx:hr>140</gpxtpx:hr>
          </gpxtpx:TrackPointExtension>
        </extensions>
      </trkpt>
      <trkpt lat="40.00233796232074" lon="116.43832038769068">
        <ele>41.98679611925036</ele>
        <time>1970-01-01T00:17:48Z</time>
        <extensions>
          <gpxtpx:TrackPointExtension>
            <gpxtpx:hr>140</gpxtpx:hr>
          </gpxtpx:TrackPointExtension>
        </extensions>
      </trkpt>
      <trkpt lat="40.0023124080171" lon="116.43832593344356">
        <ele>41.962189393118024</ele>
        <time>1970-01-01T00:17:49Z</time>
        <extensions>
          <gpxtpx:TrackPointExtension>
            <gpxtpx:hr>141</gpxtpx:hr>
          </gpxtpx:TrackPointExtension>
        </extensions>
      </trkpt>
      <trkpt lat="40.00228721437998" lon="116.43833138074308">
        <ele>41.93845229130238</ele>
        <time>1970-01-01T00:17:50Z</time>
        <extensions>
          <gpxtpx:TrackPointExtension>
            <gpxtpx:hr>141</gpxtpx:hr>
          </gpxtpx:TrackPointExtension>
        </extensions>
      </trkpt>
      <trkpt lat="40.00226246084652" lon="116.43833678679292">
        <ele>41.91657567303628</ele>
        <time>1970-01-01T00:17:51Z</time>
        <extensions>
          <gpxtpx:TrackPointExtension>
            <gpxtpx:hr>141</gpxtpx:hr>
          </gpxtpx:TrackPointExtension>
        </extensions>
      </trkpt>
      <trkpt lat="40.002237918215066" lon="116.43834225765362">
        <ele>41.89617499150336</ele>
        <time>1970-01-01T00:17:52Z</time>
        <extensions>
          <gpxtpx:TrackPointExtension>
            <gpxtpx:hr>141</gpxtpx:hr>
          </gpxtpx:TrackPointExtension>
        </extensions>
      </trkpt>
      <trkpt lat="40.00221341495699" lon="116.43834785329604">
        <ele>41.877162084914744</ele>
        <time>1970-01-01T00:17:53Z</time>
        <extensions>
          <gpxtpx:TrackPointExtension>
            <gpxtpx:hr>141</gpxtpx:hr>
          </gpxtpx:TrackPointExtension>
        </extensions>
      </trkpt>
      <trkpt lat="40.0021888616761" lon="116.43835357389514">
        <ele>41.85874914005399</ele>
        <time>1970-01-01T00:17:54Z</time>
        <extensions>
          <gpxtpx:TrackPointExtension>
            <gpxtpx:hr>141</gpxtpx:hr>
          </gpxtpx:TrackPointExtension>
        </extensions>
      </trkpt>
      <trkpt lat="40.002164205185814" lon="116.43835950217625">
        <ele>41.83863184507936</ele>
        <time>1970-01-01T00:17:55Z</time>
        <extensions>
          <gpxtpx:TrackPointExtension>
            <gpxtpx:hr>143</gpxtpx:hr>
          </gpxtpx:TrackPointExtension>
        </extensions>
      </trkpt>
      <trkpt lat="40.002139282026526" lon="116.43836569249606">
        <ele>41.818070442415774</ele>
        <time>1970-01-01T00:17:56Z</time>
        <extensions>
          <gpxtpx:TrackPointExtension>
            <gpxtpx:hr>143</gpxtpx:hr>
          </gpxtpx:TrackPointExtension>
        </extensions>
      </trkpt>
      <trkpt lat="40.0021141543731" lon="116.43837194723376">
        <ele>41.7983514694497</ele>
        <time>1970-01-01T00:17:57Z</time>
        <extensions>
          <gpxtpx:TrackPointExtension>
            <gpxtpx:hr>143</gpxtpx:hr>
          </gpxtpx:TrackPointExtension>
        </extensions>
      </trkpt>
      <trkpt lat="40.00208905953196" lon="116.43837800317483">
        <ele>41.78013213444501</ele>
        <time>1970-01-01T00:17:58Z</time>
        <extensions>
          <gpxtpx:TrackPointExtension>
            <gpxtpx:hr>143</gpxtpx:hr>
          </gpxtpx:TrackPointExtension>
        </extensions>
      </trkpt>
      <trkpt lat="40.00206413142918" lon="116.43838369837844">
        <ele>41.76350305788219</ele>
        <time>1970-01-01T00:17:59Z</time>
        <extensions>
          <gpxtpx:TrackPointExtension>
            <gpxtpx:hr>143</gpxtpx:hr>
          </gpxtpx:TrackPointExtension>
        </extensions>
      </trkpt>
      <trkpt lat="40.00203925847495" lon="116.43838908320075">
        <ele>41.74825401138514</ele>
        <time>1970-01-01T00:18:00Z</time>
        <extensions>
          <gpxtpx:TrackPointExtension>
            <gpxtpx:hr>144</gpxtpx:hr>
          </gpxtpx:TrackPointExtension>
        </extensions>
      </trkpt>
      <trkpt lat="40.00201438260081" lon="116.43839418745104">
        <ele>41.734816380776465</ele>
        <time>1970-01-01T00:18:01Z</time>
        <extensions>
          <gpxtpx:TrackPointExtension>
            <gpxtpx:hr>144</gpxtpx:hr>
          </gpxtpx:TrackPointExtension>
        </extensions>
      </trkpt>
      <trkpt lat="40.001989556706185" lon="116.43839897990816">
        <ele>41.723242486827075</ele>
        <time>1970-01-01T00:18:02Z</time>
        <extensions>
          <gpxtpx:TrackPointExtension>
            <gpxtpx:hr>144</gpxtpx:hr>
          </gpxtpx:TrackPointExtension>
        </extensions>
      </trkpt>
      <trkpt lat="40.00196474741269" lon="116.43840364022839">
        <ele>41.71327952761203</ele>
        <time>1970-01-01T00:18:03Z</time>
        <extensions>
          <gpxtpx:TrackPointExtension>
            <gpxtpx:hr>144</gpxtpx:hr>
          </gpxtpx:TrackPointExtension>
        </extensions>
      </trkpt>
      <trkpt lat="40.00193987719695" lon="116.43840834218513">
        <ele>41.70595777127892</ele>
        <time>1970-01-01T00:18:04Z</time>
        <extensions>
          <gpxtpx:TrackPointExtension>
            <gpxtpx:hr>144</gpxtpx:hr>
          </gpxtpx:TrackPointExtension>
        </extensions>
      </trkpt>
      <trkpt lat="40.00191493275694" lon="116.43841298960793">
        <ele>41.70132531505078</ele>
        <time>1970-01-01T00:18:05Z</time>
        <extensions>
          <gpxtpx:TrackPointExtension>
            <gpxtpx:hr>145</gpxtpx:hr>
          </gpxtpx:TrackPointExtension>
        </extensions>
      </trkpt>
      <trkpt lat="40.00188990328722" lon="116.43841758000558">
        <ele>41.69986007921398</ele>
        <time>1970-01-01T00:18:06Z</time>
        <extensions>
          <gpxtpx:TrackPointExtension>
            <gpxtpx:hr>145</gpxtpx:hr>
          </gpxtpx:TrackPointExtension>
        </extensions>
      </trkpt>
      <trkpt lat="40.00186484509002" lon="116.43842203355332">
        <ele>41.701594528742135</ele>
        <time>1970-01-01T00:18:07Z</time>
        <extensions>
          <gpxtpx:TrackPointExtension>
            <gpxtpx:hr>145</gpxtpx:hr>
          </gpxtpx:TrackPointExtension>
        </extensions>
      </trkpt>
      <trkpt lat="40.001839908965536" lon="116.43842628360619">
        <ele>41.70639279484749</ele>
        <time>1970-01-01T00:18:08Z</time>
        <extensions>
          <gpxtpx:TrackPointExtension>
            <gpxtpx:hr>145</gpxtpx:hr>
          </gpxtpx:TrackPointExtension>
        </extensions>
      </trkpt>
      <trkpt lat="40.0018150801096" lon="116.43843058356764">
        <ele>41.714719746261835</ele>
        <time>1970-01-01T00:18:09Z</time>
        <extensions>
          <gpxtpx:TrackPointExtension>
            <gpxtpx:hr>145</gpxtpx:hr>
          </gpxtpx:TrackPointExtension>
        </extensions>
      </trkpt>
      <trkpt lat="40.00179036826018" lon="116.43843498440494">
        <ele>41.726486871019006</ele>
        <time>1970-01-01T00:18:10Z</time>
        <extensions>
          <gpxtpx:TrackPointExtension>
            <gpxtpx:hr>145</gpxtpx:hr>
          </gpxtpx:TrackPointExtension>
        </extensions>
      </trkpt>
      <trkpt lat="40.00176583210656" lon="116.43843929009128">
        <ele>41.74212377052754</ele>
        <time>1970-01-01T00:18:11Z</time>
        <extensions>
          <gpxtpx:TrackPointExtension>
            <gpxtpx:hr>145</gpxtpx:hr>
          </gpxtpx:TrackPointExtension>
        </extensions>
      </trkpt>
      <trkpt lat="40.00174158116505" lon="116.43844340858294">
        <ele>41.75993038248271</ele>
        <time>1970-01-01T00:18:12Z</time>
        <extensions>
          <gpxtpx:TrackPointExtension>
            <gpxtpx:hr>146</gpxtpx:hr>
          </gpxtpx:TrackPointExtension>
        </extensions>
      </trkpt>
      <trkpt lat="40.001717686871544" lon="116.43844752096581">
        <ele>41.778707191348076</ele>
        <time>1970-01-01T00:18:13Z</time>
        <extensions>
          <gpxtpx:TrackPointExtension>
            <gpxtpx:hr>146</gpxtpx:hr>
          </gpxtpx:TrackPointExtension>
        </extensions>
      </trkpt>
      <trkpt lat="40.00169396028147" lon="116.43845169881565">
        <ele>41.79843957070261</ele>
        <time>1970-01-01T00:18:14Z</time>
        <extensions>
          <gpxtpx:TrackPointExtension>
            <gpxtpx:hr>146</gpxtpx:hr>
          </gpxtpx:TrackPointExtension>
        </extensions>
      </trkpt>
      <trkpt lat="40.00167002325915" lon="116.43845593501999">
        <ele>41.819010679610074</ele>
        <time>1970-01-01T00:18:15Z</time>
        <extensions>
          <gpxtpx:TrackPointExtension>
            <gpxtpx:hr>146</gpxtpx:hr>
          </gpxtpx:TrackPointExtension>
        </extensions>
      </trkpt>
      <trkpt lat="40.00164569278816" lon="116.43846039883023">
        <ele>41.8397866897285</ele>
        <time>1970-01-01T00:18:16Z</time>
        <extensions>
          <gpxtpx:TrackPointExtension>
            <gpxtpx:hr>146</gpxtpx:hr>
          </gpxtpx:TrackPointExtension>
        </extensions>
      </trkpt>
      <trkpt lat="40.00162124489631" lon="116.43846499828831">
        <ele>41.86065268982202</ele>
        <time>1970-01-01T00:18:17Z</time>
        <extensions>
          <gpxtpx:TrackPointExtension>
            <gpxtpx:hr>146</gpxtpx:hr>
          </gpxtpx:TrackPointExtension>
        </extensions>
      </trkpt>
      <trkpt lat="40.00159689414206" lon="116.43846956516654">
        <ele>41.880774778313935</ele>
        <time>1970-01-01T00:18:18Z</time>
        <extensions>
          <gpxtpx:TrackPointExtension>
            <gpxtpx:hr>146</gpxtpx:hr>
          </gpxtpx:TrackPointExtension>
        </extensions>
      </trkpt>
      <trkpt lat="40.001572537261445" lon="116.43847429555255">
        <ele>41.89934447873384</ele>
        <time>1970-01-01T00:18:19Z</time>
        <extensions>
          <gpxtpx:TrackPointExtension>
            <gpxtpx:hr>146</gpxtpx:hr>
          </gpxtpx:TrackPointExtension>
        </extensions>
      </trkpt>
      <trkpt lat="40.00154800139825" lon="116.43847940198688">
        <ele>41.91640495415777</ele>
        <time>1970-01-01T00:18:20Z</time>
        <extensions>
          <gpxtpx:TrackPointExtension>
            <gpxtpx:hr>148</gpxtpx:hr>
          </gpxtpx:TrackPointExtension>
        </extensions>
      </trkpt>
      <trkpt lat="40.001523224018634" lon="116.43848470743131">
        <ele>41.93202964402735</ele>
        <time>1970-01-01T00:18:21Z</time>
        <extensions>
          <gpxtpx:TrackPointExtension>
            <gpxtpx:hr>148</gpxtpx:hr>
          </gpxtpx:TrackPointExtension>
        </extensions>
      </trkpt>
      <trkpt lat="40.001498123536315" lon="116.43849010621635">
        <ele>41.94507364556193</ele>
        <time>1970-01-01T00:18:22Z</time>
        <extensions>
          <gpxtpx:TrackPointExtension>
            <gpxtpx:hr>148</gpxtpx:hr>
          </gpxtpx:TrackPointExtension>
        </extensions>
      </trkpt>
      <trkpt lat="40.001473012890585" lon="116.43849580875111">
        <ele>41.95437272731215</ele>
        <time>1970-01-01T00:18:23Z</time>
        <extensions>
          <gpxtpx:TrackPointExtension>
            <gpxtpx:hr>148</gpxtpx:hr>
          </gpxtpx:TrackPointExtension>
        </extensions>
      </trkpt>
      <trkpt lat="40.0014485166849" lon="116.43850215627127">
        <ele>41.961248711682856</ele>
        <time>1970-01-01T00:18:24Z</time>
        <extensions>
          <gpxtpx:TrackPointExtension>
            <gpxtpx:hr>148</gpxtpx:hr>
          </gpxtpx:TrackPointExtension>
        </extensions>
      </trkpt>
      <trkpt lat="40.00142483170349" lon="116.4385094025785">
        <ele>41.96630263328552</ele>
        <time>1970-01-01T00:18:25Z</time>
        <extensions>
          <gpxtpx:TrackPointExtension>
            <gpxtpx:hr>149</gpxtpx:hr>
          </gpxtpx:TrackPointExtension>
        </extensions>
      </trkpt>
      <trkpt lat="40.001401705518305" lon="116.43851763488088">
        <ele>41.97102946881205</ele>
        <time>1970-01-01T00:18:26Z</time>
        <extensions>
          <gpxtpx:TrackPointExtension>
            <gpxtpx:hr>149</gpxtpx:hr>
          </gpxtpx:TrackPointExtension>
        </extensions>
      </trkpt>
      <trkpt lat="40.00137906357648" lon="116.43852725056989">
        <ele>41.974767935462296</ele>
        <time>1970-01-01T00:18:27Z</time>
        <extensions>
          <gpxtpx:TrackPointExtension>
            <gpxtpx:hr>149</gpxtpx:hr>
          </gpxtpx:TrackPointExtension>
        </extensions>
      </trkpt>
      <trkpt lat="40.001357067057214" lon="116.43853891582013">
        <ele>41.978469527326524</ele>
        <time>1970-01-01T00:18:28Z</time>
        <extensions>
          <gpxtpx:TrackPointExtension>
            <gpxtpx:hr>149</gpxtpx:hr>
          </gpxtpx:TrackPointExtension>
        </extensions>
      </trkpt>
      <trkpt lat="40.001336065011614" lon="116.43855319957909">
        <ele>41.982438682578504</ele>
        <time>1970-01-01T00:18:29Z</time>
        <extensions>
          <gpxtpx:TrackPointExtension>
            <gpxtpx:hr>149</gpxtpx:hr>
          </gpxtpx:TrackPointExtension>
        </extensions>
      </trkpt>
      <trkpt lat="40.001316104946625" lon="116.43857005329416">
        <ele>41.987695450894535</ele>
        <time>1970-01-01T00:18:30Z</time>
        <extensions>
          <gpxtpx:TrackPointExtension>
            <gpxtpx:hr>149</gpxtpx:hr>
          </gpxtpx:TrackPointExtension>
        </extensions>
      </trkpt>
      <trkpt lat="40.001296736237094" lon="116.43858904186227">
        <ele>41.99459557887167</ele>
        <time>1970-01-01T00:18:31Z</time>
        <extensions>
          <gpxtpx:TrackPointExtension>
            <gpxtpx:hr>150</gpxtpx:hr>
          </gpxtpx:TrackPointExtension>
        </extensions>
      </trkpt>
      <trkpt lat="40.001277426932596" lon="116.43860976766258">
        <ele>42.00206612702459</ele>
        <time>1970-01-01T00:18:32Z</time>
        <extensions>
          <gpxtpx:TrackPointExtension>
            <gpxtpx:hr>150</gpxtpx:hr>
          </gpxtpx:TrackPointExtension>
        </extensions>
      </trkpt>
      <trkpt lat="40.00125795911245" lon="116.43863146051154">
        <ele>42.01016814634204</ele>
        <time>1970-01-01T00:18:33Z</time>
        <extensions>
          <gpxtpx:TrackPointExtension>
            <gpxtpx:hr>150</gpxtpx:hr>
          </gpxtpx:TrackPointExtension>
        </extensions>
      </trkpt>
      <trkpt lat="40.00123833604028" lon="116.43865319546853">
        <ele>42.01847883220762</ele>
        <time>1970-01-01T00:18:34Z</time>
        <extensions>
          <gpxtpx:TrackPointExtension>
            <gpxtpx:hr>150</gpxtpx:hr>
          </gpxtpx:TrackPointExtension>
        </extensions>
      </trkpt>
      <trkpt lat="40.00121837851837" lon="116.43867415336885">
        <ele>42.02670237235725</ele>
        <time>1970-01-01T00:18:35Z</time>
        <extensions>
          <gpxtpx:TrackPointExtension>
            <gpxtpx:hr>150</gpxtpx:hr>
          </gpxtpx:TrackPointExtension>
        </extensions>
      </trkpt>
      <trkpt lat="40.001197781415634" lon="116.4386933296245">
        <ele>42.034636109136045</ele>
        <time>1970-01-01T00:18:36Z</time>
        <extensions>
          <gpxtpx:TrackPointExtension>
            <gpxtpx:hr>150</gpxtpx:hr>
          </gpxtpx:TrackPointExtension>
        </extensions>
      </trkpt>
      <trkpt lat="40.001176241520945" lon="116.43871005918854">
        <ele>42.04124636668712</ele>
        <time>1970-01-01T00:18:37Z</time>
        <extensions>
          <gpxtpx:TrackPointExtension>
            <gpxtpx:hr>150</gpxtpx:hr>
          </gpxtpx:TrackPointExtension>
        </extensions>
      </trkpt>
      <trkpt lat="40.00115391605243" lon="116.4387242851034">
        <ele>42.04614126775414</ele>
        <time>1970-01-01T00:18:38Z</time>
        <extensions>
          <gpxtpx:TrackPointExtension>
            <gpxtpx:hr>150</gpxtpx:hr>
          </gpxtpx:TrackPointExtension>
        </extensions>
      </trkpt>
      <trkpt lat="40.00113090839083" lon="116.43873633521744">
        <ele>42.04851948469877</ele>
        <time>1970-01-01T00:18:39Z</time>
        <extensions>
          <gpxtpx:TrackPointExtension>
            <gpxtpx:hr>150</gpxtpx:hr>
          </gpxtpx:TrackPointExtension>
        </extensions>
      </trkpt>
      <trkpt lat="40.00110726932012" lon="116.43874649068283">
        <ele>42.04832292534411</ele>
        <time>1970-01-01T00:18:40Z</time>
        <extensions>
          <gpxtpx:TrackPointExtension>
            <gpxtpx:hr>150</gpxtpx:hr>
          </gpxtpx:TrackPointExtension>
        </extensions>
      </trkpt>
      <trkpt lat="40.00108324508769" lon="116.43875480499013">
        <ele>42.04410376306623</ele>
        <time>1970-01-01T00:18:41Z</time>
        <extensions>
          <gpxtpx:TrackPointExtension>
            <gpxtpx:hr>150</gpxtpx:hr>
          </gpxtpx:TrackPointExtension>
        </extensions>
      </trkpt>
      <trkpt lat="40.00105927570073" lon="116.43876161201908">
        <ele>42.03616207931191</ele>
        <time>1970-01-01T00:18:42Z</time>
        <extensions>
          <gpxtpx:TrackPointExtension>
            <gpxtpx:hr>150</gpxtpx:hr>
          </gpxtpx:TrackPointExtension>
        </extensions>
      </trkpt>
      <trkpt lat="40.00103538338007" lon="116.43876737888195">
        <ele>42.024010152556</ele>
        <time>1970-01-01T00:18:43Z</time>
        <extensions>
          <gpxtpx:TrackPointExtension>
            <gpxtpx:hr>150</gpxtpx:hr>
          </gpxtpx:TrackPointExtension>
        </extensions>
      </trkpt>
      <trkpt lat="40.001011262776174" lon="116.43877247640407">
        <ele>42.00769673008472</ele>
        <time>1970-01-01T00:18:44Z</time>
        <extensions>
          <gpxtpx:TrackPointExtension>
            <gpxtpx:hr>150</gpxtpx:hr>
          </gpxtpx:TrackPointExtension>
        </extensions>
      </trkpt>
      <trkpt lat="40.00098675888151" lon="116.43877726070032">
        <ele>41.98869057558477</ele>
        <time>1970-01-01T00:18:45Z</time>
        <extensions>
          <gpxtpx:TrackPointExtension>
            <gpxtpx:hr>152</gpxtpx:hr>
          </gpxtpx:TrackPointExtension>
        </extensions>
      </trkpt>
      <trkpt lat="40.000962037816116" lon="116.43878215063032">
        <ele>41.96681873500347</ele>
        <time>1970-01-01T00:18:46Z</time>
        <extensions>
          <gpxtpx:TrackPointExtension>
            <gpxtpx:hr>152</gpxtpx:hr>
          </gpxtpx:TrackPointExtension>
        </extensions>
      </trkpt>
      <trkpt lat="40.00093759025412" lon="116.43878748876064">
        <ele>41.943391589447856</ele>
        <time>1970-01-01T00:18:47Z</time>
        <extensions>
          <gpxtpx:TrackPointExtension>
            <gpxtpx:hr>152</gpxtpx:hr>
          </gpxtpx:TrackPointExtension>
        </extensions>
      </trkpt>
      <trkpt lat="40.00091360808796" lon="116.43879338023761">
        <ele>41.91851290408522</ele>
        <time>1970-01-01T00:18:48Z</time>
        <extensions>
          <gpxtpx:TrackPointExtension>
            <gpxtpx:hr>152</gpxtpx:hr>
          </gpxtpx:TrackPointExtension>
        </extensions>
      </trkpt>
      <trkpt lat="40.00089006653132" lon="116.4387998856258">
        <ele>41.89259730372578</ele>
        <time>1970-01-01T00:18:49Z</time>
        <extensions>
          <gpxtpx:TrackPointExtension>
            <gpxtpx:hr>152</gpxtpx:hr>
          </gpxtpx:TrackPointExtension>
        </extensions>
      </trkpt>
      <trkpt lat="40.000866652959644" lon="116.43880711451062">
        <ele>41.86611804552376</ele>
        <time>1970-01-01T00:18:50Z</time>
        <extensions>
          <gpxtpx:TrackPointExtension>
            <gpxtpx:hr>152</gpxtpx:hr>
          </gpxtpx:TrackPointExtension>
        </extensions>
      </trkpt>
      <trkpt lat="40.000843250195224" lon="116.4388150413564">
        <ele>41.839025950059295</ele>
        <time>1970-01-01T00:18:51Z</time>
        <extensions>
          <gpxtpx:TrackPointExtension>
            <gpxtpx:hr>152</gpxtpx:hr>
          </gpxtpx:TrackPointExtension>
        </extensions>
      </trkpt>
      <trkpt lat="40.000819857176104" lon="116.4388235758959">
        <ele>41.81210256461054</ele>
        <time>1970-01-01T00:18:52Z</time>
        <extensions>
          <gpxtpx:TrackPointExtension>
            <gpxtpx:hr>152</gpxtpx:hr>
          </gpxtpx:TrackPointExtension>
        </extensions>
      </trkpt>
      <trkpt lat="40.000796512770485" lon="116.43883259536824">
        <ele>41.78497915901244</ele>
        <time>1970-01-01T00:18:53Z</time>
        <extensions>
          <gpxtpx:TrackPointExtension>
            <gpxtpx:hr>152</gpxtpx:hr>
          </gpxtpx:TrackPointExtension>
        </extensions>
      </trkpt>
      <trkpt lat="40.00077327412302" lon="116.43884188878877">
        <ele>41.75818900205195</ele>
        <time>1970-01-01T00:18:54Z</time>
        <extensions>
          <gpxtpx:TrackPointExtension>
            <gpxtpx:hr>152</gpxtpx:hr>
          </gpxtpx:TrackPointExtension>
        </extensions>
      </trkpt>
      <trkpt lat="40.00075031027133" lon="116.43885130228179">
        <ele>41.73147122655064</ele>
        <time>1970-01-01T00:18:55Z</time>
        <extensions>
          <gpxtpx:TrackPointExtension>
            <gpxtpx:hr>152</gpxtpx:hr>
          </gpxtpx:TrackPointExtension>
        </extensions>
      </trkpt>
      <trkpt lat="40.000727738824736" lon="116.43886078349762">
        <ele>41.7054404867813</ele>
        <time>1970-01-01T00:18:56Z</time>
        <extensions>
          <gpxtpx:TrackPointExtension>
            <gpxtpx:hr>152</gpxtpx:hr>
          </gpxtpx:TrackPointExtension>
        </extensions>
      </trkpt>
      <trkpt lat="40.00070550034932" lon="116.43887042160422">
        <ele>41.67947756964713</ele>
        <time>1970-01-01T00:18:57Z</time>
        <extensions>
          <gpxtpx:TrackPointExtension>
            <gpxtpx:hr>152</gpxtpx:hr>
          </gpxtpx:TrackPointExtension>
        </extensions>
      </trkpt>
      <trkpt lat="40.00068328685585" lon="116.43888026853459">
        <ele>41.65285848919302</ele>
        <time>1970-01-01T00:18:58Z</time>
        <extensions>
          <gpxtpx:TrackPointExtension>
            <gpxtpx:hr>152</gpxtpx:hr>
          </gpxtpx:TrackPointExtension>
        </extensions>
      </trkpt>
      <trkpt lat="40.00066078374229" lon="116.43889019244332">
        <ele>41.62556569930166</ele>
        <time>1970-01-01T00:18:59Z</time>
        <extensions>
          <gpxtpx:TrackPointExtension>
            <gpxtpx:hr>152</gpxtpx:hr>
          </gpxtpx:TrackPointExtension>
        </extensions>
      </trkpt>
      <trkpt lat="40.00063798875127" lon="116.43890006713396">
        <ele>41.59804701246321</ele>
        <time>1970-01-01T00:19:00Z</time>
        <extensions>
          <gpxtpx:TrackPointExtension>
            <gpxtpx:hr>152</gpxtpx:hr>
          </gpxtpx:TrackPointExtension>
        </extensions>
      </trkpt>
      <trkpt lat="40.000615068829084" lon="116.43890993648768">
        <ele>41.57029607985169</ele>
        <time>1970-01-01T00:19:01Z</time>
        <extensions>
          <gpxtpx:TrackPointExtension>
            <gpxtpx:hr>153</gpxtpx:hr>
          </gpxtpx:TrackPointExtension>
        </extensions>
      </trkpt>
      <trkpt lat="40.0005921642203" lon="116.43891989015944">
        <ele>41.54237078782171</ele>
        <time>1970-01-01T00:19:02Z</time>
        <extensions>
          <gpxtpx:TrackPointExtension>
            <gpxtpx:hr>153</gpxtpx:hr>
          </gpxtpx:TrackPointExtension>
        </extensions>
      </trkpt>
      <trkpt lat="40.00056937087885" lon="116.43892999407234">
        <ele>41.5154120111838</ele>
        <time>1970-01-01T00:19:03Z</time>
        <extensions>
          <gpxtpx:TrackPointExtension>
            <gpxtpx:hr>153</gpxtpx:hr>
          </gpxtpx:TrackPointExtension>
        </extensions>
      </trkpt>
      <trkpt lat="40.00054682839834" lon="116.43893987548533">
        <ele>41.49008374847472</ele>
        <time>1970-01-01T00:19:04Z</time>
        <extensions>
          <gpxtpx:TrackPointExtension>
            <gpxtpx:hr>153</gpxtpx:hr>
          </gpxtpx:TrackPointExtension>
        </extensions>
      </trkpt>
      <trkpt lat="40.00052473481183" lon="116.43894914355677">
        <ele>41.46677087061107</ele>
        <time>1970-01-01T00:19:05Z</time>
        <extensions>
          <gpxtpx:TrackPointExtension>
            <gpxtpx:hr>153</gpxtpx:hr>
          </gpxtpx:TrackPointExtension>
        </extensions>
      </trkpt>
      <trkpt lat="40.00050314901097" lon="116.43895819072812">
        <ele>41.44654676131904</ele>
        <time>1970-01-01T00:19:06Z</time>
        <extensions>
          <gpxtpx:TrackPointExtension>
            <gpxtpx:hr>153</gpxtpx:hr>
          </gpxtpx:TrackPointExtension>
        </extensions>
      </trkpt>
      <trkpt lat="40.00048176767754" lon="116.43896774329802">
        <ele>41.4299380145967</ele>
        <time>1970-01-01T00:19:07Z</time>
        <extensions>
          <gpxtpx:TrackPointExtension>
            <gpxtpx:hr>153</gpxtpx:hr>
          </gpxtpx:TrackPointExtension>
        </extensions>
      </trkpt>
      <trkpt lat="40.000460448375556" lon="116.43897833808569">
        <ele>41.416731105186045</ele>
        <time>1970-01-01T00:19:08Z</time>
        <extensions>
          <gpxtpx:TrackPointExtension>
            <gpxtpx:hr>153</gpxtpx:hr>
          </gpxtpx:TrackPointExtension>
        </extensions>
      </trkpt>
      <trkpt lat="40.00043941966732" lon="116.43899048632436">
        <ele>41.40705372951925</ele>
        <time>1970-01-01T00:19:09Z</time>
        <extensions>
          <gpxtpx:TrackPointExtension>
            <gpxtpx:hr>153</gpxtpx:hr>
          </gpxtpx:TrackPointExtension>
        </extensions>
      </trkpt>
      <trkpt lat="40.00041924514342" lon="116.439004882533">
        <ele>41.40050739143044</ele>
        <time>1970-01-01T00:19:10Z</time>
        <extensions>
          <gpxtpx:TrackPointExtension>
            <gpxtpx:hr>152</gpxtpx:hr>
          </gpxtpx:TrackPointExtension>
        </extensions>
      </trkpt>
      <trkpt lat="40.000400993859074" lon="116.43902214610986">
        <ele>41.39752899389714</ele>
        <time>1970-01-01T00:19:11Z</time>
        <extensions>
          <gpxtpx:TrackPointExtension>
            <gpxtpx:hr>152</gpxtpx:hr>
          </gpxtpx:TrackPointExtension>
        </extensions>
      </trkpt>
      <trkpt lat="40.00038585319321" lon="116.43904267425876">
        <ele>41.39732334483415</ele>
        <time>1970-01-01T00:19:12Z</time>
        <extensions>
          <gpxtpx:TrackPointExtension>
            <gpxtpx:hr>152</gpxtpx:hr>
          </gpxtpx:TrackPointExtension>
        </extensions>
      </trkpt>
      <trkpt lat="40.00037469913796" lon="116.43906620757575">
        <ele>41.39940320793539</ele>
        <time>1970-01-01T00:19:13Z</time>
        <extensions>
          <gpxtpx:TrackPointExtension>
            <gpxtpx:hr>152</gpxtpx:hr>
          </gpxtpx:TrackPointExtension>
        </extensions>
      </trkpt>
      <trkpt lat="40.00036740079119" lon="116.43909214677215">
        <ele>41.404395944438875</ele>
        <time>1970-01-01T00:19:14Z</time>
        <extensions>
          <gpxtpx:TrackPointExtension>
            <gpxtpx:hr>152</gpxtpx:hr>
          </gpxtpx:TrackPointExtension>
        </extensions>
      </trkpt>
      <trkpt lat="40.000363642754266" lon="116.43911971701091">
        <ele>41.411003549583256</ele>
        <time>1970-01-01T00:19:15Z</time>
        <extensions>
          <gpxtpx:TrackPointExtension>
            <gpxtpx:hr>152</gpxtpx:hr>
          </gpxtpx:TrackPointExtension>
        </extensions>
      </trkpt>
      <trkpt lat="40.000363302835524" lon="116.43914825534155">
        <ele>41.419032289646566</ele>
        <time>1970-01-01T00:19:16Z</time>
        <extensions>
          <gpxtpx:TrackPointExtension>
            <gpxtpx:hr>152</gpxtpx:hr>
          </gpxtpx:TrackPointExtension>
        </extensions>
      </trkpt>
      <trkpt lat="40.00036596705841" lon="116.43917726748289">
        <ele>41.42782596684992</ele>
        <time>1970-01-01T00:19:17Z</time>
        <extensions>
          <gpxtpx:TrackPointExtension>
            <gpxtpx:hr>152</gpxtpx:hr>
          </gpxtpx:TrackPointExtension>
        </extensions>
      </trkpt>
      <trkpt lat="40.00037106926206" lon="116.4392061076743">
        <ele>41.436858718283474</ele>
        <time>1970-01-01T00:19:18Z</time>
        <extensions>
          <gpxtpx:TrackPointExtension>
            <gpxtpx:hr>152</gpxtpx:hr>
          </gpxtpx:TrackPointExtension>
        </extensions>
      </trkpt>
      <trkpt lat="40.000378042027556" lon="116.43923438685061">
        <ele>41.44478714000434</ele>
        <time>1970-01-01T00:19:19Z</time>
        <extensions>
          <gpxtpx:TrackPointExtension>
            <gpxtpx:hr>152</gpxtpx:hr>
          </gpxtpx:TrackPointExtension>
        </extensions>
      </trkpt>
      <trkpt lat="40.00038652423145" lon="116.43926228055568">
        <ele>41.4513433445245</ele>
        <time>1970-01-01T00:19:20Z</time>
        <extensions>
          <gpxtpx:TrackPointExtension>
            <gpxtpx:hr>152</gpxtpx:hr>
          </gpxtpx:TrackPointExtension>
        </extensions>
      </trkpt>
      <trkpt lat="40.000396059412225" lon="116.43928999597446">
        <ele>41.45665060635656</ele>
        <time>1970-01-01T00:19:21Z</time>
        <extensions>
          <gpxtpx:TrackPointExtension>
            <gpxtpx:hr>152</gpxtpx:hr>
          </gpxtpx:TrackPointExtension>
        </extensions>
      </trkpt>
      <trkpt lat="40.00040631156038" lon="116.43931779086623">
        <ele>41.4595583928749</ele>
        <time>1970-01-01T00:19:22Z</time>
        <extensions>
          <gpxtpx:TrackPointExtension>
            <gpxtpx:hr>152</gpxtpx:hr>
          </gpxtpx:TrackPointExtension>
        </extensions>
      </trkpt>
      <trkpt lat="40.000417129786435" lon="116.4393457508282">
        <ele>41.4604923594743</ele>
        <time>1970-01-01T00:19:23Z</time>
        <extensions>
          <gpxtpx:TrackPointExtension>
            <gpxtpx:hr>152</gpxtpx:hr>
          </gpxtpx:TrackPointExtension>
        </extensions>
      </trkpt>
      <trkpt lat="40.000428111430516" lon="116.43937358303305">
        <ele>41.46017103921622</ele>
        <time>1970-01-01T00:19:24Z</time>
        <extensions>
          <gpxtpx:TrackPointExtension>
            <gpxtpx:hr>152</gpxtpx:hr>
          </gpxtpx:TrackPointExtension>
        </extensions>
      </trkpt>
      <trkpt lat="40.00043912526779" lon="116.43940134141864">
        <ele>41.45795366819948</ele>
        <time>1970-01-01T00:19:25Z</time>
        <extensions>
          <gpxtpx:TrackPointExtension>
            <gpxtpx:hr>153</gpxtpx:hr>
          </gpxtpx:TrackPointExtension>
        </extensions>
      </trkpt>
      <trkpt lat="40.00045030344824" lon="116.43942901120298">
        <ele>41.45495959650725</ele>
        <time>1970-01-01T00:19:26Z</time>
        <extensions>
          <gpxtpx:TrackPointExtension>
            <gpxtpx:hr>153</gpxtpx:hr>
          </gpxtpx:TrackPointExtension>
        </extensions>
      </trkpt>
      <trkpt lat="40.00046102330287" lon="116.43945680322173">
        <ele>41.45140653476119</ele>
        <time>1970-01-01T00:19:27Z</time>
        <extensions>
          <gpxtpx:TrackPointExtension>
            <gpxtpx:hr>153</gpxtpx:hr>
          </gpxtpx:TrackPointExtension>
        </extensions>
      </trkpt>
      <trkpt lat="40.00047061064365" lon="116.43948486765224">
        <ele>41.446866530925035</ele>
        <time>1970-01-01T00:19:28Z</time>
        <extensions>
          <gpxtpx:TrackPointExtension>
            <gpxtpx:hr>153</gpxtpx:hr>
          </gpxtpx:TrackPointExtension>
        </extensions>
      </trkpt>
      <trkpt lat="40.000479168397185" lon="116.43951342351401">
        <ele>41.44170355051756</ele>
        <time>1970-01-01T00:19:29Z</time>
        <extensions>
          <gpxtpx:TrackPointExtension>
            <gpxtpx:hr>153</gpxtpx:hr>
          </gpxtpx:TrackPointExtension>
        </extensions>
      </trkpt>
      <trkpt lat="40.00048699947336" lon="116.43954303678238">
        <ele>41.43639109842479</ele>
        <time>1970-01-01T00:19:30Z</time>
        <extensions>
          <gpxtpx:TrackPointExtension>
            <gpxtpx:hr>153</gpxtpx:hr>
          </gpxtpx:TrackPointExtension>
        </extensions>
      </trkpt>
      <trkpt lat="40.00049427018543" lon="116.43957445286586">
        <ele>41.43051437009126</ele>
        <time>1970-01-01T00:19:31Z</time>
        <extensions>
          <gpxtpx:TrackPointExtension>
            <gpxtpx:hr>153</gpxtpx:hr>
          </gpxtpx:TrackPointExtension>
        </extensions>
      </trkpt>
      <trkpt lat="40.00050094162378" lon="116.43960753501948">
        <ele>41.424967378377914</ele>
        <time>1970-01-01T00:19:32Z</time>
        <extensions>
          <gpxtpx:TrackPointExtension>
            <gpxtpx:hr>153</gpxtpx:hr>
          </gpxtpx:TrackPointExtension>
        </extensions>
      </trkpt>
      <trkpt lat="40.000506731636285" lon="116.43964137722118">
        <ele>41.41939179599285</ele>
        <time>1970-01-01T00:19:33Z</time>
        <extensions>
          <gpxtpx:TrackPointExtension>
            <gpxtpx:hr>153</gpxtpx:hr>
          </gpxtpx:TrackPointExtension>
        </extensions>
      </trkpt>
      <trkpt lat="40.00051172010498" lon="116.43967491153856">
        <ele>41.414527147077024</ele>
        <time>1970-01-01T00:19:34Z</time>
        <extensions>
          <gpxtpx:TrackPointExtension>
            <gpxtpx:hr>154</gpxtpx:hr>
          </gpxtpx:TrackPointExtension>
        </extensions>
      </trkpt>
      <trkpt lat="40.00051622515137" lon="116.43970758113052">
        <ele>41.41168798785657</ele>
        <time>1970-01-01T00:19:35Z</time>
        <extensions>
          <gpxtpx:TrackPointExtension>
            <gpxtpx:hr>154</gpxtpx:hr>
          </gpxtpx:TrackPointExtension>
        </extensions>
      </trkpt>
      <trkpt lat="40.00052054303939" lon="116.43973955030766">
        <ele>41.41125690378249</ele>
        <time>1970-01-01T00:19:36Z</time>
        <extensions>
          <gpxtpx:TrackPointExtension>
            <gpxtpx:hr>154</gpxtpx:hr>
          </gpxtpx:TrackPointExtension>
        </extensions>
      </trkpt>
      <trkpt lat="40.000524967261576" lon="116.4397712606155">
        <ele>41.41119396779686</ele>
        <time>1970-01-01T00:19:37Z</time>
        <extensions>
          <gpxtpx:TrackPointExtension>
            <gpxtpx:hr>154</gpxtpx:hr>
          </gpxtpx:TrackPointExtension>
        </extensions>
      </trkpt>
      <trkpt lat="40.00052981053983" lon="116.4398027097352">
        <ele>41.41143993847072</ele>
        <time>1970-01-01T00:19:38Z</time>
        <extensions>
          <gpxtpx:TrackPointExtension>
            <gpxtpx:hr>154</gpxtpx:hr>
          </gpxtpx:TrackPointExtension>
        </extensions>
      </trkpt>
      <trkpt lat="40.000535498035205" lon="116.4398337328562">
        <ele>41.412136630155146</ele>
        <time>1970-01-01T00:19:39Z</time>
        <extensions>
          <gpxtpx:TrackPointExtension>
            <gpxtpx:hr>153</gpxtpx:hr>
          </gpxtpx:TrackPointExtension>
        </extensions>
      </trkpt>
      <trkpt lat="40.00054233184007" lon="116.43986428491444">
        <ele>41.41357012838125</ele>
        <time>1970-01-01T00:19:40Z</time>
        <extensions>
          <gpxtpx:TrackPointExtension>
            <gpxtpx:hr>153</gpxtpx:hr>
          </gpxtpx:TrackPointExtension>
        </extensions>
      </trkpt>
      <trkpt lat="40.00055041781229" lon="116.43989424510599">
        <ele>41.41587610449642</ele>
        <time>1970-01-01T00:19:41Z</time>
        <extensions>
          <gpxtpx:TrackPointExtension>
            <gpxtpx:hr>153</gpxtpx:hr>
          </gpxtpx:TrackPointExtension>
        </extensions>
      </trkpt>
      <trkpt lat="40.000559659735714" lon="116.43992365921366">
        <ele>41.41887029353529</ele>
        <time>1970-01-01T00:19:42Z</time>
        <extensions>
          <gpxtpx:TrackPointExtension>
            <gpxtpx:hr>153</gpxtpx:hr>
          </gpxtpx:TrackPointExtension>
        </extensions>
      </trkpt>
      <trkpt lat="40.000569837220375" lon="116.43995257605812">
        <ele>41.423068632371724</ele>
        <time>1970-01-01T00:19:43Z</time>
        <extensions>
          <gpxtpx:TrackPointExtension>
            <gpxtpx:hr>153</gpxtpx:hr>
          </gpxtpx:TrackPointExtension>
        </extensions>
      </trkpt>
      <trkpt lat="40.00058069131852" lon="116.43998098929295">
        <ele>41.42665325663984</ele>
        <time>1970-01-01T00:19:44Z</time>
        <extensions>
          <gpxtpx:TrackPointExtension>
            <gpxtpx:hr>153</gpxtpx:hr>
          </gpxtpx:TrackPointExtension>
        </extensions>
      </trkpt>
      <trkpt lat="40.000591980119246" lon="116.44000903580147">
        <ele>41.429588524624705</ele>
        <time>1970-01-01T00:19:45Z</time>
        <extensions>
          <gpxtpx:TrackPointExtension>
            <gpxtpx:hr>154</gpxtpx:hr>
          </gpxtpx:TrackPointExtension>
        </extensions>
      </trkpt>
      <trkpt lat="40.00060346751158" lon="116.44003684018618">
        <ele>41.43137039989233</ele>
        <time>1970-01-01T00:19:46Z</time>
        <extensions>
          <gpxtpx:TrackPointExtension>
            <gpxtpx:hr>154</gpxtpx:hr>
          </gpxtpx:TrackPointExtension>
        </extensions>
      </trkpt>
      <trkpt lat="40.000614918883144" lon="116.44006436001911">
        <ele>41.43200347479433</ele>
        <time>1970-01-01T00:19:47Z</time>
        <extensions>
          <gpxtpx:TrackPointExtension>
            <gpxtpx:hr>154</gpxtpx:hr>
          </gpxtpx:TrackPointExtension>
        </extensions>
      </trkpt>
      <trkpt lat="40.00062639936209" lon="116.44009167450741">
        <ele>41.430780683644116</ele>
        <time>1970-01-01T00:19:48Z</time>
        <extensions>
          <gpxtpx:TrackPointExtension>
            <gpxtpx:hr>154</gpxtpx:hr>
          </gpxtpx:TrackPointExtension>
        </extensions>
      </trkpt>
      <trkpt lat="40.00063811770624" lon="116.44011898073232">
        <ele>41.4277519043535</ele>
        <time>1970-01-01T00:19:49Z</time>
        <extensions>
          <gpxtpx:TrackPointExtension>
            <gpxtpx:hr>154</gpxtpx:hr>
          </gpxtpx:TrackPointExtension>
        </extensions>
      </trkpt>
      <trkpt lat="40.00064997310431" lon="116.44014639559451">
        <ele>41.42283551115543</ele>
        <time>1970-01-01T00:19:50Z</time>
        <extensions>
          <gpxtpx:TrackPointExtension>
            <gpxtpx:hr>155</gpxtpx:hr>
          </gpxtpx:TrackPointExtension>
        </extensions>
      </trkpt>
      <trkpt lat="40.00066170511223" lon="116.44017403120245">
        <ele>41.416424469091</ele>
        <time>1970-01-01T00:19:51Z</time>
        <extensions>
          <gpxtpx:TrackPointExtension>
            <gpxtpx:hr>155</gpxtpx:hr>
          </gpxtpx:TrackPointExtension>
        </extensions>
      </trkpt>
      <trkpt lat="40.0006731015055" lon="116.4402020533528">
        <ele>41.407381381839514</ele>
        <time>1970-01-01T00:19:52Z</time>
        <extensions>
          <gpxtpx:TrackPointExtension>
            <gpxtpx:hr>155</gpxtpx:hr>
          </gpxtpx:TrackPointExtension>
        </extensions>
      </trkpt>
      <trkpt lat="40.000683975846755" lon="116.44023073311871">
        <ele>41.39582545310259</ele>
        <time>1970-01-01T00:19:53.100000Z</time>
        <extensions>
          <gpxtpx:TrackPointExtension>
            <gpxtpx:hr>155</gpxtpx:hr>
          </gpxtpx:TrackPointExtension>
        </extensions>
      </trkpt>
      <trkpt lat="40.000693950674744" lon="116.440260247034">
        <ele>41.38128692749888</ele>
        <time>1970-01-01T00:19:54.100000Z</time>
        <extensions>
          <gpxtpx:TrackPointExtension>
            <gpxtpx:hr>155</gpxtpx:hr>
          </gpxtpx:TrackPointExtension>
        </extensions>
      </trkpt>
      <trkpt lat="40.00070274767744" lon="116.44029022788479">
        <ele>41.36319793108851</ele>
        <time>1970-01-01T00:19:55.100000Z</time>
        <extensions>
          <gpxtpx:TrackPointExtension>
            <gpxtpx:hr>155</gpxtpx:hr>
          </gpxtpx:TrackPointExtension>
        </extensions>
      </trkpt>
      <trkpt lat="40.00071059971401" lon="116.44032043532778">
        <ele>41.34220005944371</ele>
        <time>1970-01-01T00:19:56.100000Z</time>
        <extensions>
          <gpxtpx:TrackPointExtension>
            <gpxtpx:hr>155</gpxtpx:hr>
          </gpxtpx:TrackPointExtension>
        </extensions>
      </trkpt>
      <trkpt lat="40.00071777462831" lon="116.44035124117835">
        <ele>41.31675795279443</ele>
        <time>1970-01-01T00:19:57.100000Z</time>
        <extensions>
          <gpxtpx:TrackPointExtension>
            <gpxtpx:hr>155</gpxtpx:hr>
          </gpxtpx:TrackPointExtension>
        </extensions>
      </trkpt>
      <trkpt lat="40.00072459734275" lon="116.44038282743705">
        <ele>41.28681534063071</ele>
        <time>1970-01-01T00:19:58.100000Z</time>
        <extensions>
          <gpxtpx:TrackPointExtension>
            <gpxtpx:hr>155</gpxtpx:hr>
          </gpxtpx:TrackPointExtension>
        </extensions>
      </trkpt>
      <trkpt lat="40.000731262984736" lon="116.44041495720154">
        <ele>41.252105025574565</ele>
        <time>1970-01-01T00:19:59.100000Z</time>
        <extensions>
          <gpxtpx:TrackPointExtension>
            <gpxtpx:hr>155</gpxtpx:hr>
          </gpxtpx:TrackPointExtension>
        </extensions>
      </trkpt>
      <trkpt lat="40.00073768253184" lon="116.44044719847034">
        <ele>41.21299504954368</ele>
        <time>1970-01-01T00:20:00.100000Z</time>
        <extensions>
          <gpxtpx:TrackPointExtension>
            <gpxtpx:hr>154</gpxtpx:hr>
          </gpxtpx:TrackPointExtension>
        </extensions>
      </trkpt>
      <trkpt lat="40.000743774709804" lon="116.44047921328286">
        <ele>41.169012418948114</ele>
        <time>1970-01-01T00:20:01.100000Z</time>
        <extensions>
          <gpxtpx:TrackPointExtension>
            <gpxtpx:hr>154</gpxtpx:hr>
          </gpxtpx:TrackPointExtension>
        </extensions>
      </trkpt>
      <trkpt lat="40.0007496662369" lon="116.4405106888292">
        <ele>41.12005232926458</ele>
        <time>1970-01-01T00:20:02.100000Z</time>
        <extensions>
          <gpxtpx:TrackPointExtension>
            <gpxtpx:hr>154</gpxtpx:hr>
          </gpxtpx:TrackPointExtension>
        </extensions>
      </trkpt>
      <trkpt lat="40.00075556964605" lon="116.44054151803527">
        <ele>41.06634500622749</ele>
        <time>1970-01-01T00:20:03.100000Z</time>
        <extensions>
          <gpxtpx:TrackPointExtension>
            <gpxtpx:hr>154</gpxtpx:hr>
          </gpxtpx:TrackPointExtension>
        </extensions>
      </trkpt>
      <trkpt lat="40.00076149662453" lon="116.4405719331575">
        <ele>41.00668053608388</ele>
        <time>1970-01-01T00:20:04.100000Z</time>
        <extensions>
          <gpxtpx:TrackPointExtension>
            <gpxtpx:hr>154</gpxtpx:hr>
          </gpxtpx:TrackPointExtension>
        </extensions>
      </trkpt>
      <trkpt lat="40.00076751972934" lon="116.44060220165848">
        <ele>40.942699247039855</ele>
        <time>1970-01-01T00:20:05.100000Z</time>
        <extensions>
          <gpxtpx:TrackPointExtension>
            <gpxtpx:hr>154</gpxtpx:hr>
          </gpxtpx:TrackPointExtension>
        </extensions>
      </trkpt>
      <trkpt lat="40.00077375698541" lon="116.44063241747165">
        <ele>40.874028083868325</ele>
        <time>1970-01-01T00:20:06.100000Z</time>
        <extensions>
          <gpxtpx:TrackPointExtension>
            <gpxtpx:hr>154</gpxtpx:hr>
          </gpxtpx:TrackPointExtension>
        </extensions>
      </trkpt>
      <trkpt lat="40.00078015844459" lon="116.44066243754025">
        <ele>40.80180506128818</ele>
        <time>1970-01-01T00:20:07.100000Z</time>
        <extensions>
          <gpxtpx:TrackPointExtension>
            <gpxtpx:hr>154</gpxtpx:hr>
          </gpxtpx:TrackPointExtension>
        </extensions>
      </trkpt>
      <trkpt lat="40.00078678168814" lon="116.4406922017594">
        <ele>40.72687228303403</ele>
        <time>1970-01-01T00:20:08.100000Z</time>
        <extensions>
          <gpxtpx:TrackPointExtension>
            <gpxtpx:hr>154</gpxtpx:hr>
          </gpxtpx:TrackPointExtension>
        </extensions>
      </trkpt>
      <trkpt lat="40.00079383839985" lon="116.44072170184197">
        <ele>40.64935589954257</ele>
        <time>1970-01-01T00:20:09.100000Z</time>
        <extensions>
          <gpxtpx:TrackPointExtension>
            <gpxtpx:hr>154</gpxtpx:hr>
          </gpxtpx:TrackPointExtension>
        </extensions>
      </trkpt>
      <trkpt lat="40.000801514750854" lon="116.440751027639">
        <ele>40.57081391848624</ele>
        <time>1970-01-01T00:20:10.100000Z</time>
        <extensions>
          <gpxtpx:TrackPointExtension>
            <gpxtpx:hr>154</gpxtpx:hr>
          </gpxtpx:TrackPointExtension>
        </extensions>
      </trkpt>
      <trkpt lat="40.00080992294848" lon="116.44078008517712">
        <ele>40.490766221657395</ele>
        <time>1970-01-01T00:20:11.100000Z</time>
        <extensions>
          <gpxtpx:TrackPointExtension>
            <gpxtpx:hr>154</gpxtpx:hr>
          </gpxtpx:TrackPointExtension>
        </extensions>
      </trkpt>
      <trkpt lat="40.00081907510082" lon="116.44080851052792">
        <ele>40.41147424466908</ele>
        <time>1970-01-01T00:20:12.100000Z</time>
        <extensions>
          <gpxtpx:TrackPointExtension>
            <gpxtpx:hr>154</gpxtpx:hr>
          </gpxtpx:TrackPointExtension>
        </extensions>
      </trkpt>
      <trkpt lat="40.00082888547582" lon="116.44083594335379">
        <ele>40.33390892762691</ele>
        <time>1970-01-01T00:20:13.100000Z</time>
        <extensions>
          <gpxtpx:TrackPointExtension>
            <gpxtpx:hr>154</gpxtpx:hr>
          </gpxtpx:TrackPointExtension>
        </extensions>
      </trkpt>
      <trkpt lat="40.00083929534393" lon="116.44086260617557">
        <ele>40.257459277287126</ele>
        <time>1970-01-01T00:20:14.100000Z</time>
        <extensions>
          <gpxtpx:TrackPointExtension>
            <gpxtpx:hr>155</gpxtpx:hr>
          </gpxtpx:TrackPointExtension>
        </extensions>
      </trkpt>
      <trkpt lat="40.0008504299921" lon="116.44088928131636">
        <ele>40.18293978553265</ele>
        <time>1970-01-01T00:20:15.100000Z</time>
        <extensions>
          <gpxtpx:TrackPointExtension>
            <gpxtpx:hr>155</gpxtpx:hr>
          </gpxtpx:TrackPointExtension>
        </extensions>
      </trkpt>
      <trkpt lat="40.00086221535571" lon="116.44091620126632">
        <ele>40.11039338167757</ele>
        <time>1970-01-01T00:20:16.100000Z</time>
        <extensions>
          <gpxtpx:TrackPointExtension>
            <gpxtpx:hr>155</gpxtpx:hr>
          </gpxtpx:TrackPointExtension>
        </extensions>
      </trkpt>
      <trkpt lat="40.00087426648625" lon="116.4409428369937">
        <ele>40.04013536032289</ele>
        <time>1970-01-01T00:20:17.100000Z</time>
        <extensions>
          <gpxtpx:TrackPointExtension>
            <gpxtpx:hr>155</gpxtpx:hr>
          </gpxtpx:TrackPointExtension>
        </extensions>
      </trkpt>
      <trkpt lat="40.000886008490504" lon="116.44096973654747">
        <ele>39.97141573578119</ele>
        <time>1970-01-01T00:20:18.100000Z</time>
        <extensions>
          <gpxtpx:TrackPointExtension>
            <gpxtpx:hr>155</gpxtpx:hr>
          </gpxtpx:TrackPointExtension>
        </extensions>
      </trkpt>
      <trkpt lat="40.000896780015495" lon="116.44099747106922">
        <ele>39.90427330136299</ele>
        <time>1970-01-01T00:20:19.100000Z</time>
        <extensions>
          <gpxtpx:TrackPointExtension>
            <gpxtpx:hr>155</gpxtpx:hr>
          </gpxtpx:TrackPointExtension>
        </extensions>
      </trkpt>
      <trkpt lat="40.00090564408979" lon="116.44102624188864">
        <ele>39.83826028741896</ele>
        <time>1970-01-01T00:20:20.100000Z</time>
        <extensions>
          <gpxtpx:TrackPointExtension>
            <gpxtpx:hr>155</gpxtpx:hr>
          </gpxtpx:TrackPointExtension>
        </extensions>
      </trkpt>
      <trkpt lat="40.000910804931934" lon="116.44105610133653">
        <ele>39.77369628474116</ele>
        <time>1970-01-01T00:20:21.100000Z</time>
        <extensions>
          <gpxtpx:TrackPointExtension>
            <gpxtpx:hr>155</gpxtpx:hr>
          </gpxtpx:TrackPointExtension>
        </extensions>
      </trkpt>
      <trkpt lat="40.00091007994223" lon="116.44108653065476">
        <ele>39.711127715185285</ele>
        <time>1970-01-01T00:20:22.100000Z</time>
        <extensions>
          <gpxtpx:TrackPointExtension>
            <gpxtpx:hr>155</gpxtpx:hr>
          </gpxtpx:TrackPointExtension>
        </extensions>
      </trkpt>
      <trkpt lat="40.00090273207372" lon="116.44111621089027">
        <ele>39.650763547979295</ele>
        <time>1970-01-01T00:20:23.100000Z</time>
        <extensions>
          <gpxtpx:TrackPointExtension>
            <gpxtpx:hr>155</gpxtpx:hr>
          </gpxtpx:TrackPointExtension>
        </extensions>
      </trkpt>
      <trkpt lat="40.000889642980106" lon="116.44114403870043">
        <ele>39.59281669836491</ele>
        <time>1970-01-01T00:20:24.100000Z</time>
        <extensions>
          <gpxtpx:TrackPointExtension>
            <gpxtpx:hr>155</gpxtpx:hr>
          </gpxtpx:TrackPointExtension>
        </extensions>
      </trkpt>
      <trkpt lat="40.00087244716812" lon="116.44117017152053">
        <ele>39.53723773919046</ele>
        <time>1970-01-01T00:20:25.100000Z</time>
        <extensions>
          <gpxtpx:TrackPointExtension>
            <gpxtpx:hr>155</gpxtpx:hr>
          </gpxtpx:TrackPointExtension>
        </extensions>
      </trkpt>
      <trkpt lat="40.00085270593184" lon="116.44119482459382">
        <ele>39.48332845419645</ele>
        <time>1970-01-01T00:20:26.100000Z</time>
        <extensions>
          <gpxtpx:TrackPointExtension>
            <gpxtpx:hr>155</gpxtpx:hr>
          </gpxtpx:TrackPointExtension>
        </extensions>
      </trkpt>
      <trkpt lat="40.000831888188046" lon="116.44121798591028">
        <ele>39.4307856420055</ele>
        <time>1970-01-01T00:20:27.100000Z</time>
        <extensions>
          <gpxtpx:TrackPointExtension>
            <gpxtpx:hr>155</gpxtpx:hr>
          </gpxtpx:TrackPointExtension>
        </extensions>
      </trkpt>
      <trkpt lat="40.000810915226715" lon="116.441239931882">
        <ele>39.37967018131167</ele>
        <time>1970-01-01T00:20:28.100000Z</time>
        <extensions>
          <gpxtpx:TrackPointExtension>
            <gpxtpx:hr>153</gpxtpx:hr>
          </gpxtpx:TrackPointExtension>
        </extensions>
      </trkpt>
      <trkpt lat="40.00078990563964" lon="116.44126101438682">
        <ele>39.331557626836</ele>
        <time>1970-01-01T00:20:29.100000Z</time>
        <extensions>
          <gpxtpx:TrackPointExtension>
            <gpxtpx:hr>153</gpxtpx:hr>
          </gpxtpx:TrackPointExtension>
        </extensions>
      </trkpt>
      <trkpt lat="40.00076878202759" lon="116.44128149784765">
        <ele>39.28598955553025</ele>
        <time>1970-01-01T00:20:30.100000Z</time>
        <extensions>
          <gpxtpx:TrackPointExtension>
            <gpxtpx:hr>153</gpxtpx:hr>
          </gpxtpx:TrackPointExtension>
        </extensions>
      </trkpt>
      <trkpt lat="40.000747743480034" lon="116.44130139675858">
        <ele>39.2434951281175</ele>
        <time>1970-01-01T00:20:31.100000Z</time>
        <extensions>
          <gpxtpx:TrackPointExtension>
            <gpxtpx:hr>153</gpxtpx:hr>
          </gpxtpx:TrackPointExtension>
        </extensions>
      </trkpt>
      <trkpt lat="40.00072694300518" lon="116.44132081239425">
        <ele>39.20368547458202</ele>
        <time>1970-01-01T00:20:32.100000Z</time>
        <extensions>
          <gpxtpx:TrackPointExtension>
            <gpxtpx:hr>153</gpxtpx:hr>
          </gpxtpx:TrackPointExtension>
        </extensions>
      </trkpt>
      <trkpt lat="40.000706310881085" lon="116.44133986812507">
        <ele>39.16602624487132</ele>
        <time>1970-01-01T00:20:33.100000Z</time>
        <extensions>
          <gpxtpx:TrackPointExtension>
            <gpxtpx:hr>153</gpxtpx:hr>
          </gpxtpx:TrackPointExtension>
        </extensions>
      </trkpt>
      <trkpt lat="40.00068561675142" lon="116.44135877194388">
        <ele>39.129352568648756</ele>
        <time>1970-01-01T00:20:34.100000Z</time>
        <extensions>
          <gpxtpx:TrackPointExtension>
            <gpxtpx:hr>153</gpxtpx:hr>
          </gpxtpx:TrackPointExtension>
        </extensions>
      </trkpt>
      <trkpt lat="40.00066496014942" lon="116.44137758053283">
        <ele>39.09348981175572</ele>
        <time>1970-01-01T00:20:35.100000Z</time>
        <extensions>
          <gpxtpx:TrackPointExtension>
            <gpxtpx:hr>153</gpxtpx:hr>
          </gpxtpx:TrackPointExtension>
        </extensions>
      </trkpt>
      <trkpt lat="40.00064462977219" lon="116.44139625305883">
        <ele>39.05872302129865</ele>
        <time>1970-01-01T00:20:36.100000Z</time>
        <extensions>
          <gpxtpx:TrackPointExtension>
            <gpxtpx:hr>153</gpxtpx:hr>
          </gpxtpx:TrackPointExtension>
        </extensions>
      </trkpt>
      <trkpt lat="40.00062464513646" lon="116.44141499155494">
        <ele>39.025758360512555</ele>
        <time>1970-01-01T00:20:37.100000Z</time>
        <extensions>
          <gpxtpx:TrackPointExtension>
            <gpxtpx:hr>153</gpxtpx:hr>
          </gpxtpx:TrackPointExtension>
        </extensions>
      </trkpt>
      <trkpt lat="40.00060503515749" lon="116.44143408111893">
        <ele>38.99423615913838</ele>
        <time>1970-01-01T00:20:38.100000Z</time>
        <extensions>
          <gpxtpx:TrackPointExtension>
            <gpxtpx:hr>153</gpxtpx:hr>
          </gpxtpx:TrackPointExtension>
        </extensions>
      </trkpt>
      <trkpt lat="40.000585840642934" lon="116.4414538463624">
        <ele>38.96443572361022</ele>
        <time>1970-01-01T00:20:39.100000Z</time>
        <extensions>
          <gpxtpx:TrackPointExtension>
            <gpxtpx:hr>153</gpxtpx:hr>
          </gpxtpx:TrackPointExtension>
        </extensions>
      </trkpt>
      <trkpt lat="40.00056712048108" lon="116.44147444188305">
        <ele>38.93695767596364</ele>
        <time>1970-01-01T00:20:40.100000Z</time>
        <extensions>
          <gpxtpx:TrackPointExtension>
            <gpxtpx:hr>153</gpxtpx:hr>
          </gpxtpx:TrackPointExtension>
        </extensions>
      </trkpt>
      <trkpt lat="40.00054898225482" lon="116.4414959430305">
        <ele>38.912272376939654</ele>
        <time>1970-01-01T00:20:41.100000Z</time>
        <extensions>
          <gpxtpx:TrackPointExtension>
            <gpxtpx:hr>153</gpxtpx:hr>
          </gpxtpx:TrackPointExtension>
        </extensions>
      </trkpt>
      <trkpt lat="40.00053189132605" lon="116.44151839916985">
        <ele>38.88961825333536</ele>
        <time>1970-01-01T00:20:42.100000Z</time>
        <extensions>
          <gpxtpx:TrackPointExtension>
            <gpxtpx:hr>153</gpxtpx:hr>
          </gpxtpx:TrackPointExtension>
        </extensions>
      </trkpt>
      <trkpt lat="40.00051646612431" lon="116.44154217975151">
        <ele>38.86838036030531</ele>
        <time>1970-01-01T00:20:43.100000Z</time>
        <extensions>
          <gpxtpx:TrackPointExtension>
            <gpxtpx:hr>153</gpxtpx:hr>
          </gpxtpx:TrackPointExtension>
        </extensions>
      </trkpt>
      <trkpt lat="40.00050347644781" lon="116.44156761719364">
        <ele>38.84831281937659</ele>
        <time>1970-01-01T00:20:44.100000Z</time>
        <extensions>
          <gpxtpx:TrackPointExtension>
            <gpxtpx:hr>155</gpxtpx:hr>
          </gpxtpx:TrackPointExtension>
        </extensions>
      </trkpt>
      <trkpt lat="40.000493889243366" lon="116.44159469604557">
        <ele>38.82911254093051</ele>
        <time>1970-01-01T00:20:45.100000Z</time>
        <extensions>
          <gpxtpx:TrackPointExtension>
            <gpxtpx:hr>155</gpxtpx:hr>
          </gpxtpx:TrackPointExtension>
        </extensions>
      </trkpt>
      <trkpt lat="40.00048800757767" lon="116.44162321815128">
        <ele>38.81103536207229</ele>
        <time>1970-01-01T00:20:46.100000Z</time>
        <extensions>
          <gpxtpx:TrackPointExtension>
            <gpxtpx:hr>155</gpxtpx:hr>
          </gpxtpx:TrackPointExtension>
        </extensions>
      </trkpt>
      <trkpt lat="40.00048505932097" lon="116.44165280401143">
        <ele>38.79419799242169</ele>
        <time>1970-01-01T00:20:47.100000Z</time>
        <extensions>
          <gpxtpx:TrackPointExtension>
            <gpxtpx:hr>155</gpxtpx:hr>
          </gpxtpx:TrackPointExtension>
        </extensions>
      </trkpt>
      <trkpt lat="40.00048400713144" lon="116.44168329896411">
        <ele>38.77842382714152</ele>
        <time>1970-01-01T00:20:48.100000Z</time>
        <extensions>
          <gpxtpx:TrackPointExtension>
            <gpxtpx:hr>155</gpxtpx:hr>
          </gpxtpx:TrackPointExtension>
        </extensions>
      </trkpt>
      <trkpt lat="40.00048395503034" lon="116.44171435664228">
        <ele>38.764902458526194</ele>
        <time>1970-01-01T00:20:49.100000Z</time>
        <extensions>
          <gpxtpx:TrackPointExtension>
            <gpxtpx:hr>154</gpxtpx:hr>
          </gpxtpx:TrackPointExtension>
        </extensions>
      </trkpt>
      <trkpt lat="40.00048411713538" lon="116.44174558496657">
        <ele>38.753128721378744</ele>
        <time>1970-01-01T00:20:50.100000Z</time>
        <extensions>
          <gpxtpx:TrackPointExtension>
            <gpxtpx:hr>154</gpxtpx:hr>
          </gpxtpx:TrackPointExtension>
        </extensions>
      </trkpt>
      <trkpt lat="40.000483581994196" lon="116.44177691580018">
        <ele>38.7441930687055</ele>
        <time>1970-01-01T00:20:51.100000Z</time>
        <extensions>
          <gpxtpx:TrackPointExtension>
            <gpxtpx:hr>154</gpxtpx:hr>
          </gpxtpx:TrackPointExtension>
        </extensions>
      </trkpt>
      <trkpt lat="40.00048146316277" lon="116.44180817747937">
        <ele>38.735325128771365</ele>
        <time>1970-01-01T00:20:52.100000Z</time>
        <extensions>
          <gpxtpx:TrackPointExtension>
            <gpxtpx:hr>154</gpxtpx:hr>
          </gpxtpx:TrackPointExtension>
        </extensions>
      </trkpt>
      <trkpt lat="40.0004774082859" lon="116.44183918455121">
        <ele>38.72745108604431</ele>
        <time>1970-01-01T00:20:53.100000Z</time>
        <extensions>
          <gpxtpx:TrackPointExtension>
            <gpxtpx:hr>154</gpxtpx:hr>
          </gpxtpx:TrackPointExtension>
        </extensions>
      </trkpt>
      <trkpt lat="40.000471922272865" lon="116.44186985505186">
        <ele>38.719862181693316</ele>
        <time>1970-01-01T00:20:54.100000Z</time>
        <extensions>
          <gpxtpx:TrackPointExtension>
            <gpxtpx:hr>154</gpxtpx:hr>
          </gpxtpx:TrackPointExtension>
        </extensions>
      </trkpt>
      <trkpt lat="40.00046627756354" lon="116.44190035197174">
        <ele>38.712145117111504</ele>
        <time>1970-01-01T00:20:55.100000Z</time>
        <extensions>
          <gpxtpx:TrackPointExtension>
            <gpxtpx:hr>154</gpxtpx:hr>
          </gpxtpx:TrackPointExtension>
        </extensions>
      </trkpt>
      <trkpt lat="40.000461542639485" lon="116.44193058743197">
        <ele>38.70385645516217</ele>
        <time>1970-01-01T00:20:56.100000Z</time>
        <extensions>
          <gpxtpx:TrackPointExtension>
            <gpxtpx:hr>154</gpxtpx:hr>
          </gpxtpx:TrackPointExtension>
        </extensions>
      </trkpt>
      <trkpt lat="40.000458072481536" lon="116.4419606955999">
        <ele>38.69529253151268</ele>
        <time>1970-01-01T00:20:57.100000Z</time>
        <extensions>
          <gpxtpx:TrackPointExtension>
            <gpxtpx:hr>154</gpxtpx:hr>
          </gpxtpx:TrackPointExtension>
        </extensions>
      </trkpt>
      <trkpt lat="40.000456041618776" lon="116.44199115809609">
        <ele>38.68644473608583</ele>
        <time>1970-01-01T00:20:58.100000Z</time>
        <extensions>
          <gpxtpx:TrackPointExtension>
            <gpxtpx:hr>154</gpxtpx:hr>
          </gpxtpx:TrackPointExtension>
        </extensions>
      </trkpt>
      <trkpt lat="40.000455641426285" lon="116.44202219895084">
        <ele>38.67663786839694</ele>
        <time>1970-01-01T00:20:59.100000Z</time>
        <extensions>
          <gpxtpx:TrackPointExtension>
            <gpxtpx:hr>154</gpxtpx:hr>
          </gpxtpx:TrackPointExtension>
        </extensions>
      </trkpt>
      <trkpt lat="40.000456762277544" lon="116.44205392504655">
        <ele>38.66629461850971</ele>
        <time>1970-01-01T00:21:00.100000Z</time>
        <extensions>
          <gpxtpx:TrackPointExtension>
            <gpxtpx:hr>154</gpxtpx:hr>
          </gpxtpx:TrackPointExtension>
        </extensions>
      </trkpt>
      <trkpt lat="40.00045924962332" lon="116.44208630959317">
        <ele>38.65514936205</ele>
        <time>1970-01-01T00:21:01.100000Z</time>
        <extensions>
          <gpxtpx:TrackPointExtension>
            <gpxtpx:hr>154</gpxtpx:hr>
          </gpxtpx:TrackPointExtension>
        </extensions>
      </trkpt>
      <trkpt lat="40.00046290880865" lon="116.44211909626658">
        <ele>38.64359980262816</ele>
        <time>1970-01-01T00:21:02.100000Z</time>
        <extensions>
          <gpxtpx:TrackPointExtension>
            <gpxtpx:hr>154</gpxtpx:hr>
          </gpxtpx:TrackPointExtension>
        </extensions>
      </trkpt>
      <trkpt lat="40.00046733709024" lon="116.44215191453122">
        <ele>38.631411300972104</ele>
        <time>1970-01-01T00:21:03.100000Z</time>
        <extensions>
          <gpxtpx:TrackPointExtension>
            <gpxtpx:hr>154</gpxtpx:hr>
          </gpxtpx:TrackPointExtension>
        </extensions>
      </trkpt>
      <trkpt lat="40.000472132723424" lon="116.44218414878759">
        <ele>38.61714955419302</ele>
        <time>1970-01-01T00:21:04.100000Z</time>
        <extensions>
          <gpxtpx:TrackPointExtension>
            <gpxtpx:hr>156</gpxtpx:hr>
          </gpxtpx:TrackPointExtension>
        </extensions>
      </trkpt>
      <trkpt lat="40.00047688723926" lon="116.44221557624533">
        <ele>38.60135374870151</ele>
        <time>1970-01-01T00:21:05.100000Z</time>
        <extensions>
          <gpxtpx:TrackPointExtension>
            <gpxtpx:hr>156</gpxtpx:hr>
          </gpxtpx:TrackPointExtension>
        </extensions>
      </trkpt>
      <trkpt lat="40.00048157238867" lon="116.44224637521317">
        <ele>38.58403511624783</ele>
        <time>1970-01-01T00:21:06.100000Z</time>
        <extensions>
          <gpxtpx:TrackPointExtension>
            <gpxtpx:hr>156</gpxtpx:hr>
          </gpxtpx:TrackPointExtension>
        </extensions>
      </trkpt>
      <trkpt lat="40.00048629191809" lon="116.44227679075665">
        <ele>38.56474701408297</ele>
        <time>1970-01-01T00:21:07.100000Z</time>
        <extensions>
          <gpxtpx:TrackPointExtension>
            <gpxtpx:hr>156</gpxtpx:hr>
          </gpxtpx:TrackPointExtension>
        </extensions>
      </trkpt>
      <trkpt lat="40.00049105832079" lon="116.44230719488658">
        <ele>38.544449761509895</ele>
        <time>1970-01-01T00:21:08.100000Z</time>
        <extensions>
          <gpxtpx:TrackPointExtension>
            <gpxtpx:hr>156</gpxtpx:hr>
          </gpxtpx:TrackPointExtension>
        </extensions>
      </trkpt>
      <trkpt lat="40.00049592357095" lon="116.44233780427548">
        <ele>38.52209897059947</ele>
        <time>1970-01-01T00:21:09.100000Z</time>
        <extensions>
          <gpxtpx:TrackPointExtension>
            <gpxtpx:hr>155</gpxtpx:hr>
          </gpxtpx:TrackPointExtension>
        </extensions>
      </trkpt>
      <trkpt lat="40.000500938013246" lon="116.44236884158028">
        <ele>38.498479690402746</ele>
        <time>1970-01-01T00:21:10.100000Z</time>
        <extensions>
          <gpxtpx:TrackPointExtension>
            <gpxtpx:hr>155</gpxtpx:hr>
          </gpxtpx:TrackPointExtension>
        </extensions>
      </trkpt>
      <trkpt lat="40.000506011055805" lon="116.44240041492829">
        <ele>38.47470516525209</ele>
        <time>1970-01-01T00:21:11.100000Z</time>
        <extensions>
          <gpxtpx:TrackPointExtension>
            <gpxtpx:hr>155</gpxtpx:hr>
          </gpxtpx:TrackPointExtension>
        </extensions>
      </trkpt>
      <trkpt lat="40.00051101060904" lon="116.44243203059375">
        <ele>38.44988149031997</ele>
        <time>1970-01-01T00:21:12.100000Z</time>
        <extensions>
          <gpxtpx:TrackPointExtension>
            <gpxtpx:hr>155</gpxtpx:hr>
          </gpxtpx:TrackPointExtension>
        </extensions>
      </trkpt>
      <trkpt lat="40.00051589619543" lon="116.44246331544852">
        <ele>38.4248708486557</ele>
        <time>1970-01-01T00:21:13.100000Z</time>
        <extensions>
          <gpxtpx:TrackPointExtension>
            <gpxtpx:hr>155</gpxtpx:hr>
          </gpxtpx:TrackPointExtension>
        </extensions>
      </trkpt>
      <trkpt lat="40.00052073830715" lon="116.44249441147112">
        <ele>38.399601655080914</ele>
        <time>1970-01-01T00:21:14.100000Z</time>
        <extensions>
          <gpxtpx:TrackPointExtension>
            <gpxtpx:hr>155</gpxtpx:hr>
          </gpxtpx:TrackPointExtension>
        </extensions>
      </trkpt>
      <trkpt lat="40.00052563132577" lon="116.44252537469202">
        <ele>38.37353847362101</ele>
        <time>1970-01-01T00:21:15.100000Z</time>
        <extensions>
          <gpxtpx:TrackPointExtension>
            <gpxtpx:hr>155</gpxtpx:hr>
          </gpxtpx:TrackPointExtension>
        </extensions>
      </trkpt>
      <trkpt lat="40.000530556185225" lon="116.44255609452816">
        <ele>38.347013162449</ele>
        <time>1970-01-01T00:21:16.100000Z</time>
        <extensions>
          <gpxtpx:TrackPointExtension>
            <gpxtpx:hr>155</gpxtpx:hr>
          </gpxtpx:TrackPointExtension>
        </extensions>
      </trkpt>
      <trkpt lat="40.00053540781058" lon="116.44258681332083">
        <ele>38.31989843584597</ele>
        <time>1970-01-01T00:21:17.100000Z</time>
        <extensions>
          <gpxtpx:TrackPointExtension>
            <gpxtpx:hr>155</gpxtpx:hr>
          </gpxtpx:TrackPointExtension>
        </extensions>
      </trkpt>
      <trkpt lat="40.00054012744598" lon="116.44261788811386">
        <ele>38.29310155194253</ele>
        <time>1970-01-01T00:21:18.100000Z</time>
        <extensions>
          <gpxtpx:TrackPointExtension>
            <gpxtpx:hr>157</gpxtpx:hr>
          </gpxtpx:TrackPointExtension>
        </extensions>
      </trkpt>
      <trkpt lat="40.000544630239126" lon="116.4426495534703">
        <ele>38.26524904090911</ele>
        <time>1970-01-01T00:21:19.100000Z</time>
        <extensions>
          <gpxtpx:TrackPointExtension>
            <gpxtpx:hr>157</gpxtpx:hr>
          </gpxtpx:TrackPointExtension>
        </extensions>
      </trkpt>
      <trkpt lat="40.00054898626312" lon="116.44268158106613">
        <ele>38.23632579296827</ele>
        <time>1970-01-01T00:21:20.100000Z</time>
        <extensions>
          <gpxtpx:TrackPointExtension>
            <gpxtpx:hr>157</gpxtpx:hr>
          </gpxtpx:TrackPointExtension>
        </extensions>
      </trkpt>
      <trkpt lat="40.000553374059955" lon="116.4427138788269">
        <ele>38.20609532110393</ele>
        <time>1970-01-01T00:21:21.100000Z</time>
        <extensions>
          <gpxtpx:TrackPointExtension>
            <gpxtpx:hr>157</gpxtpx:hr>
          </gpxtpx:TrackPointExtension>
        </extensions>
      </trkpt>
      <trkpt lat="40.000558021309025" lon="116.4427466232386">
        <ele>38.173553662374616</ele>
        <time>1970-01-01T00:21:22.100000Z</time>
        <extensions>
          <gpxtpx:TrackPointExtension>
            <gpxtpx:hr>157</gpxtpx:hr>
          </gpxtpx:TrackPointExtension>
        </extensions>
      </trkpt>
      <trkpt lat="40.00056299130204" lon="116.44277961746896">
        <ele>38.13982138875872</ele>
        <time>1970-01-01T00:21:23.100000Z</time>
        <extensions>
          <gpxtpx:TrackPointExtension>
            <gpxtpx:hr>157</gpxtpx:hr>
          </gpxtpx:TrackPointExtension>
        </extensions>
      </trkpt>
      <trkpt lat="40.00056797924401" lon="116.44281264262361">
        <ele>38.103808008134365</ele>
        <time>1970-01-01T00:21:24.100000Z</time>
        <extensions>
          <gpxtpx:TrackPointExtension>
            <gpxtpx:hr>157</gpxtpx:hr>
          </gpxtpx:TrackPointExtension>
        </extensions>
      </trkpt>
      <trkpt lat="40.00057267106326" lon="116.44284518626405">
        <ele>38.065102274529636</ele>
        <time>1970-01-01T00:21:25.100000Z</time>
        <extensions>
          <gpxtpx:TrackPointExtension>
            <gpxtpx:hr>157</gpxtpx:hr>
          </gpxtpx:TrackPointExtension>
        </extensions>
      </trkpt>
      <trkpt lat="40.000576997419486" lon="116.44287715028969">
        <ele>38.023624651134014</ele>
        <time>1970-01-01T00:21:26.100000Z</time>
        <extensions>
          <gpxtpx:TrackPointExtension>
            <gpxtpx:hr>157</gpxtpx:hr>
          </gpxtpx:TrackPointExtension>
        </extensions>
      </trkpt>
      <trkpt lat="40.00058102949483" lon="116.44290873963348">
        <ele>37.977992214262486</ele>
        <time>1970-01-01T00:21:27.100000Z</time>
        <extensions>
          <gpxtpx:TrackPointExtension>
            <gpxtpx:hr>157</gpxtpx:hr>
          </gpxtpx:TrackPointExtension>
        </extensions>
      </trkpt>
      <trkpt lat="40.00058482796323" lon="116.44294037007671">
        <ele>37.92829012311995</ele>
        <time>1970-01-01T00:21:28.100000Z</time>
        <extensions>
          <gpxtpx:TrackPointExtension>
            <gpxtpx:hr>157</gpxtpx:hr>
          </gpxtpx:TrackPointExtension>
        </extensions>
      </trkpt>
      <trkpt lat="40.00058859914326" lon="116.44297252560587">
        <ele>37.874373979866505</ele>
        <time>1970-01-01T00:21:29.100000Z</time>
        <extensions>
          <gpxtpx:TrackPointExtension>
            <gpxtpx:hr>157</gpxtpx:hr>
          </gpxtpx:TrackPointExtension>
        </extensions>
      </trkpt>
      <trkpt lat="40.000592542361446" lon="116.44300554845009">
        <ele>37.815177189186215</ele>
        <time>1970-01-01T00:21:30.100000Z</time>
        <extensions>
          <gpxtpx:TrackPointExtension>
            <gpxtpx:hr>158</gpxtpx:hr>
          </gpxtpx:TrackPointExtension>
        </extensions>
      </trkpt>
      <trkpt lat="40.00059658549943" lon="116.44303907658933">
        <ele>37.752248535864055</ele>
        <time>1970-01-01T00:21:31.100000Z</time>
        <extensions>
          <gpxtpx:TrackPointExtension>
            <gpxtpx:hr>158</gpxtpx:hr>
          </gpxtpx:TrackPointExtension>
        </extensions>
      </trkpt>
      <trkpt lat="40.00060068209615" lon="116.44307270500168">
        <ele>37.6832142630592</ele>
        <time>1970-01-01T00:21:32.100000Z</time>
        <extensions>
          <gpxtpx:TrackPointExtension>
            <gpxtpx:hr>158</gpxtpx:hr>
          </gpxtpx:TrackPointExtension>
        </extensions>
      </trkpt>
      <trkpt lat="40.000604920470785" lon="116.4431059823583">
        <ele>37.60984237026423</ele>
        <time>1970-01-01T00:21:33.100000Z</time>
        <extensions>
          <gpxtpx:TrackPointExtension>
            <gpxtpx:hr>158</gpxtpx:hr>
          </gpxtpx:TrackPointExtension>
        </extensions>
      </trkpt>
      <trkpt lat="40.000609425671904" lon="116.4431389824327">
        <ele>37.53178478870541</ele>
        <time>1970-01-01T00:21:34.100000Z</time>
        <extensions>
          <gpxtpx:TrackPointExtension>
            <gpxtpx:hr>158</gpxtpx:hr>
          </gpxtpx:TrackPointExtension>
        </extensions>
      </trkpt>
      <trkpt lat="40.00061439408789" lon="116.44317194489332">
        <ele>37.45255941338837</ele>
        <time>1970-01-01T00:21:35.100000Z</time>
        <extensions>
          <gpxtpx:TrackPointExtension>
            <gpxtpx:hr>158</gpxtpx:hr>
          </gpxtpx:TrackPointExtension>
        </extensions>
      </trkpt>
      <trkpt lat="40.000619782262234" lon="116.44320448710259">
        <ele>37.37747068889439</ele>
        <time>1970-01-01T00:21:36.100000Z</time>
        <extensions>
          <gpxtpx:TrackPointExtension>
            <gpxtpx:hr>158</gpxtpx:hr>
          </gpxtpx:TrackPointExtension>
        </extensions>
      </trkpt>
      <trkpt lat="40.000625402137196" lon="116.4432364600453">
        <ele>37.30838815588504</ele>
        <time>1970-01-01T00:21:37.100000Z</time>
        <extensions>
          <gpxtpx:TrackPointExtension>
            <gpxtpx:hr>158</gpxtpx:hr>
          </gpxtpx:TrackPointExtension>
        </extensions>
      </trkpt>
      <trkpt lat="40.00063108855474" lon="116.44326823419088">
        <ele>37.246518173255026</ele>
        <time>1970-01-01T00:21:38.100000Z</time>
        <extensions>
          <gpxtpx:TrackPointExtension>
            <gpxtpx:hr>158</gpxtpx:hr>
          </gpxtpx:TrackPointExtension>
        </extensions>
      </trkpt>
      <trkpt lat="40.00063676186971" lon="116.44329994794282">
        <ele>37.19394422788173</ele>
        <time>1970-01-01T00:21:39.100000Z</time>
        <extensions>
          <gpxtpx:TrackPointExtension>
            <gpxtpx:hr>158</gpxtpx:hr>
          </gpxtpx:TrackPointExtension>
        </extensions>
      </trkpt>
      <trkpt lat="40.00064235063948" lon="116.44333183596399">
        <ele>37.14828414749354</ele>
        <time>1970-01-01T00:21:40.100000Z</time>
        <extensions>
          <gpxtpx:TrackPointExtension>
            <gpxtpx:hr>158</gpxtpx:hr>
          </gpxtpx:TrackPointExtension>
        </extensions>
      </trkpt>
      <trkpt lat="40.00064771543722" lon="116.44336411959961">
        <ele>37.11165409348905</ele>
        <time>1970-01-01T00:21:41.100000Z</time>
        <extensions>
          <gpxtpx:TrackPointExtension>
            <gpxtpx:hr>158</gpxtpx:hr>
          </gpxtpx:TrackPointExtension>
        </extensions>
      </trkpt>
      <trkpt lat="40.00065276528033" lon="116.44339639461451">
        <ele>37.08505869470537</ele>
        <time>1970-01-01T00:21:42.100000Z</time>
        <extensions>
          <gpxtpx:TrackPointExtension>
            <gpxtpx:hr>158</gpxtpx:hr>
          </gpxtpx:TrackPointExtension>
        </extensions>
      </trkpt>
      <trkpt lat="40.00065761112219" lon="116.44342867071171">
        <ele>37.06734205968678</ele>
        <time>1970-01-01T00:21:43.100000Z</time>
        <extensions>
          <gpxtpx:TrackPointExtension>
            <gpxtpx:hr>158</gpxtpx:hr>
          </gpxtpx:TrackPointExtension>
        </extensions>
      </trkpt>
      <trkpt lat="40.000662374018354" lon="116.4434606776896">
        <ele>37.05981032550335</ele>
        <time>1970-01-01T00:21:44.100000Z</time>
        <extensions>
          <gpxtpx:TrackPointExtension>
            <gpxtpx:hr>158</gpxtpx:hr>
          </gpxtpx:TrackPointExtension>
        </extensions>
      </trkpt>
      <trkpt lat="40.00066716715547" lon="116.44349207560683">
        <ele>37.06032843794674</ele>
        <time>1970-01-01T00:21:45.100000Z</time>
        <extensions>
          <gpxtpx:TrackPointExtension>
            <gpxtpx:hr>158</gpxtpx:hr>
          </gpxtpx:TrackPointExtension>
        </extensions>
      </trkpt>
      <trkpt lat="40.00067200169662" lon="116.44352285987644">
        <ele>37.06999581865966</ele>
        <time>1970-01-01T00:21:46.100000Z</time>
        <extensions>
          <gpxtpx:TrackPointExtension>
            <gpxtpx:hr>158</gpxtpx:hr>
          </gpxtpx:TrackPointExtension>
        </extensions>
      </trkpt>
      <trkpt lat="40.00067678174563" lon="116.44355383390216">
        <ele>37.085595270618796</ele>
        <time>1970-01-01T00:21:47.100000Z</time>
        <extensions>
          <gpxtpx:TrackPointExtension>
            <gpxtpx:hr>158</gpxtpx:hr>
          </gpxtpx:TrackPointExtension>
        </extensions>
      </trkpt>
      <trkpt lat="40.00068154943412" lon="116.44358521102764">
        <ele>37.107257248833776</ele>
        <time>1970-01-01T00:21:48.100000Z</time>
        <extensions>
          <gpxtpx:TrackPointExtension>
            <gpxtpx:hr>158</gpxtpx:hr>
          </gpxtpx:TrackPointExtension>
        </extensions>
      </trkpt>
      <trkpt lat="40.00068634123456" lon="116.44361689487941">
        <ele>37.134092153050005</ele>
        <time>1970-01-01T00:21:49.100000Z</time>
        <extensions>
          <gpxtpx:TrackPointExtension>
            <gpxtpx:hr>160</gpxtpx:hr>
          </gpxtpx:TrackPointExtension>
        </extensions>
      </trkpt>
      <trkpt lat="40.00069129499342" lon="116.44364915486577">
        <ele>37.16445389389992</ele>
        <time>1970-01-01T00:21:50.100000Z</time>
        <extensions>
          <gpxtpx:TrackPointExtension>
            <gpxtpx:hr>160</gpxtpx:hr>
          </gpxtpx:TrackPointExtension>
        </extensions>
      </trkpt>
      <trkpt lat="40.000696455222744" lon="116.44368182660068">
        <ele>37.19851669669151</ele>
        <time>1970-01-01T00:21:51.100000Z</time>
        <extensions>
          <gpxtpx:TrackPointExtension>
            <gpxtpx:hr>160</gpxtpx:hr>
          </gpxtpx:TrackPointExtension>
        </extensions>
      </trkpt>
      <trkpt lat="40.00070157635568" lon="116.44371431343092">
        <ele>37.23434309195727</ele>
        <time>1970-01-01T00:21:52.100000Z</time>
        <extensions>
          <gpxtpx:TrackPointExtension>
            <gpxtpx:hr>160</gpxtpx:hr>
          </gpxtpx:TrackPointExtension>
        </extensions>
      </trkpt>
      <trkpt lat="40.00070642654548" lon="116.4437462508589">
        <ele>37.272535282187164</ele>
        <time>1970-01-01T00:21:53.100000Z</time>
        <extensions>
          <gpxtpx:TrackPointExtension>
            <gpxtpx:hr>160</gpxtpx:hr>
          </gpxtpx:TrackPointExtension>
        </extensions>
      </trkpt>
      <trkpt lat="40.00071110172895" lon="116.44377759920573">
        <ele>37.31128879915923</ele>
        <time>1970-01-01T00:21:54.100000Z</time>
        <extensions>
          <gpxtpx:TrackPointExtension>
            <gpxtpx:hr>160</gpxtpx:hr>
          </gpxtpx:TrackPointExtension>
        </extensions>
      </trkpt>
      <trkpt lat="40.00071566915397" lon="116.44380876410041">
        <ele>37.35155512392521</ele>
        <time>1970-01-01T00:21:55.100000Z</time>
        <extensions>
          <gpxtpx:TrackPointExtension>
            <gpxtpx:hr>160</gpxtpx:hr>
          </gpxtpx:TrackPointExtension>
        </extensions>
      </trkpt>
      <trkpt lat="40.00072008980546" lon="116.44384002473922">
        <ele>37.39301324356347</ele>
        <time>1970-01-01T00:21:56.100000Z</time>
        <extensions>
          <gpxtpx:TrackPointExtension>
            <gpxtpx:hr>160</gpxtpx:hr>
          </gpxtpx:TrackPointExtension>
        </extensions>
      </trkpt>
      <trkpt lat="40.0007245028809" lon="116.44387164822757">
        <ele>37.43554892204702</ele>
        <time>1970-01-01T00:21:57.100000Z</time>
        <extensions>
          <gpxtpx:TrackPointExtension>
            <gpxtpx:hr>160</gpxtpx:hr>
          </gpxtpx:TrackPointExtension>
        </extensions>
      </trkpt>
      <trkpt lat="40.00072895233783" lon="116.44390361369089">
        <ele>37.47880890313536</ele>
        <time>1970-01-01T00:21:58.100000Z</time>
        <extensions>
          <gpxtpx:TrackPointExtension>
            <gpxtpx:hr>160</gpxtpx:hr>
          </gpxtpx:TrackPointExtension>
        </extensions>
      </trkpt>
      <trkpt lat="40.00073340965687" lon="116.44393582510737">
        <ele>37.52314294409007</ele>
        <time>1970-01-01T00:21:59.100000Z</time>
        <extensions>
          <gpxtpx:TrackPointExtension>
            <gpxtpx:hr>160</gpxtpx:hr>
          </gpxtpx:TrackPointExtension>
        </extensions>
      </trkpt>
      <trkpt lat="40.00073808856859" lon="116.4439682823477">
        <ele>37.56792193651199</ele>
        <time>1970-01-01T00:22:00.100000Z</time>
        <extensions>
          <gpxtpx:TrackPointExtension>
            <gpxtpx:hr>159</gpxtpx:hr>
          </gpxtpx:TrackPointExtension>
        </extensions>
      </trkpt>
      <trkpt lat="40.00074322086362" lon="116.44400115355091">
        <ele>37.61319431476295</ele>
        <time>1970-01-01T00:22:01.100000Z</time>
        <extensions>
          <gpxtpx:TrackPointExtension>
            <gpxtpx:hr>159</gpxtpx:hr>
          </gpxtpx:TrackPointExtension>
        </extensions>
      </trkpt>
      <trkpt lat="40.00074882812509" lon="116.44403415700778">
        <ele>37.658738166093826</ele>
        <time>1970-01-01T00:22:02.100000Z</time>
        <extensions>
          <gpxtpx:TrackPointExtension>
            <gpxtpx:hr>159</gpxtpx:hr>
          </gpxtpx:TrackPointExtension>
        </extensions>
      </trkpt>
      <trkpt lat="40.00075461837619" lon="116.44406623751888">
        <ele>37.70441282354295</ele>
        <time>1970-01-01T00:22:03.100000Z</time>
        <extensions>
          <gpxtpx:TrackPointExtension>
            <gpxtpx:hr>159</gpxtpx:hr>
          </gpxtpx:TrackPointExtension>
        </extensions>
      </trkpt>
      <trkpt lat="40.000760118743905" lon="116.4440973483097">
        <ele>37.75008593592793</ele>
        <time>1970-01-01T00:22:04.100000Z</time>
        <extensions>
          <gpxtpx:TrackPointExtension>
            <gpxtpx:hr>159</gpxtpx:hr>
          </gpxtpx:TrackPointExtension>
        </extensions>
      </trkpt>
      <trkpt lat="40.00076515989994" lon="116.4441280085181">
        <ele>37.795548709109426</ele>
        <time>1970-01-01T00:22:05.100000Z</time>
        <extensions>
          <gpxtpx:TrackPointExtension>
            <gpxtpx:hr>159</gpxtpx:hr>
          </gpxtpx:TrackPointExtension>
        </extensions>
      </trkpt>
      <trkpt lat="40.000769957390084" lon="116.4441589213207">
        <ele>37.84058835916221</ele>
        <time>1970-01-01T00:22:06.100000Z</time>
        <extensions>
          <gpxtpx:TrackPointExtension>
            <gpxtpx:hr>159</gpxtpx:hr>
          </gpxtpx:TrackPointExtension>
        </extensions>
      </trkpt>
      <trkpt lat="40.00077452940357" lon="116.44419062816333">
        <ele>37.88482854887843</ele>
        <time>1970-01-01T00:22:07.100000Z</time>
        <extensions>
          <gpxtpx:TrackPointExtension>
            <gpxtpx:hr>159</gpxtpx:hr>
          </gpxtpx:TrackPointExtension>
        </extensions>
      </trkpt>
      <trkpt lat="40.00077884012078" lon="116.44422283715502">
        <ele>37.92770966887474</ele>
        <time>1970-01-01T00:22:08.100000Z</time>
        <extensions>
          <gpxtpx:TrackPointExtension>
            <gpxtpx:hr>159</gpxtpx:hr>
          </gpxtpx:TrackPointExtension>
        </extensions>
      </trkpt>
      <trkpt lat="40.00078315449258" lon="116.44425486605412">
        <ele>37.96855003386736</ele>
        <time>1970-01-01T00:22:09.100000Z</time>
        <extensions>
          <gpxtpx:TrackPointExtension>
            <gpxtpx:hr>159</gpxtpx:hr>
          </gpxtpx:TrackPointExtension>
        </extensions>
      </trkpt>
      <trkpt lat="40.00078771890309" lon="116.44428633539849">
        <ele>38.00668868422508</ele>
        <time>1970-01-01T00:22:10.100000Z</time>
        <extensions>
          <gpxtpx:TrackPointExtension>
            <gpxtpx:hr>159</gpxtpx:hr>
          </gpxtpx:TrackPointExtension>
        </extensions>
      </trkpt>
      <trkpt lat="40.00079263774769" lon="116.4443170303175">
        <ele>38.041535371914506</ele>
        <time>1970-01-01T00:22:11.100000Z</time>
        <extensions>
          <gpxtpx:TrackPointExtension>
            <gpxtpx:hr>159</gpxtpx:hr>
          </gpxtpx:TrackPointExtension>
        </extensions>
      </trkpt>
      <trkpt lat="40.00079794432188" lon="116.44434698536831">
        <ele>38.0725888973102</ele>
        <time>1970-01-01T00:22:12.100000Z</time>
        <extensions>
          <gpxtpx:TrackPointExtension>
            <gpxtpx:hr>159</gpxtpx:hr>
          </gpxtpx:TrackPointExtension>
        </extensions>
      </trkpt>
      <trkpt lat="40.00080389383693" lon="116.4443770166347">
        <ele>38.099429993890226</ele>
        <time>1970-01-01T00:22:13.100000Z</time>
        <extensions>
          <gpxtpx:TrackPointExtension>
            <gpxtpx:hr>159</gpxtpx:hr>
          </gpxtpx:TrackPointExtension>
        </extensions>
      </trkpt>
      <trkpt lat="40.00081043248637" lon="116.44440784481895">
        <ele>38.12175975460559</ele>
        <time>1970-01-01T00:22:14.100000Z</time>
        <extensions>
          <gpxtpx:TrackPointExtension>
            <gpxtpx:hr>160</gpxtpx:hr>
          </gpxtpx:TrackPointExtension>
        </extensions>
      </trkpt>
      <trkpt lat="40.00081735648252" lon="116.4444395318475">
        <ele>38.13952712062746</ele>
        <time>1970-01-01T00:22:15.100000Z</time>
        <extensions>
          <gpxtpx:TrackPointExtension>
            <gpxtpx:hr>160</gpxtpx:hr>
          </gpxtpx:TrackPointExtension>
        </extensions>
      </trkpt>
      <trkpt lat="40.00082476037803" lon="116.44447176069778">
        <ele>38.153030287474394</ele>
        <time>1970-01-01T00:22:16.100000Z</time>
        <extensions>
          <gpxtpx:TrackPointExtension>
            <gpxtpx:hr>160</gpxtpx:hr>
          </gpxtpx:TrackPointExtension>
        </extensions>
      </trkpt>
      <trkpt lat="40.00083268314247" lon="116.44450413411575">
        <ele>38.16289450600743</ele>
        <time>1970-01-01T00:22:17.100000Z</time>
        <extensions>
          <gpxtpx:TrackPointExtension>
            <gpxtpx:hr>160</gpxtpx:hr>
          </gpxtpx:TrackPointExtension>
        </extensions>
      </trkpt>
      <trkpt lat="40.00084090556299" lon="116.44453663058702">
        <ele>38.16994151379913</ele>
        <time>1970-01-01T00:22:18.100000Z</time>
        <extensions>
          <gpxtpx:TrackPointExtension>
            <gpxtpx:hr>160</gpxtpx:hr>
          </gpxtpx:TrackPointExtension>
        </extensions>
      </trkpt>
      <trkpt lat="40.00084903478909" lon="116.44456930264579">
        <ele>38.17505073454231</ele>
        <time>1970-01-01T00:22:19.100000Z</time>
        <extensions>
          <gpxtpx:TrackPointExtension>
            <gpxtpx:hr>160</gpxtpx:hr>
          </gpxtpx:TrackPointExtension>
        </extensions>
      </trkpt>
      <trkpt lat="40.00085678146472" lon="116.44460235384166">
        <ele>38.179112867452204</ele>
        <time>1970-01-01T00:22:20.100000Z</time>
        <extensions>
          <gpxtpx:TrackPointExtension>
            <gpxtpx:hr>160</gpxtpx:hr>
          </gpxtpx:TrackPointExtension>
        </extensions>
      </trkpt>
      <trkpt lat="40.00086403562612" lon="116.44463627002497">
        <ele>38.18311216402799</ele>
        <time>1970-01-01T00:22:21.100000Z</time>
        <extensions>
          <gpxtpx:TrackPointExtension>
            <gpxtpx:hr>160</gpxtpx:hr>
          </gpxtpx:TrackPointExtension>
        </extensions>
      </trkpt>
      <trkpt lat="40.00087090946453" lon="116.4446713890973">
        <ele>38.18836403172463</ele>
        <time>1970-01-01T00:22:22.100000Z</time>
        <extensions>
          <gpxtpx:TrackPointExtension>
            <gpxtpx:hr>160</gpxtpx:hr>
          </gpxtpx:TrackPointExtension>
        </extensions>
      </trkpt>
      <trkpt lat="40.000877704971565" lon="116.44470763744037">
        <ele>38.19678333681077</ele>
        <time>1970-01-01T00:22:23.100000Z</time>
        <extensions>
          <gpxtpx:TrackPointExtension>
            <gpxtpx:hr>160</gpxtpx:hr>
          </gpxtpx:TrackPointExtension>
        </extensions>
      </trkpt>
      <trkpt lat="40.00088485076554" lon="116.44474437765997">
        <ele>38.21086900960654</ele>
        <time>1970-01-01T00:22:24.100000Z</time>
        <extensions>
          <gpxtpx:TrackPointExtension>
            <gpxtpx:hr>160</gpxtpx:hr>
          </gpxtpx:TrackPointExtension>
        </extensions>
      </trkpt>
      <trkpt lat="40.000892357091416" lon="116.4447805006489">
        <ele>38.23323558829725</ele>
        <time>1970-01-01T00:22:25.100000Z</time>
        <extensions>
          <gpxtpx:TrackPointExtension>
            <gpxtpx:hr>160</gpxtpx:hr>
          </gpxtpx:TrackPointExtension>
        </extensions>
      </trkpt>
      <trkpt lat="40.00089985267328" lon="116.44481524505878">
        <ele>38.26569439936429</ele>
        <time>1970-01-01T00:22:26.100000Z</time>
        <extensions>
          <gpxtpx:TrackPointExtension>
            <gpxtpx:hr>160</gpxtpx:hr>
          </gpxtpx:TrackPointExtension>
        </extensions>
      </trkpt>
      <trkpt lat="40.00090725337063" lon="116.44484867677367">
        <ele>38.30854572728276</ele>
        <time>1970-01-01T00:22:27.100000Z</time>
        <extensions>
          <gpxtpx:TrackPointExtension>
            <gpxtpx:hr>160</gpxtpx:hr>
          </gpxtpx:TrackPointExtension>
        </extensions>
      </trkpt>
      <trkpt lat="40.00091462066302" lon="116.44488135687851">
        <ele>38.36089303903282</ele>
        <time>1970-01-01T00:22:28.100000Z</time>
        <extensions>
          <gpxtpx:TrackPointExtension>
            <gpxtpx:hr>160</gpxtpx:hr>
          </gpxtpx:TrackPointExtension>
        </extensions>
      </trkpt>
      <trkpt lat="40.000921831736946" lon="116.44491362209173">
        <ele>38.421316374093294</ele>
        <time>1970-01-01T00:22:29.100000Z</time>
        <extensions>
          <gpxtpx:TrackPointExtension>
            <gpxtpx:hr>160</gpxtpx:hr>
          </gpxtpx:TrackPointExtension>
        </extensions>
      </trkpt>
      <trkpt lat="40.00092893688545" lon="116.44494593021258">
        <ele>38.48869377467781</ele>
        <time>1970-01-01T00:22:30.100000Z</time>
        <extensions>
          <gpxtpx:TrackPointExtension>
            <gpxtpx:hr>160</gpxtpx:hr>
          </gpxtpx:TrackPointExtension>
        </extensions>
      </trkpt>
      <trkpt lat="40.000936244107756" lon="116.44497834425698">
        <ele>38.56227249186486</ele>
        <time>1970-01-01T00:22:31.100000Z</time>
        <extensions>
          <gpxtpx:TrackPointExtension>
            <gpxtpx:hr>160</gpxtpx:hr>
          </gpxtpx:TrackPointExtension>
        </extensions>
      </trkpt>
      <trkpt lat="40.00094392071877" lon="116.445010418804">
        <ele>38.64098896365613</ele>
        <time>1970-01-01T00:22:32.100000Z</time>
        <extensions>
          <gpxtpx:TrackPointExtension>
            <gpxtpx:hr>160</gpxtpx:hr>
          </gpxtpx:TrackPointExtension>
        </extensions>
      </trkpt>
      <trkpt lat="40.00095184354797" lon="116.44504208502579">
        <ele>38.72288416698575</ele>
        <time>1970-01-01T00:22:33.100000Z</time>
        <extensions>
          <gpxtpx:TrackPointExtension>
            <gpxtpx:hr>160</gpxtpx:hr>
          </gpxtpx:TrackPointExtension>
        </extensions>
      </trkpt>
      <trkpt lat="40.00095969300551" lon="116.4450733959678">
        <ele>38.80518791824579</ele>
        <time>1970-01-01T00:22:34.100000Z</time>
        <extensions>
          <gpxtpx:TrackPointExtension>
            <gpxtpx:hr>160</gpxtpx:hr>
          </gpxtpx:TrackPointExtension>
        </extensions>
      </trkpt>
      <trkpt lat="40.00096716514505" lon="116.44510449885932">
        <ele>38.88468112144619</ele>
        <time>1970-01-01T00:22:35.100000Z</time>
        <extensions>
          <gpxtpx:TrackPointExtension>
            <gpxtpx:hr>160</gpxtpx:hr>
          </gpxtpx:TrackPointExtension>
        </extensions>
      </trkpt>
      <trkpt lat="40.000974316408616" lon="116.44513523342114">
        <ele>38.95830262545496</ele>
        <time>1970-01-01T00:22:36.100000Z</time>
        <extensions>
          <gpxtpx:TrackPointExtension>
            <gpxtpx:hr>160</gpxtpx:hr>
          </gpxtpx:TrackPointExtension>
        </extensions>
      </trkpt>
      <trkpt lat="40.00098138179082" lon="116.44516499308472">
        <ele>39.023401802405715</ele>
        <time>1970-01-01T00:22:37.100000Z</time>
        <extensions>
          <gpxtpx:TrackPointExtension>
            <gpxtpx:hr>160</gpxtpx:hr>
          </gpxtpx:TrackPointExtension>
        </extensions>
      </trkpt>
      <trkpt lat="40.00098841383409" lon="116.44519365795824">
        <ele>39.07843664474785</ele>
        <time>1970-01-01T00:22:38.100000Z</time>
        <extensions>
          <gpxtpx:TrackPointExtension>
            <gpxtpx:hr>160</gpxtpx:hr>
          </gpxtpx:TrackPointExtension>
        </extensions>
      </trkpt>
      <trkpt lat="40.00099545988681" lon="116.4452213330067">
        <ele>39.1226309183985</ele>
        <time>1970-01-01T00:22:39.100000Z</time>
        <extensions>
          <gpxtpx:TrackPointExtension>
            <gpxtpx:hr>161</gpxtpx:hr>
          </gpxtpx:TrackPointExtension>
        </extensions>
      </trkpt>
      <trkpt lat="40.00100272405043" lon="116.44524837725064">
        <ele>39.15593113657087</ele>
        <time>1970-01-01T00:22:40.100000Z</time>
        <extensions>
          <gpxtpx:TrackPointExtension>
            <gpxtpx:hr>161</gpxtpx:hr>
          </gpxtpx:TrackPointExtension>
        </extensions>
      </trkpt>
      <trkpt lat="40.001010389082346" lon="116.44527525969943">
        <ele>39.178751872852445</ele>
        <time>1970-01-01T00:22:41.100000Z</time>
        <extensions>
          <gpxtpx:TrackPointExtension>
            <gpxtpx:hr>161</gpxtpx:hr>
          </gpxtpx:TrackPointExtension>
        </extensions>
      </trkpt>
      <trkpt lat="40.00101870867774" lon="116.44530272232565">
        <ele>39.19159581698477</ele>
        <time>1970-01-01T00:22:42.100000Z</time>
        <extensions>
          <gpxtpx:TrackPointExtension>
            <gpxtpx:hr>161</gpxtpx:hr>
          </gpxtpx:TrackPointExtension>
        </extensions>
      </trkpt>
      <trkpt lat="40.00102790397423" lon="116.44533162609414">
        <ele>39.195313127711415</ele>
        <time>1970-01-01T00:22:43.100000Z</time>
        <extensions>
          <gpxtpx:TrackPointExtension>
            <gpxtpx:hr>161</gpxtpx:hr>
          </gpxtpx:TrackPointExtension>
        </extensions>
      </trkpt>
      <trkpt lat="40.001037886490785" lon="116.44536195555175">
        <ele>39.190675338730216</ele>
        <time>1970-01-01T00:22:44.100000Z</time>
        <extensions>
          <gpxtpx:TrackPointExtension>
            <gpxtpx:hr>162</gpxtpx:hr>
          </gpxtpx:TrackPointExtension>
        </extensions>
      </trkpt>
      <trkpt lat="40.00104832207569" lon="116.44539323073435">
        <ele>39.17905645351857</ele>
        <time>1970-01-01T00:22:45.100000Z</time>
        <extensions>
          <gpxtpx:TrackPointExtension>
            <gpxtpx:hr>162</gpxtpx:hr>
          </gpxtpx:TrackPointExtension>
        </extensions>
      </trkpt>
      <trkpt lat="40.00105907844392" lon="116.44542491174136">
        <ele>39.161542913876474</ele>
        <time>1970-01-01T00:22:46.100000Z</time>
        <extensions>
          <gpxtpx:TrackPointExtension>
            <gpxtpx:hr>162</gpxtpx:hr>
          </gpxtpx:TrackPointExtension>
        </extensions>
      </trkpt>
      <trkpt lat="40.00107021983472" lon="116.44545629409436">
        <ele>39.139171906746924</ele>
        <time>1970-01-01T00:22:47.100000Z</time>
        <extensions>
          <gpxtpx:TrackPointExtension>
            <gpxtpx:hr>162</gpxtpx:hr>
          </gpxtpx:TrackPointExtension>
        </extensions>
      </trkpt>
      <trkpt lat="40.00108179275362" lon="116.44548689939764">
        <ele>39.113744128495455</ele>
        <time>1970-01-01T00:22:48.100000Z</time>
        <extensions>
          <gpxtpx:TrackPointExtension>
            <gpxtpx:hr>162</gpxtpx:hr>
          </gpxtpx:TrackPointExtension>
        </extensions>
      </trkpt>
      <trkpt lat="40.00109367461458" lon="116.4455165055063">
        <ele>39.08697865344584</ele>
        <time>1970-01-01T00:22:49.100000Z</time>
        <extensions>
          <gpxtpx:TrackPointExtension>
            <gpxtpx:hr>162</gpxtpx:hr>
          </gpxtpx:TrackPointExtension>
        </extensions>
      </trkpt>
      <trkpt lat="40.00110570723023" lon="116.44554513065417">
        <ele>39.060680110007524</ele>
        <time>1970-01-01T00:22:50.100000Z</time>
        <extensions>
          <gpxtpx:TrackPointExtension>
            <gpxtpx:hr>162</gpxtpx:hr>
          </gpxtpx:TrackPointExtension>
        </extensions>
      </trkpt>
      <trkpt lat="40.00111784295587" lon="116.4455729746627">
        <ele>39.036563199944794</ele>
        <time>1970-01-01T00:22:51.100000Z</time>
        <extensions>
          <gpxtpx:TrackPointExtension>
            <gpxtpx:hr>162</gpxtpx:hr>
          </gpxtpx:TrackPointExtension>
        </extensions>
      </trkpt>
      <trkpt lat="40.00112999674058" lon="116.44560012090615">
        <ele>39.0156196532771</ele>
        <time>1970-01-01T00:22:52.100000Z</time>
        <extensions>
          <gpxtpx:TrackPointExtension>
            <gpxtpx:hr>162</gpxtpx:hr>
          </gpxtpx:TrackPointExtension>
        </extensions>
      </trkpt>
      <trkpt lat="40.00114209695691" lon="116.44562672932297">
        <ele>38.99859078694135</ele>
        <time>1970-01-01T00:22:53.100000Z</time>
        <extensions>
          <gpxtpx:TrackPointExtension>
            <gpxtpx:hr>162</gpxtpx:hr>
          </gpxtpx:TrackPointExtension>
        </extensions>
      </trkpt>
      <trkpt lat="40.001154177409525" lon="116.44565335477729">
        <ele>38.98522417712957</ele>
        <time>1970-01-01T00:22:54.200000Z</time>
        <extensions>
          <gpxtpx:TrackPointExtension>
            <gpxtpx:hr>162</gpxtpx:hr>
          </gpxtpx:TrackPointExtension>
        </extensions>
      </trkpt>
      <trkpt lat="40.00116633200126" lon="116.44568045213352">
        <ele>38.97540676500648</ele>
        <time>1970-01-01T00:22:55.200000Z</time>
        <extensions>
          <gpxtpx:TrackPointExtension>
            <gpxtpx:hr>162</gpxtpx:hr>
          </gpxtpx:TrackPointExtension>
        </extensions>
      </trkpt>
      <trkpt lat="40.001178659915354" lon="116.44570841110422">
        <ele>38.96922123525292</ele>
        <time>1970-01-01T00:22:56.200000Z</time>
        <extensions>
          <gpxtpx:TrackPointExtension>
            <gpxtpx:hr>162</gpxtpx:hr>
          </gpxtpx:TrackPointExtension>
        </extensions>
      </trkpt>
      <trkpt lat="40.00119082490728" lon="116.44573736876953">
        <ele>38.96597172971815</ele>
        <time>1970-01-01T00:22:57.200000Z</time>
        <extensions>
          <gpxtpx:TrackPointExtension>
            <gpxtpx:hr>162</gpxtpx:hr>
          </gpxtpx:TrackPointExtension>
        </extensions>
      </trkpt>
      <trkpt lat="40.001202141545484" lon="116.44576744557784">
        <ele>38.96535632573068</ele>
        <time>1970-01-01T00:22:58.200000Z</time>
        <extensions>
          <gpxtpx:TrackPointExtension>
            <gpxtpx:hr>162</gpxtpx:hr>
          </gpxtpx:TrackPointExtension>
        </extensions>
      </trkpt>
      <trkpt lat="40.00121185844338" lon="116.44579884877349">
        <ele>38.96610306203365</ele>
        <time>1970-01-01T00:22:59.200000Z</time>
        <extensions>
          <gpxtpx:TrackPointExtension>
            <gpxtpx:hr>162</gpxtpx:hr>
          </gpxtpx:TrackPointExtension>
        </extensions>
      </trkpt>
      <trkpt lat="40.00121939956891" lon="116.44583152914014">
        <ele>38.967514257878065</ele>
        <time>1970-01-01T00:23:00.200000Z</time>
        <extensions>
          <gpxtpx:TrackPointExtension>
            <gpxtpx:hr>162</gpxtpx:hr>
          </gpxtpx:TrackPointExtension>
        </extensions>
      </trkpt>
      <trkpt lat="40.00122467847456" lon="116.44586540305055">
        <ele>38.96854593232274</ele>
        <time>1970-01-01T00:23:01.200000Z</time>
        <extensions>
          <gpxtpx:TrackPointExtension>
            <gpxtpx:hr>162</gpxtpx:hr>
          </gpxtpx:TrackPointExtension>
        </extensions>
      </trkpt>
      <trkpt lat="40.00122764157921" lon="116.44590055011463">
        <ele>38.96829941123724</ele>
        <time>1970-01-01T00:23:02.200000Z</time>
        <extensions>
          <gpxtpx:TrackPointExtension>
            <gpxtpx:hr>162</gpxtpx:hr>
          </gpxtpx:TrackPointExtension>
        </extensions>
      </trkpt>
      <trkpt lat="40.00122834441852" lon="116.4459365023405">
        <ele>38.96587771549821</ele>
        <time>1970-01-01T00:23:03.200000Z</time>
        <extensions>
          <gpxtpx:TrackPointExtension>
            <gpxtpx:hr>162</gpxtpx:hr>
          </gpxtpx:TrackPointExtension>
        </extensions>
      </trkpt>
      <trkpt lat="40.00122697421863" lon="116.44597259948794">
        <ele>38.960230759344995</ele>
        <time>1970-01-01T00:23:04.200000Z</time>
        <extensions>
          <gpxtpx:TrackPointExtension>
            <gpxtpx:hr>162</gpxtpx:hr>
          </gpxtpx:TrackPointExtension>
        </extensions>
      </trkpt>
      <trkpt lat="40.00122394733434" lon="116.44600855992176">
        <ele>38.9507570695132</ele>
        <time>1970-01-01T00:23:05.200000Z</time>
        <extensions>
          <gpxtpx:TrackPointExtension>
            <gpxtpx:hr>163</gpxtpx:hr>
          </gpxtpx:TrackPointExtension>
        </extensions>
      </trkpt>
      <trkpt lat="40.00121980266424" lon="116.44604425034319">
        <ele>38.93663518689573</ele>
        <time>1970-01-01T00:23:06.200000Z</time>
        <extensions>
          <gpxtpx:TrackPointExtension>
            <gpxtpx:hr>163</gpxtpx:hr>
          </gpxtpx:TrackPointExtension>
        </extensions>
      </trkpt>
      <trkpt lat="40.001215358149075" lon="116.44607969415847">
        <ele>38.91850509215146</ele>
        <time>1970-01-01T00:23:07.200000Z</time>
        <extensions>
          <gpxtpx:TrackPointExtension>
            <gpxtpx:hr>163</gpxtpx:hr>
          </gpxtpx:TrackPointExtension>
        </extensions>
      </trkpt>
      <trkpt lat="40.00121132990094" lon="116.4461144794679">
        <ele>38.89711833000183</ele>
        <time>1970-01-01T00:23:08.200000Z</time>
        <extensions>
          <gpxtpx:TrackPointExtension>
            <gpxtpx:hr>163</gpxtpx:hr>
          </gpxtpx:TrackPointExtension>
        </extensions>
      </trkpt>
      <trkpt lat="40.001208368530044" lon="116.44614825537276">
        <ele>38.87375553138554</ele>
        <time>1970-01-01T00:23:09.200000Z</time>
        <extensions>
          <gpxtpx:TrackPointExtension>
            <gpxtpx:hr>163</gpxtpx:hr>
          </gpxtpx:TrackPointExtension>
        </extensions>
      </trkpt>
      <trkpt lat="40.00120694604151" lon="116.44618132002945">
        <ele>38.84938754606992</ele>
        <time>1970-01-01T00:23:10.200000Z</time>
        <extensions>
          <gpxtpx:TrackPointExtension>
            <gpxtpx:hr>163</gpxtpx:hr>
          </gpxtpx:TrackPointExtension>
        </extensions>
      </trkpt>
      <trkpt lat="40.001206399970336" lon="116.44621408081143">
        <ele>38.824915929697454</ele>
        <time>1970-01-01T00:23:11.200000Z</time>
        <extensions>
          <gpxtpx:TrackPointExtension>
            <gpxtpx:hr>163</gpxtpx:hr>
          </gpxtpx:TrackPointExtension>
        </extensions>
      </trkpt>
      <trkpt lat="40.001205486988134" lon="116.44624663422913">
        <ele>38.80137038230896</ele>
        <time>1970-01-01T00:23:12.200000Z</time>
        <extensions>
          <gpxtpx:TrackPointExtension>
            <gpxtpx:hr>163</gpxtpx:hr>
          </gpxtpx:TrackPointExtension>
        </extensions>
      </trkpt>
      <trkpt lat="40.001203772320956" lon="116.4462789335746">
        <ele>38.780838009901345</ele>
        <time>1970-01-01T00:23:13.200000Z</time>
        <extensions>
          <gpxtpx:TrackPointExtension>
            <gpxtpx:hr>163</gpxtpx:hr>
          </gpxtpx:TrackPointExtension>
        </extensions>
      </trkpt>
      <trkpt lat="40.0012018188517" lon="116.4463111674623">
        <ele>38.76454701181501</ele>
        <time>1970-01-01T00:23:14.200000Z</time>
        <extensions>
          <gpxtpx:TrackPointExtension>
            <gpxtpx:hr>163</gpxtpx:hr>
          </gpxtpx:TrackPointExtension>
        </extensions>
      </trkpt>
      <trkpt lat="40.001200363733325" lon="116.44634379068434">
        <ele>38.75384285207838</ele>
        <time>1970-01-01T00:23:15.200000Z</time>
        <extensions>
          <gpxtpx:TrackPointExtension>
            <gpxtpx:hr>163</gpxtpx:hr>
          </gpxtpx:TrackPointExtension>
        </extensions>
      </trkpt>
      <trkpt lat="40.00120009616562" lon="116.44637647663536">
        <ele>38.75039851292968</ele>
        <time>1970-01-01T00:23:16.200000Z</time>
        <extensions>
          <gpxtpx:TrackPointExtension>
            <gpxtpx:hr>163</gpxtpx:hr>
          </gpxtpx:TrackPointExtension>
        </extensions>
      </trkpt>
      <trkpt lat="40.00120159438595" lon="116.44640847811365">
        <ele>38.75513320136815</ele>
        <time>1970-01-01T00:23:17.200000Z</time>
        <extensions>
          <gpxtpx:TrackPointExtension>
            <gpxtpx:hr>163</gpxtpx:hr>
          </gpxtpx:TrackPointExtension>
        </extensions>
      </trkpt>
      <trkpt lat="40.00120492070238" lon="116.44643954746196">
        <ele>38.76762886624783</ele>
        <time>1970-01-01T00:23:18.200000Z</time>
        <extensions>
          <gpxtpx:TrackPointExtension>
            <gpxtpx:hr>163</gpxtpx:hr>
          </gpxtpx:TrackPointExtension>
        </extensions>
      </trkpt>
      <trkpt lat="40.00120994301771" lon="116.44646992433348">
        <ele>38.78833831939846</ele>
        <time>1970-01-01T00:23:19.200000Z</time>
        <extensions>
          <gpxtpx:TrackPointExtension>
            <gpxtpx:hr>163</gpxtpx:hr>
          </gpxtpx:TrackPointExtension>
        </extensions>
      </trkpt>
      <trkpt lat="40.00121663361315" lon="116.44650022644637">
        <ele>38.81672627851367</ele>
        <time>1970-01-01T00:23:20.200000Z</time>
        <extensions>
          <gpxtpx:TrackPointExtension>
            <gpxtpx:hr>163</gpxtpx:hr>
          </gpxtpx:TrackPointExtension>
        </extensions>
      </trkpt>
      <trkpt lat="40.0012250211417" lon="116.44653095532361">
        <ele>38.85240713134408</ele>
        <time>1970-01-01T00:23:21.200000Z</time>
        <extensions>
          <gpxtpx:TrackPointExtension>
            <gpxtpx:hr>163</gpxtpx:hr>
          </gpxtpx:TrackPointExtension>
        </extensions>
      </trkpt>
      <trkpt lat="40.00123479750912" lon="116.44656201124948">
        <ele>38.89499038178474</ele>
        <time>1970-01-01T00:23:22.200000Z</time>
        <extensions>
          <gpxtpx:TrackPointExtension>
            <gpxtpx:hr>163</gpxtpx:hr>
          </gpxtpx:TrackPointExtension>
        </extensions>
      </trkpt>
      <trkpt lat="40.00124522145981" lon="116.44659312399307">
        <ele>38.94401373900473</ele>
        <time>1970-01-01T00:23:23.200000Z</time>
        <extensions>
          <gpxtpx:TrackPointExtension>
            <gpxtpx:hr>163</gpxtpx:hr>
          </gpxtpx:TrackPointExtension>
        </extensions>
      </trkpt>
      <trkpt lat="40.001255294661064" lon="116.44662429479088">
        <ele>38.998536876402795</ele>
        <time>1970-01-01T00:23:24.200000Z</time>
        <extensions>
          <gpxtpx:TrackPointExtension>
            <gpxtpx:hr>163</gpxtpx:hr>
          </gpxtpx:TrackPointExtension>
        </extensions>
      </trkpt>
      <trkpt lat="40.00126448595641" lon="116.4466555332983">
        <ele>39.05645563453436</ele>
        <time>1970-01-01T00:23:25.200000Z</time>
        <extensions>
          <gpxtpx:TrackPointExtension>
            <gpxtpx:hr>163</gpxtpx:hr>
          </gpxtpx:TrackPointExtension>
        </extensions>
      </trkpt>
      <trkpt lat="40.00127276194945" lon="116.44668665740124">
        <ele>39.115731393918395</ele>
        <time>1970-01-01T00:23:26.200000Z</time>
        <extensions>
          <gpxtpx:TrackPointExtension>
            <gpxtpx:hr>163</gpxtpx:hr>
          </gpxtpx:TrackPointExtension>
        </extensions>
      </trkpt>
      <trkpt lat="40.00128019226032" lon="116.44671751957344">
        <ele>39.1751603865996</ele>
        <time>1970-01-01T00:23:27.200000Z</time>
        <extensions>
          <gpxtpx:TrackPointExtension>
            <gpxtpx:hr>163</gpxtpx:hr>
          </gpxtpx:TrackPointExtension>
        </extensions>
      </trkpt>
      <trkpt lat="40.00128705104011" lon="116.44674796830962">
        <ele>39.23176569677889</ele>
        <time>1970-01-01T00:23:28.200000Z</time>
        <extensions>
          <gpxtpx:TrackPointExtension>
            <gpxtpx:hr>163</gpxtpx:hr>
          </gpxtpx:TrackPointExtension>
        </extensions>
      </trkpt>
      <trkpt lat="40.00129343151464" lon="116.4467778490989">
        <ele>39.286193154752254</ele>
        <time>1970-01-01T00:23:29.200000Z</time>
        <extensions>
          <gpxtpx:TrackPointExtension>
            <gpxtpx:hr>163</gpxtpx:hr>
          </gpxtpx:TrackPointExtension>
        </extensions>
      </trkpt>
      <trkpt lat="40.001299410112885" lon="116.44680787402173">
        <ele>39.33701440971345</ele>
        <time>1970-01-01T00:23:30.200000Z</time>
        <extensions>
          <gpxtpx:TrackPointExtension>
            <gpxtpx:hr>163</gpxtpx:hr>
          </gpxtpx:TrackPointExtension>
        </extensions>
      </trkpt>
      <trkpt lat="40.00130510406032" lon="116.44683855363787">
        <ele>39.38307863846421</ele>
        <time>1970-01-01T00:23:31.200000Z</time>
        <extensions>
          <gpxtpx:TrackPointExtension>
            <gpxtpx:hr>163</gpxtpx:hr>
          </gpxtpx:TrackPointExtension>
        </extensions>
      </trkpt>
      <trkpt lat="40.001310550211514" lon="116.4468696998806">
        <ele>39.42392064165324</ele>
        <time>1970-01-01T00:23:32.200000Z</time>
        <extensions>
          <gpxtpx:TrackPointExtension>
            <gpxtpx:hr>163</gpxtpx:hr>
          </gpxtpx:TrackPointExtension>
        </extensions>
      </trkpt>
      <trkpt lat="40.00131596149114" lon="116.44690066955552">
        <ele>39.45750787295401</ele>
        <time>1970-01-01T00:23:33.200000Z</time>
        <extensions>
          <gpxtpx:TrackPointExtension>
            <gpxtpx:hr>163</gpxtpx:hr>
          </gpxtpx:TrackPointExtension>
        </extensions>
      </trkpt>
      <trkpt lat="40.001321650505446" lon="116.44693172264479">
        <ele>39.48449369240552</ele>
        <time>1970-01-01T00:23:34.200000Z</time>
        <extensions>
          <gpxtpx:TrackPointExtension>
            <gpxtpx:hr>163</gpxtpx:hr>
          </gpxtpx:TrackPointExtension>
        </extensions>
      </trkpt>
      <trkpt lat="40.001327569115816" lon="116.44696357024081">
        <ele>39.50420293956995</ele>
        <time>1970-01-01T00:23:35.200000Z</time>
        <extensions>
          <gpxtpx:TrackPointExtension>
            <gpxtpx:hr>162</gpxtpx:hr>
          </gpxtpx:TrackPointExtension>
        </extensions>
      </trkpt>
      <trkpt lat="40.00133346648628" lon="116.44699588277024">
        <ele>39.51787692960352</ele>
        <time>1970-01-01T00:23:36.200000Z</time>
        <extensions>
          <gpxtpx:TrackPointExtension>
            <gpxtpx:hr>162</gpxtpx:hr>
          </gpxtpx:TrackPointExtension>
        </extensions>
      </trkpt>
      <trkpt lat="40.00133901850286" lon="116.44702820550495">
        <ele>39.526027048006654</ele>
        <time>1970-01-01T00:23:37.200000Z</time>
        <extensions>
          <gpxtpx:TrackPointExtension>
            <gpxtpx:hr>162</gpxtpx:hr>
          </gpxtpx:TrackPointExtension>
        </extensions>
      </trkpt>
      <trkpt lat="40.00134398119109" lon="116.44706019615437">
        <ele>39.528019642457366</ele>
        <time>1970-01-01T00:23:38.200000Z</time>
        <extensions>
          <gpxtpx:TrackPointExtension>
            <gpxtpx:hr>162</gpxtpx:hr>
          </gpxtpx:TrackPointExtension>
        </extensions>
      </trkpt>
      <trkpt lat="40.001348284109504" lon="116.44709204346005">
        <ele>39.52527664694935</ele>
        <time>1970-01-01T00:23:39.200000Z</time>
        <extensions>
          <gpxtpx:TrackPointExtension>
            <gpxtpx:hr>162</gpxtpx:hr>
          </gpxtpx:TrackPointExtension>
        </extensions>
      </trkpt>
      <trkpt lat="40.001352008498316" lon="116.44712385069224">
        <ele>39.51758063863963</ele>
        <time>1970-01-01T00:23:40.200000Z</time>
        <extensions>
          <gpxtpx:TrackPointExtension>
            <gpxtpx:hr>162</gpxtpx:hr>
          </gpxtpx:TrackPointExtension>
        </extensions>
      </trkpt>
      <trkpt lat="40.00135546725022" lon="116.44715515751183">
        <ele>39.50514139048755</ele>
        <time>1970-01-01T00:23:41.200000Z</time>
        <extensions>
          <gpxtpx:TrackPointExtension>
            <gpxtpx:hr>162</gpxtpx:hr>
          </gpxtpx:TrackPointExtension>
        </extensions>
      </trkpt>
      <trkpt lat="40.00135919635097" lon="116.44718614335011">
        <ele>39.48825022671372</ele>
        <time>1970-01-01T00:23:42.200000Z</time>
        <extensions>
          <gpxtpx:TrackPointExtension>
            <gpxtpx:hr>162</gpxtpx:hr>
          </gpxtpx:TrackPointExtension>
        </extensions>
      </trkpt>
      <trkpt lat="40.00136369117744" lon="116.44721742716412">
        <ele>39.46719231456518</ele>
        <time>1970-01-01T00:23:43.200000Z</time>
        <extensions>
          <gpxtpx:TrackPointExtension>
            <gpxtpx:hr>162</gpxtpx:hr>
          </gpxtpx:TrackPointExtension>
        </extensions>
      </trkpt>
      <trkpt lat="40.001368932062654" lon="116.44724898500958">
        <ele>39.44373661465943</ele>
        <time>1970-01-01T00:23:44.200000Z</time>
        <extensions>
          <gpxtpx:TrackPointExtension>
            <gpxtpx:hr>162</gpxtpx:hr>
          </gpxtpx:TrackPointExtension>
        </extensions>
      </trkpt>
      <trkpt lat="40.00137438813264" lon="116.4472803751434">
        <ele>39.418595478869975</ele>
        <time>1970-01-01T00:23:45.200000Z</time>
        <extensions>
          <gpxtpx:TrackPointExtension>
            <gpxtpx:hr>162</gpxtpx:hr>
          </gpxtpx:TrackPointExtension>
        </extensions>
      </trkpt>
      <trkpt lat="40.001379670333215" lon="116.44731115403177">
        <ele>39.39163320045918</ele>
        <time>1970-01-01T00:23:46.200000Z</time>
        <extensions>
          <gpxtpx:TrackPointExtension>
            <gpxtpx:hr>162</gpxtpx:hr>
          </gpxtpx:TrackPointExtension>
        </extensions>
      </trkpt>
      <trkpt lat="40.00138466795076" lon="116.44734176545363">
        <ele>39.36315648071468</ele>
        <time>1970-01-01T00:23:47.200000Z</time>
        <extensions>
          <gpxtpx:TrackPointExtension>
            <gpxtpx:hr>162</gpxtpx:hr>
          </gpxtpx:TrackPointExtension>
        </extensions>
      </trkpt>
      <trkpt lat="40.00138929452956" lon="116.44737269904961">
        <ele>39.33189117256552</ele>
        <time>1970-01-01T00:23:48.200000Z</time>
        <extensions>
          <gpxtpx:TrackPointExtension>
            <gpxtpx:hr>162</gpxtpx:hr>
          </gpxtpx:TrackPointExtension>
        </extensions>
      </trkpt>
      <trkpt lat="40.00139331282207" lon="116.44740414303203">
        <ele>39.29978809133172</ele>
        <time>1970-01-01T00:23:49.200000Z</time>
        <extensions>
          <gpxtpx:TrackPointExtension>
            <gpxtpx:hr>162</gpxtpx:hr>
          </gpxtpx:TrackPointExtension>
        </extensions>
      </trkpt>
      <trkpt lat="40.0013965461854" lon="116.44743613657899">
        <ele>39.266449202783406</ele>
        <time>1970-01-01T00:23:50.200000Z</time>
        <extensions>
          <gpxtpx:TrackPointExtension>
            <gpxtpx:hr>162</gpxtpx:hr>
          </gpxtpx:TrackPointExtension>
        </extensions>
      </trkpt>
      <trkpt lat="40.00139892376182" lon="116.44746864126893">
        <ele>39.23360204510391</ele>
        <time>1970-01-01T00:23:51.200000Z</time>
        <extensions>
          <gpxtpx:TrackPointExtension>
            <gpxtpx:hr>162</gpxtpx:hr>
          </gpxtpx:TrackPointExtension>
        </extensions>
      </trkpt>
      <trkpt lat="40.0014004233959" lon="116.44750158434547">
        <ele>39.20250280480832</ele>
        <time>1970-01-01T00:23:52.200000Z</time>
        <extensions>
          <gpxtpx:TrackPointExtension>
            <gpxtpx:hr>162</gpxtpx:hr>
          </gpxtpx:TrackPointExtension>
        </extensions>
      </trkpt>
      <trkpt lat="40.00140168844444" lon="116.44753482167175">
        <ele>39.171953744255006</ele>
        <time>1970-01-01T00:23:53.200000Z</time>
        <extensions>
          <gpxtpx:TrackPointExtension>
            <gpxtpx:hr>162</gpxtpx:hr>
          </gpxtpx:TrackPointExtension>
        </extensions>
      </trkpt>
      <trkpt lat="40.001403378447726" lon="116.44756861426717">
        <ele>39.144735684618354</ele>
        <time>1970-01-01T00:23:54.200000Z</time>
        <extensions>
          <gpxtpx:TrackPointExtension>
            <gpxtpx:hr>162</gpxtpx:hr>
          </gpxtpx:TrackPointExtension>
        </extensions>
      </trkpt>
      <trkpt lat="40.001405369756924" lon="116.44760282747272">
        <ele>39.11924879718572</ele>
        <time>1970-01-01T00:23:55.200000Z</time>
        <extensions>
          <gpxtpx:TrackPointExtension>
            <gpxtpx:hr>162</gpxtpx:hr>
          </gpxtpx:TrackPointExtension>
        </extensions>
      </trkpt>
      <trkpt lat="40.001407636601755" lon="116.44763666290548">
        <ele>39.09708255250007</ele>
        <time>1970-01-01T00:23:56.200000Z</time>
        <extensions>
          <gpxtpx:TrackPointExtension>
            <gpxtpx:hr>162</gpxtpx:hr>
          </gpxtpx:TrackPointExtension>
        </extensions>
      </trkpt>
      <trkpt lat="40.00141057050524" lon="116.44766984988657">
        <ele>39.07805321365595</ele>
        <time>1970-01-01T00:23:57.200000Z</time>
        <extensions>
          <gpxtpx:TrackPointExtension>
            <gpxtpx:hr>162</gpxtpx:hr>
          </gpxtpx:TrackPointExtension>
        </extensions>
      </trkpt>
      <trkpt lat="40.001414631994145" lon="116.44770281389788">
        <ele>39.0618464211002</ele>
        <time>1970-01-01T00:23:58.200000Z</time>
        <extensions>
          <gpxtpx:TrackPointExtension>
            <gpxtpx:hr>162</gpxtpx:hr>
          </gpxtpx:TrackPointExtension>
        </extensions>
      </trkpt>
      <trkpt lat="40.001419741041005" lon="116.447735805192">
        <ele>39.04865086637437</ele>
        <time>1970-01-01T00:23:59.200000Z</time>
        <extensions>
          <gpxtpx:TrackPointExtension>
            <gpxtpx:hr>162</gpxtpx:hr>
          </gpxtpx:TrackPointExtension>
        </extensions>
      </trkpt>
      <trkpt lat="40.00142567250936" lon="116.44776863151198">
        <ele>39.03645237442106</ele>
        <time>1970-01-01T00:24:00.200000Z</time>
        <extensions>
          <gpxtpx:TrackPointExtension>
            <gpxtpx:hr>162</gpxtpx:hr>
          </gpxtpx:TrackPointExtension>
        </extensions>
      </trkpt>
      <trkpt lat="40.00143202575074" lon="116.44780065744922">
        <ele>39.02548687811941</ele>
        <time>1970-01-01T00:24:01.200000Z</time>
        <extensions>
          <gpxtpx:TrackPointExtension>
            <gpxtpx:hr>162</gpxtpx:hr>
          </gpxtpx:TrackPointExtension>
        </extensions>
      </trkpt>
      <trkpt lat="40.00143822032679" lon="116.4478313675664">
        <ele>39.014822179451585</ele>
        <time>1970-01-01T00:24:02.200000Z</time>
        <extensions>
          <gpxtpx:TrackPointExtension>
            <gpxtpx:hr>162</gpxtpx:hr>
          </gpxtpx:TrackPointExtension>
        </extensions>
      </trkpt>
      <trkpt lat="40.00144413748176" lon="116.44786100216977">
        <ele>39.00404137931764</ele>
        <time>1970-01-01T00:24:03.200000Z</time>
        <extensions>
          <gpxtpx:TrackPointExtension>
            <gpxtpx:hr>161</gpxtpx:hr>
          </gpxtpx:TrackPointExtension>
        </extensions>
      </trkpt>
      <trkpt lat="40.001450076136116" lon="116.4478908924258">
        <ele>38.99412163719535</ele>
        <time>1970-01-01T00:24:04.200000Z</time>
        <extensions>
          <gpxtpx:TrackPointExtension>
            <gpxtpx:hr>161</gpxtpx:hr>
          </gpxtpx:TrackPointExtension>
        </extensions>
      </trkpt>
      <trkpt lat="40.001456245373234" lon="116.44792181793495">
        <ele>38.98614883329719</ele>
        <time>1970-01-01T00:24:05.200000Z</time>
        <extensions>
          <gpxtpx:TrackPointExtension>
            <gpxtpx:hr>161</gpxtpx:hr>
          </gpxtpx:TrackPointExtension>
        </extensions>
      </trkpt>
      <trkpt lat="40.00146240452974" lon="116.44795260250338">
        <ele>38.979875390417874</ele>
        <time>1970-01-01T00:24:06.200000Z</time>
        <extensions>
          <gpxtpx:TrackPointExtension>
            <gpxtpx:hr>161</gpxtpx:hr>
          </gpxtpx:TrackPointExtension>
        </extensions>
      </trkpt>
      <trkpt lat="40.00146825486805" lon="116.44798201477236">
        <ele>38.977585814893246</ele>
        <time>1970-01-01T00:24:07.200000Z</time>
        <extensions>
          <gpxtpx:TrackPointExtension>
            <gpxtpx:hr>161</gpxtpx:hr>
          </gpxtpx:TrackPointExtension>
        </extensions>
      </trkpt>
      <trkpt lat="40.00147366204812" lon="116.44800974410946">
        <ele>38.97765387967229</ele>
        <time>1970-01-01T00:24:08.200000Z</time>
        <extensions>
          <gpxtpx:TrackPointExtension>
            <gpxtpx:hr>161</gpxtpx:hr>
          </gpxtpx:TrackPointExtension>
        </extensions>
      </trkpt>
      <trkpt lat="40.001479125467284" lon="116.44803762736298">
        <ele>38.98130504693836</ele>
        <time>1970-01-01T00:24:09.200000Z</time>
        <extensions>
          <gpxtpx:TrackPointExtension>
            <gpxtpx:hr>162</gpxtpx:hr>
          </gpxtpx:TrackPointExtension>
        </extensions>
      </trkpt>
      <trkpt lat="40.00148511280847" lon="116.44806694674509">
        <ele>38.987149115651846</ele>
        <time>1970-01-01T00:24:10.200000Z</time>
        <extensions>
          <gpxtpx:TrackPointExtension>
            <gpxtpx:hr>162</gpxtpx:hr>
          </gpxtpx:TrackPointExtension>
        </extensions>
      </trkpt>
      <trkpt lat="40.001491349577066" lon="116.44809739112495">
        <ele>38.99523034133017</ele>
        <time>1970-01-01T00:24:11.200000Z</time>
        <extensions>
          <gpxtpx:TrackPointExtension>
            <gpxtpx:hr>162</gpxtpx:hr>
          </gpxtpx:TrackPointExtension>
        </extensions>
      </trkpt>
      <trkpt lat="40.00149742215085" lon="116.44812859578838">
        <ele>39.006275120191276</ele>
        <time>1970-01-01T00:24:12.200000Z</time>
        <extensions>
          <gpxtpx:TrackPointExtension>
            <gpxtpx:hr>162</gpxtpx:hr>
          </gpxtpx:TrackPointExtension>
        </extensions>
      </trkpt>
      <trkpt lat="40.00150343741103" lon="116.44815976650085">
        <ele>39.019287621602416</ele>
        <time>1970-01-01T00:24:13.200000Z</time>
        <extensions>
          <gpxtpx:TrackPointExtension>
            <gpxtpx:hr>162</gpxtpx:hr>
          </gpxtpx:TrackPointExtension>
        </extensions>
      </trkpt>
      <trkpt lat="40.00150946896084" lon="116.44819033886">
        <ele>39.03558301087469</ele>
        <time>1970-01-01T00:24:14.200000Z</time>
        <extensions>
          <gpxtpx:TrackPointExtension>
            <gpxtpx:hr>162</gpxtpx:hr>
          </gpxtpx:TrackPointExtension>
        </extensions>
      </trkpt>
      <trkpt lat="40.0015153917241" lon="116.44822032624187">
        <ele>39.054588029161096</ele>
        <time>1970-01-01T00:24:15.200000Z</time>
        <extensions>
          <gpxtpx:TrackPointExtension>
            <gpxtpx:hr>161</gpxtpx:hr>
          </gpxtpx:TrackPointExtension>
        </extensions>
      </trkpt>
      <trkpt lat="40.001521238666605" lon="116.44825014148297">
        <ele>39.077547213062644</ele>
        <time>1970-01-01T00:24:16.200000Z</time>
        <extensions>
          <gpxtpx:TrackPointExtension>
            <gpxtpx:hr>161</gpxtpx:hr>
          </gpxtpx:TrackPointExtension>
        </extensions>
      </trkpt>
      <trkpt lat="40.00152708539809" lon="116.44827984762327">
        <ele>39.10419568885118</ele>
        <time>1970-01-01T00:24:17.200000Z</time>
        <extensions>
          <gpxtpx:TrackPointExtension>
            <gpxtpx:hr>161</gpxtpx:hr>
          </gpxtpx:TrackPointExtension>
        </extensions>
      </trkpt>
      <trkpt lat="40.001533308615045" lon="116.44830987718605">
        <ele>39.133420906960964</ele>
        <time>1970-01-01T00:24:18.200000Z</time>
        <extensions>
          <gpxtpx:TrackPointExtension>
            <gpxtpx:hr>161</gpxtpx:hr>
          </gpxtpx:TrackPointExtension>
        </extensions>
      </trkpt>
      <trkpt lat="40.00153994368796" lon="116.44834015054771">
        <ele>39.164945770055056</ele>
        <time>1970-01-01T00:24:19.200000Z</time>
        <extensions>
          <gpxtpx:TrackPointExtension>
            <gpxtpx:hr>162</gpxtpx:hr>
          </gpxtpx:TrackPointExtension>
        </extensions>
      </trkpt>
      <trkpt lat="40.001546635505065" lon="116.44837008761465">
        <ele>39.19727738108486</ele>
        <time>1970-01-01T00:24:20.200000Z</time>
        <extensions>
          <gpxtpx:TrackPointExtension>
            <gpxtpx:hr>162</gpxtpx:hr>
          </gpxtpx:TrackPointExtension>
        </extensions>
      </trkpt>
      <trkpt lat="40.00155280217971" lon="116.44839958159639">
        <ele>39.22941375896335</ele>
        <time>1970-01-01T00:24:21.200000Z</time>
        <extensions>
          <gpxtpx:TrackPointExtension>
            <gpxtpx:hr>162</gpxtpx:hr>
          </gpxtpx:TrackPointExtension>
        </extensions>
      </trkpt>
      <trkpt lat="40.00155809529183" lon="116.44842826816635">
        <ele>39.26066539622843</ele>
        <time>1970-01-01T00:24:22.200000Z</time>
        <extensions>
          <gpxtpx:TrackPointExtension>
            <gpxtpx:hr>162</gpxtpx:hr>
          </gpxtpx:TrackPointExtension>
        </extensions>
      </trkpt>
      <trkpt lat="40.00156308427869" lon="116.44845671628855">
        <ele>39.29042353387922</ele>
        <time>1970-01-01T00:24:23.200000Z</time>
        <extensions>
          <gpxtpx:TrackPointExtension>
            <gpxtpx:hr>162</gpxtpx:hr>
          </gpxtpx:TrackPointExtension>
        </extensions>
      </trkpt>
      <trkpt lat="40.00156824844742" lon="116.44848608854966">
        <ele>39.31805667094886</ele>
        <time>1970-01-01T00:24:24.200000Z</time>
        <extensions>
          <gpxtpx:TrackPointExtension>
            <gpxtpx:hr>160</gpxtpx:hr>
          </gpxtpx:TrackPointExtension>
        </extensions>
      </trkpt>
      <trkpt lat="40.00157376987593" lon="116.44851693089295">
        <ele>39.34443443082273</ele>
        <time>1970-01-01T00:24:25.200000Z</time>
        <extensions>
          <gpxtpx:TrackPointExtension>
            <gpxtpx:hr>160</gpxtpx:hr>
          </gpxtpx:TrackPointExtension>
        </extensions>
      </trkpt>
      <trkpt lat="40.00157954939951" lon="116.44854902909704">
        <ele>39.36863891966641</ele>
        <time>1970-01-01T00:24:26.200000Z</time>
        <extensions>
          <gpxtpx:TrackPointExtension>
            <gpxtpx:hr>160</gpxtpx:hr>
          </gpxtpx:TrackPointExtension>
        </extensions>
      </trkpt>
      <trkpt lat="40.001585516742956" lon="116.44858160095242">
        <ele>39.391720704734325</ele>
        <time>1970-01-01T00:24:27.200000Z</time>
        <extensions>
          <gpxtpx:TrackPointExtension>
            <gpxtpx:hr>160</gpxtpx:hr>
          </gpxtpx:TrackPointExtension>
        </extensions>
      </trkpt>
      <trkpt lat="40.00159174319375" lon="116.44861394834184">
        <ele>39.41321397200227</ele>
        <time>1970-01-01T00:24:28.200000Z</time>
        <extensions>
          <gpxtpx:TrackPointExtension>
            <gpxtpx:hr>160</gpxtpx:hr>
          </gpxtpx:TrackPointExtension>
        </extensions>
      </trkpt>
      <trkpt lat="40.00159834524346" lon="116.44864572573435">
        <ele>39.431462530978024</ele>
        <time>1970-01-01T00:24:29.200000Z</time>
        <extensions>
          <gpxtpx:TrackPointExtension>
            <gpxtpx:hr>160</gpxtpx:hr>
          </gpxtpx:TrackPointExtension>
        </extensions>
      </trkpt>
      <trkpt lat="40.00160531705029" lon="116.44867658972171">
        <ele>39.44677531067282</ele>
        <time>1970-01-01T00:24:30.200000Z</time>
        <extensions>
          <gpxtpx:TrackPointExtension>
            <gpxtpx:hr>160</gpxtpx:hr>
          </gpxtpx:TrackPointExtension>
        </extensions>
      </trkpt>
      <trkpt lat="40.0016126857654" lon="116.44870628570939">
        <ele>39.456536433659494</ele>
        <time>1970-01-01T00:24:31.200000Z</time>
        <extensions>
          <gpxtpx:TrackPointExtension>
            <gpxtpx:hr>160</gpxtpx:hr>
          </gpxtpx:TrackPointExtension>
        </extensions>
      </trkpt>
      <trkpt lat="40.00162087862057" lon="116.44873506794383">
        <ele>39.46158605348319</ele>
        <time>1970-01-01T00:24:32.200000Z</time>
        <extensions>
          <gpxtpx:TrackPointExtension>
            <gpxtpx:hr>160</gpxtpx:hr>
          </gpxtpx:TrackPointExtension>
        </extensions>
      </trkpt>
      <trkpt lat="40.00163034611489" lon="116.44876335948203">
        <ele>39.461228867061436</ele>
        <time>1970-01-01T00:24:33.200000Z</time>
        <extensions>
          <gpxtpx:TrackPointExtension>
            <gpxtpx:hr>160</gpxtpx:hr>
          </gpxtpx:TrackPointExtension>
        </extensions>
      </trkpt>
      <trkpt lat="40.001641393990056" lon="116.44879137463249">
        <ele>39.45534415822476</ele>
        <time>1970-01-01T00:24:34.200000Z</time>
        <extensions>
          <gpxtpx:TrackPointExtension>
            <gpxtpx:hr>160</gpxtpx:hr>
          </gpxtpx:TrackPointExtension>
        </extensions>
      </trkpt>
      <trkpt lat="40.00165399576472" lon="116.44881894817156">
        <ele>39.444407475180924</ele>
        <time>1970-01-01T00:24:35.200000Z</time>
        <extensions>
          <gpxtpx:TrackPointExtension>
            <gpxtpx:hr>161</gpxtpx:hr>
          </gpxtpx:TrackPointExtension>
        </extensions>
      </trkpt>
      <trkpt lat="40.001667472156655" lon="116.44884587282024">
        <ele>39.4268683930859</ele>
        <time>1970-01-01T00:24:36.200000Z</time>
        <extensions>
          <gpxtpx:TrackPointExtension>
            <gpxtpx:hr>161</gpxtpx:hr>
          </gpxtpx:TrackPointExtension>
        </extensions>
      </trkpt>
      <trkpt lat="40.00168101093754" lon="116.44887177097412">
        <ele>39.4046172844246</ele>
        <time>1970-01-01T00:24:37.200000Z</time>
        <extensions>
          <gpxtpx:TrackPointExtension>
            <gpxtpx:hr>161</gpxtpx:hr>
          </gpxtpx:TrackPointExtension>
        </extensions>
      </trkpt>
      <trkpt lat="40.00169429921882" lon="116.44889725674307">
        <ele>39.379058041609824</ele>
        <time>1970-01-01T00:24:38.200000Z</time>
        <extensions>
          <gpxtpx:TrackPointExtension>
            <gpxtpx:hr>161</gpxtpx:hr>
          </gpxtpx:TrackPointExtension>
        </extensions>
      </trkpt>
      <trkpt lat="40.001707048464255" lon="116.448923261421">
        <ele>39.35203284956515</ele>
        <time>1970-01-01T00:24:39.200000Z</time>
        <extensions>
          <gpxtpx:TrackPointExtension>
            <gpxtpx:hr>162</gpxtpx:hr>
          </gpxtpx:TrackPointExtension>
        </extensions>
      </trkpt>
      <trkpt lat="40.001718905313204" lon="116.4489505340476">
        <ele>39.32489694096148</ele>
        <time>1970-01-01T00:24:40.200000Z</time>
        <extensions>
          <gpxtpx:TrackPointExtension>
            <gpxtpx:hr>162</gpxtpx:hr>
          </gpxtpx:TrackPointExtension>
        </extensions>
      </trkpt>
      <trkpt lat="40.00172974616966" lon="116.44897947429439">
        <ele>39.2996869077906</ele>
        <time>1970-01-01T00:24:41.200000Z</time>
        <extensions>
          <gpxtpx:TrackPointExtension>
            <gpxtpx:hr>162</gpxtpx:hr>
          </gpxtpx:TrackPointExtension>
        </extensions>
      </trkpt>
      <trkpt lat="40.0017394760587" lon="116.44900964054415">
        <ele>39.274562732316554</ele>
        <time>1970-01-01T00:24:42.200000Z</time>
        <extensions>
          <gpxtpx:TrackPointExtension>
            <gpxtpx:hr>162</gpxtpx:hr>
          </gpxtpx:TrackPointExtension>
        </extensions>
      </trkpt>
      <trkpt lat="40.00174807377802" lon="116.44904074542613">
        <ele>39.24999811220914</ele>
        <time>1970-01-01T00:24:43.200000Z</time>
        <extensions>
          <gpxtpx:TrackPointExtension>
            <gpxtpx:hr>162</gpxtpx:hr>
          </gpxtpx:TrackPointExtension>
        </extensions>
      </trkpt>
      <trkpt lat="40.00175512715589" lon="116.4490722893351">
        <ele>39.2248840238899</ele>
        <time>1970-01-01T00:24:44.200000Z</time>
        <extensions>
          <gpxtpx:TrackPointExtension>
            <gpxtpx:hr>162</gpxtpx:hr>
          </gpxtpx:TrackPointExtension>
        </extensions>
      </trkpt>
      <trkpt lat="40.00176029658714" lon="116.44910387614027">
        <ele>39.1990318717435</ele>
        <time>1970-01-01T00:24:45.200000Z</time>
        <extensions>
          <gpxtpx:TrackPointExtension>
            <gpxtpx:hr>163</gpxtpx:hr>
          </gpxtpx:TrackPointExtension>
        </extensions>
      </trkpt>
      <trkpt lat="40.00176372686936" lon="116.4491356937426">
        <ele>39.172117406502366</ele>
        <time>1970-01-01T00:24:46.200000Z</time>
        <extensions>
          <gpxtpx:TrackPointExtension>
            <gpxtpx:hr>163</gpxtpx:hr>
          </gpxtpx:TrackPointExtension>
        </extensions>
      </trkpt>
      <trkpt lat="40.00176550410281" lon="116.44916779081527">
        <ele>39.144208800047636</ele>
        <time>1970-01-01T00:24:47.200000Z</time>
        <extensions>
          <gpxtpx:TrackPointExtension>
            <gpxtpx:hr>163</gpxtpx:hr>
          </gpxtpx:TrackPointExtension>
        </extensions>
      </trkpt>
      <trkpt lat="40.00176581534283" lon="116.44920015795628">
        <ele>39.11516839731485</ele>
        <time>1970-01-01T00:24:48.200000Z</time>
        <extensions>
          <gpxtpx:TrackPointExtension>
            <gpxtpx:hr>163</gpxtpx:hr>
          </gpxtpx:TrackPointExtension>
        </extensions>
      </trkpt>
      <trkpt lat="40.001765010050455" lon="116.44923270358707">
        <ele>39.08408890943974</ele>
        <time>1970-01-01T00:24:49.200000Z</time>
        <extensions>
          <gpxtpx:TrackPointExtension>
            <gpxtpx:hr>163</gpxtpx:hr>
          </gpxtpx:TrackPointExtension>
        </extensions>
      </trkpt>
      <trkpt lat="40.00176370779724" lon="116.44926527506956">
        <ele>39.05227892845869</ele>
        <time>1970-01-01T00:24:50.200000Z</time>
        <extensions>
          <gpxtpx:TrackPointExtension>
            <gpxtpx:hr>163</gpxtpx:hr>
          </gpxtpx:TrackPointExtension>
        </extensions>
      </trkpt>
      <trkpt lat="40.0017626604319" lon="116.44929742791184">
        <ele>39.0188155323267</ele>
        <time>1970-01-01T00:24:51.200000Z</time>
        <extensions>
          <gpxtpx:TrackPointExtension>
            <gpxtpx:hr>163</gpxtpx:hr>
          </gpxtpx:TrackPointExtension>
        </extensions>
      </trkpt>
      <trkpt lat="40.00176219903684" lon="116.44932867151252">
        <ele>38.98446789570153</ele>
        <time>1970-01-01T00:24:52.200000Z</time>
        <extensions>
          <gpxtpx:TrackPointExtension>
            <gpxtpx:hr>163</gpxtpx:hr>
          </gpxtpx:TrackPointExtension>
        </extensions>
      </trkpt>
      <trkpt lat="40.001762473693695" lon="116.4493589406902">
        <ele>38.94919434282929</ele>
        <time>1970-01-01T00:24:53.200000Z</time>
        <extensions>
          <gpxtpx:TrackPointExtension>
            <gpxtpx:hr>163</gpxtpx:hr>
          </gpxtpx:TrackPointExtension>
        </extensions>
      </trkpt>
      <trkpt lat="40.001763860856975" lon="116.44938867864242">
        <ele>38.915021227672696</ele>
        <time>1970-01-01T00:24:54.200000Z</time>
        <extensions>
          <gpxtpx:TrackPointExtension>
            <gpxtpx:hr>163</gpxtpx:hr>
          </gpxtpx:TrackPointExtension>
        </extensions>
      </trkpt>
      <trkpt lat="40.0017666814807" lon="116.44941824466291">
        <ele>38.88103036675602</ele>
        <time>1970-01-01T00:24:55.200000Z</time>
        <extensions>
          <gpxtpx:TrackPointExtension>
            <gpxtpx:hr>163</gpxtpx:hr>
          </gpxtpx:TrackPointExtension>
        </extensions>
      </trkpt>
      <trkpt lat="40.00177116972911" lon="116.4494480179626">
        <ele>38.84738271962851</ele>
        <time>1970-01-01T00:24:56.200000Z</time>
        <extensions>
          <gpxtpx:TrackPointExtension>
            <gpxtpx:hr>163</gpxtpx:hr>
          </gpxtpx:TrackPointExtension>
        </extensions>
      </trkpt>
      <trkpt lat="40.00177745869648" lon="116.44947832130762">
        <ele>38.814189392142</ele>
        <time>1970-01-01T00:24:57.200000Z</time>
        <extensions>
          <gpxtpx:TrackPointExtension>
            <gpxtpx:hr>163</gpxtpx:hr>
          </gpxtpx:TrackPointExtension>
        </extensions>
      </trkpt>
      <trkpt lat="40.00178527723094" lon="116.44950956824846">
        <ele>38.78141729161143</ele>
        <time>1970-01-01T00:24:58.200000Z</time>
        <extensions>
          <gpxtpx:TrackPointExtension>
            <gpxtpx:hr>163</gpxtpx:hr>
          </gpxtpx:TrackPointExtension>
        </extensions>
      </trkpt>
      <trkpt lat="40.001794065529516" lon="116.44954191597678">
        <ele>38.74836888629943</ele>
        <time>1970-01-01T00:24:59.200000Z</time>
        <extensions>
          <gpxtpx:TrackPointExtension>
            <gpxtpx:hr>163</gpxtpx:hr>
          </gpxtpx:TrackPointExtension>
        </extensions>
      </trkpt>
      <trkpt lat="40.00180340434032" lon="116.4495749328413">
        <ele>38.71713277697563</ele>
        <time>1970-01-01T00:25:00.200000Z</time>
        <extensions>
          <gpxtpx:TrackPointExtension>
            <gpxtpx:hr>163</gpxtpx:hr>
          </gpxtpx:TrackPointExtension>
        </extensions>
      </trkpt>
      <trkpt lat="40.00181304028649" lon="116.4496080633312">
        <ele>38.68450041953474</ele>
        <time>1970-01-01T00:25:01.200000Z</time>
        <extensions>
          <gpxtpx:TrackPointExtension>
            <gpxtpx:hr>161</gpxtpx:hr>
          </gpxtpx:TrackPointExtension>
        </extensions>
      </trkpt>
      <trkpt lat="40.0018228241433" lon="116.44964065194189">
        <ele>38.65187154337764</ele>
        <time>1970-01-01T00:25:02.200000Z</time>
        <extensions>
          <gpxtpx:TrackPointExtension>
            <gpxtpx:hr>161</gpxtpx:hr>
          </gpxtpx:TrackPointExtension>
        </extensions>
      </trkpt>
      <trkpt lat="40.00183254650496" lon="116.449672202847">
        <ele>38.61834090668708</ele>
        <time>1970-01-01T00:25:03.200000Z</time>
        <extensions>
          <gpxtpx:TrackPointExtension>
            <gpxtpx:hr>161</gpxtpx:hr>
          </gpxtpx:TrackPointExtension>
        </extensions>
      </trkpt>
      <trkpt lat="40.001842155022345" lon="116.44970261991716">
        <ele>38.58416227530688</ele>
        <time>1970-01-01T00:25:04.200000Z</time>
        <extensions>
          <gpxtpx:TrackPointExtension>
            <gpxtpx:hr>161</gpxtpx:hr>
          </gpxtpx:TrackPointExtension>
        </extensions>
      </trkpt>
      <trkpt lat="40.0018519017723" lon="116.44973189568097">
        <ele>38.55061364546418</ele>
        <time>1970-01-01T00:25:05.200000Z</time>
        <extensions>
          <gpxtpx:TrackPointExtension>
            <gpxtpx:hr>162</gpxtpx:hr>
          </gpxtpx:TrackPointExtension>
        </extensions>
      </trkpt>
      <trkpt lat="40.00186225154745" lon="116.44976024318659">
        <ele>38.516576920636</ele>
        <time>1970-01-01T00:25:06.200000Z</time>
        <extensions>
          <gpxtpx:TrackPointExtension>
            <gpxtpx:hr>162</gpxtpx:hr>
          </gpxtpx:TrackPointExtension>
        </extensions>
      </trkpt>
      <trkpt lat="40.00187307629989" lon="116.44978830723201">
        <ele>38.48389428667724</ele>
        <time>1970-01-01T00:25:07.200000Z</time>
        <extensions>
          <gpxtpx:TrackPointExtension>
            <gpxtpx:hr>162</gpxtpx:hr>
          </gpxtpx:TrackPointExtension>
        </extensions>
      </trkpt>
      <trkpt lat="40.00188336084902" lon="116.44981673512241">
        <ele>38.45104088820517</ele>
        <time>1970-01-01T00:25:08.200000Z</time>
        <extensions>
          <gpxtpx:TrackPointExtension>
            <gpxtpx:hr>160</gpxtpx:hr>
          </gpxtpx:TrackPointExtension>
        </extensions>
      </trkpt>
      <trkpt lat="40.00189272570988" lon="116.4498456987758">
        <ele>38.42084525153041</ele>
        <time>1970-01-01T00:25:09.200000Z</time>
        <extensions>
          <gpxtpx:TrackPointExtension>
            <gpxtpx:hr>160</gpxtpx:hr>
          </gpxtpx:TrackPointExtension>
        </extensions>
      </trkpt>
      <trkpt lat="40.00190153370269" lon="116.44987500817473">
        <ele>38.39339318871498</ele>
        <time>1970-01-01T00:25:10.200000Z</time>
        <extensions>
          <gpxtpx:TrackPointExtension>
            <gpxtpx:hr>160</gpxtpx:hr>
          </gpxtpx:TrackPointExtension>
        </extensions>
      </trkpt>
      <trkpt lat="40.00191029111293" lon="116.44990451481007">
        <ele>38.36892044916749</ele>
        <time>1970-01-01T00:25:11.200000Z</time>
        <extensions>
          <gpxtpx:TrackPointExtension>
            <gpxtpx:hr>160</gpxtpx:hr>
          </gpxtpx:TrackPointExtension>
        </extensions>
      </trkpt>
      <trkpt lat="40.00191927406827" lon="116.44993399707275">
        <ele>38.348848812282085</ele>
        <time>1970-01-01T00:25:12.200000Z</time>
        <extensions>
          <gpxtpx:TrackPointExtension>
            <gpxtpx:hr>160</gpxtpx:hr>
          </gpxtpx:TrackPointExtension>
        </extensions>
      </trkpt>
      <trkpt lat="40.001928498146185" lon="116.44996337407835">
        <ele>38.331373675726354</ele>
        <time>1970-01-01T00:25:13.200000Z</time>
        <extensions>
          <gpxtpx:TrackPointExtension>
            <gpxtpx:hr>160</gpxtpx:hr>
          </gpxtpx:TrackPointExtension>
        </extensions>
      </trkpt>
      <trkpt lat="40.00193815148158" lon="116.44999258577833">
        <ele>38.31791523192078</ele>
        <time>1970-01-01T00:25:14.200000Z</time>
        <extensions>
          <gpxtpx:TrackPointExtension>
            <gpxtpx:hr>160</gpxtpx:hr>
          </gpxtpx:TrackPointExtension>
        </extensions>
      </trkpt>
      <trkpt lat="40.001948406578585" lon="116.45002149811835">
        <ele>38.30792227014899</ele>
        <time>1970-01-01T00:25:15.200000Z</time>
        <extensions>
          <gpxtpx:TrackPointExtension>
            <gpxtpx:hr>160</gpxtpx:hr>
          </gpxtpx:TrackPointExtension>
        </extensions>
      </trkpt>
      <trkpt lat="40.001959324847505" lon="116.45005001933002">
        <ele>38.30157404579222</ele>
        <time>1970-01-01T00:25:16.200000Z</time>
        <extensions>
          <gpxtpx:TrackPointExtension>
            <gpxtpx:hr>160</gpxtpx:hr>
          </gpxtpx:TrackPointExtension>
        </extensions>
      </trkpt>
      <trkpt lat="40.001970928011104" lon="116.45007821815783">
        <ele>38.30262252315879</ele>
        <time>1970-01-01T00:25:17.200000Z</time>
        <extensions>
          <gpxtpx:TrackPointExtension>
            <gpxtpx:hr>160</gpxtpx:hr>
          </gpxtpx:TrackPointExtension>
        </extensions>
      </trkpt>
      <trkpt lat="40.00198314381028" lon="116.45010611564248">
        <ele>38.30791268590838</ele>
        <time>1970-01-01T00:25:18.200000Z</time>
        <extensions>
          <gpxtpx:TrackPointExtension>
            <gpxtpx:hr>160</gpxtpx:hr>
          </gpxtpx:TrackPointExtension>
        </extensions>
      </trkpt>
      <trkpt lat="40.001995832647715" lon="116.4501338694699">
        <ele>38.313808045350015</ele>
        <time>1970-01-01T00:25:19.200000Z</time>
        <extensions>
          <gpxtpx:TrackPointExtension>
            <gpxtpx:hr>160</gpxtpx:hr>
          </gpxtpx:TrackPointExtension>
        </extensions>
      </trkpt>
      <trkpt lat="40.002008839737414" lon="116.45016178953668">
        <ele>38.325879437848926</ele>
        <time>1970-01-01T00:25:20.200000Z</time>
        <extensions>
          <gpxtpx:TrackPointExtension>
            <gpxtpx:hr>160</gpxtpx:hr>
          </gpxtpx:TrackPointExtension>
        </extensions>
      </trkpt>
      <trkpt lat="40.00202209316773" lon="116.45019043825951">
        <ele>38.33318492397666</ele>
        <time>1970-01-01T00:25:21.200000Z</time>
        <extensions>
          <gpxtpx:TrackPointExtension>
            <gpxtpx:hr>160</gpxtpx:hr>
          </gpxtpx:TrackPointExtension>
        </extensions>
      </trkpt>
      <trkpt lat="40.00203550941873" lon="116.45022000543972">
        <ele>38.34214158542454</ele>
        <time>1970-01-01T00:25:22.200000Z</time>
        <extensions>
          <gpxtpx:TrackPointExtension>
            <gpxtpx:hr>160</gpxtpx:hr>
          </gpxtpx:TrackPointExtension>
        </extensions>
      </trkpt>
      <trkpt lat="40.00204897802437" lon="116.4502500188408">
        <ele>38.3484810302034</ele>
        <time>1970-01-01T00:25:23.200000Z</time>
        <extensions>
          <gpxtpx:TrackPointExtension>
            <gpxtpx:hr>160</gpxtpx:hr>
          </gpxtpx:TrackPointExtension>
        </extensions>
      </trkpt>
      <trkpt lat="40.00206242567172" lon="116.4502799901709">
        <ele>38.35278075374663</ele>
        <time>1970-01-01T00:25:24.200000Z</time>
        <extensions>
          <gpxtpx:TrackPointExtension>
            <gpxtpx:hr>160</gpxtpx:hr>
          </gpxtpx:TrackPointExtension>
        </extensions>
      </trkpt>
      <trkpt lat="40.00207578500813" lon="116.4503098206909">
        <ele>38.35414972342551</ele>
        <time>1970-01-01T00:25:25.200000Z</time>
        <extensions>
          <gpxtpx:TrackPointExtension>
            <gpxtpx:hr>160</gpxtpx:hr>
          </gpxtpx:TrackPointExtension>
        </extensions>
      </trkpt>
      <trkpt lat="40.00208898521437" lon="116.45033944908164">
        <ele>38.35230221319944</ele>
        <time>1970-01-01T00:25:26.200000Z</time>
        <extensions>
          <gpxtpx:TrackPointExtension>
            <gpxtpx:hr>160</gpxtpx:hr>
          </gpxtpx:TrackPointExtension>
        </extensions>
      </trkpt>
      <trkpt lat="40.002101945565" lon="116.45036852757994">
        <ele>38.34617736656219</ele>
        <time>1970-01-01T00:25:27.200000Z</time>
        <extensions>
          <gpxtpx:TrackPointExtension>
            <gpxtpx:hr>160</gpxtpx:hr>
          </gpxtpx:TrackPointExtension>
        </extensions>
      </trkpt>
      <trkpt lat="40.00211462371025" lon="116.45039678934907">
        <ele>38.33661689143628</ele>
        <time>1970-01-01T00:25:28.200000Z</time>
        <extensions>
          <gpxtpx:TrackPointExtension>
            <gpxtpx:hr>160</gpxtpx:hr>
          </gpxtpx:TrackPointExtension>
        </extensions>
      </trkpt>
      <trkpt lat="40.002127166228995" lon="116.45042440868447">
        <ele>38.32410772237927</ele>
        <time>1970-01-01T00:25:29.200000Z</time>
        <extensions>
          <gpxtpx:TrackPointExtension>
            <gpxtpx:hr>160</gpxtpx:hr>
          </gpxtpx:TrackPointExtension>
        </extensions>
      </trkpt>
      <trkpt lat="40.002139827327795" lon="116.4504519574493">
        <ele>38.30810672044754</ele>
        <time>1970-01-01T00:25:30.200000Z</time>
        <extensions>
          <gpxtpx:TrackPointExtension>
            <gpxtpx:hr>160</gpxtpx:hr>
          </gpxtpx:TrackPointExtension>
        </extensions>
      </trkpt>
      <trkpt lat="40.002152610118706" lon="116.45047969699979">
        <ele>38.28850400261581</ele>
        <time>1970-01-01T00:25:31.200000Z</time>
        <extensions>
          <gpxtpx:TrackPointExtension>
            <gpxtpx:hr>160</gpxtpx:hr>
          </gpxtpx:TrackPointExtension>
        </extensions>
      </trkpt>
      <trkpt lat="40.002165582136485" lon="116.45050704029408">
        <ele>38.26541843917221</ele>
        <time>1970-01-01T00:25:32.200000Z</time>
        <extensions>
          <gpxtpx:TrackPointExtension>
            <gpxtpx:hr>160</gpxtpx:hr>
          </gpxtpx:TrackPointExtension>
        </extensions>
      </trkpt>
      <trkpt lat="40.00217898474915" lon="116.45053333591127">
        <ele>38.239248101599514</ele>
        <time>1970-01-01T00:25:33.200000Z</time>
        <extensions>
          <gpxtpx:TrackPointExtension>
            <gpxtpx:hr>160</gpxtpx:hr>
          </gpxtpx:TrackPointExtension>
        </extensions>
      </trkpt>
      <trkpt lat="40.00219249591757" lon="116.45055891753745">
        <ele>38.21119851153344</ele>
        <time>1970-01-01T00:25:34.200000Z</time>
        <extensions>
          <gpxtpx:TrackPointExtension>
            <gpxtpx:hr>161</gpxtpx:hr>
          </gpxtpx:TrackPointExtension>
        </extensions>
      </trkpt>
      <trkpt lat="40.002205866470185" lon="116.45058464799486">
        <ele>38.18233631551266</ele>
        <time>1970-01-01T00:25:35.200000Z</time>
        <extensions>
          <gpxtpx:TrackPointExtension>
            <gpxtpx:hr>161</gpxtpx:hr>
          </gpxtpx:TrackPointExtension>
        </extensions>
      </trkpt>
      <trkpt lat="40.00221923045548" lon="116.45061096049739">
        <ele>38.15369145013392</ele>
        <time>1970-01-01T00:25:36.200000Z</time>
        <extensions>
          <gpxtpx:TrackPointExtension>
            <gpxtpx:hr>161</gpxtpx:hr>
          </gpxtpx:TrackPointExtension>
        </extensions>
      </trkpt>
      <trkpt lat="40.002232539459044" lon="116.45063751616432">
        <ele>38.1260313205421</ele>
        <time>1970-01-01T00:25:37.200000Z</time>
        <extensions>
          <gpxtpx:TrackPointExtension>
            <gpxtpx:hr>161</gpxtpx:hr>
          </gpxtpx:TrackPointExtension>
        </extensions>
      </trkpt>
      <trkpt lat="40.00224572435323" lon="116.45066388499106">
        <ele>38.099723195657134</ele>
        <time>1970-01-01T00:25:38.200000Z</time>
        <extensions>
          <gpxtpx:TrackPointExtension>
            <gpxtpx:hr>161</gpxtpx:hr>
          </gpxtpx:TrackPointExtension>
        </extensions>
      </trkpt>
      <trkpt lat="40.00225873359282" lon="116.45068988825578">
        <ele>38.074832391925156</ele>
        <time>1970-01-01T00:25:39.200000Z</time>
        <extensions>
          <gpxtpx:TrackPointExtension>
            <gpxtpx:hr>161</gpxtpx:hr>
          </gpxtpx:TrackPointExtension>
        </extensions>
      </trkpt>
      <trkpt lat="40.00227165355916" lon="116.45071599050144">
        <ele>38.05124840233475</ele>
        <time>1970-01-01T00:25:40.200000Z</time>
        <extensions>
          <gpxtpx:TrackPointExtension>
            <gpxtpx:hr>161</gpxtpx:hr>
          </gpxtpx:TrackPointExtension>
        </extensions>
      </trkpt>
      <trkpt lat="40.00228474992649" lon="116.45074256122496">
        <ele>38.02884314581752</ele>
        <time>1970-01-01T00:25:41.200000Z</time>
        <extensions>
          <gpxtpx:TrackPointExtension>
            <gpxtpx:hr>161</gpxtpx:hr>
          </gpxtpx:TrackPointExtension>
        </extensions>
      </trkpt>
      <trkpt lat="40.00229807591922" lon="116.4507691515628">
        <ele>38.007839845493436</ele>
        <time>1970-01-01T00:25:42.200000Z</time>
        <extensions>
          <gpxtpx:TrackPointExtension>
            <gpxtpx:hr>161</gpxtpx:hr>
          </gpxtpx:TrackPointExtension>
        </extensions>
      </trkpt>
      <trkpt lat="40.00231140470381" lon="116.45079543174646">
        <ele>37.98882357496768</ele>
        <time>1970-01-01T00:25:43.200000Z</time>
        <extensions>
          <gpxtpx:TrackPointExtension>
            <gpxtpx:hr>162</gpxtpx:hr>
          </gpxtpx:TrackPointExtension>
        </extensions>
      </trkpt>
      <trkpt lat="40.00232453423785" lon="116.45082162597662">
        <ele>37.9723513610661</ele>
        <time>1970-01-01T00:25:44.200000Z</time>
        <extensions>
          <gpxtpx:TrackPointExtension>
            <gpxtpx:hr>162</gpxtpx:hr>
          </gpxtpx:TrackPointExtension>
        </extensions>
      </trkpt>
      <trkpt lat="40.00233723863378" lon="116.45084788604586">
        <ele>37.958681873977184</ele>
        <time>1970-01-01T00:25:45.200000Z</time>
        <extensions>
          <gpxtpx:TrackPointExtension>
            <gpxtpx:hr>162</gpxtpx:hr>
          </gpxtpx:TrackPointExtension>
        </extensions>
      </trkpt>
      <trkpt lat="40.002349528337724" lon="116.45087405337415">
        <ele>37.94781440217048</ele>
        <time>1970-01-01T00:25:46.200000Z</time>
        <extensions>
          <gpxtpx:TrackPointExtension>
            <gpxtpx:hr>162</gpxtpx:hr>
          </gpxtpx:TrackPointExtension>
        </extensions>
      </trkpt>
      <trkpt lat="40.002361505345505" lon="116.45090012430059">
        <ele>37.93962128832936</ele>
        <time>1970-01-01T00:25:47.200000Z</time>
        <extensions>
          <gpxtpx:TrackPointExtension>
            <gpxtpx:hr>162</gpxtpx:hr>
          </gpxtpx:TrackPointExtension>
        </extensions>
      </trkpt>
      <trkpt lat="40.002373258541496" lon="116.4509260363556">
        <ele>37.933909439481795</ele>
        <time>1970-01-01T00:25:48.200000Z</time>
        <extensions>
          <gpxtpx:TrackPointExtension>
            <gpxtpx:hr>162</gpxtpx:hr>
          </gpxtpx:TrackPointExtension>
        </extensions>
      </trkpt>
      <trkpt lat="40.00238473730869" lon="116.4509517589403">
        <ele>37.93046849966049</ele>
        <time>1970-01-01T00:25:49.200000Z</time>
        <extensions>
          <gpxtpx:TrackPointExtension>
            <gpxtpx:hr>162</gpxtpx:hr>
          </gpxtpx:TrackPointExtension>
        </extensions>
      </trkpt>
      <trkpt lat="40.002395918364265" lon="116.45097729199729">
        <ele>37.9290522178635</ele>
        <time>1970-01-01T00:25:50.200000Z</time>
        <extensions>
          <gpxtpx:TrackPointExtension>
            <gpxtpx:hr>162</gpxtpx:hr>
          </gpxtpx:TrackPointExtension>
        </extensions>
      </trkpt>
      <trkpt lat="40.002406895148496" lon="116.451003043743">
        <ele>37.92935101315379</ele>
        <time>1970-01-01T00:25:51.200000Z</time>
        <extensions>
          <gpxtpx:TrackPointExtension>
            <gpxtpx:hr>162</gpxtpx:hr>
          </gpxtpx:TrackPointExtension>
        </extensions>
      </trkpt>
      <trkpt lat="40.00241769658173" lon="116.45102923584177">
        <ele>37.931247886270285</ele>
        <time>1970-01-01T00:25:52.200000Z</time>
        <extensions>
          <gpxtpx:TrackPointExtension>
            <gpxtpx:hr>162</gpxtpx:hr>
          </gpxtpx:TrackPointExtension>
        </extensions>
      </trkpt>
      <trkpt lat="40.00242829869366" lon="116.45105548778932">
        <ele>37.93463922571391</ele>
        <time>1970-01-01T00:25:53.200000Z</time>
        <extensions>
          <gpxtpx:TrackPointExtension>
            <gpxtpx:hr>162</gpxtpx:hr>
          </gpxtpx:TrackPointExtension>
        </extensions>
      </trkpt>
      <trkpt lat="40.00243872367851" lon="116.4510816493424">
        <ele>37.93936252500862</ele>
        <time>1970-01-01T00:25:54.200000Z</time>
        <extensions>
          <gpxtpx:TrackPointExtension>
            <gpxtpx:hr>162</gpxtpx:hr>
          </gpxtpx:TrackPointExtension>
        </extensions>
      </trkpt>
      <trkpt lat="40.002449015894506" lon="116.45110769926939">
        <ele>37.94533831439912</ele>
        <time>1970-01-01T00:25:55.200000Z</time>
        <extensions>
          <gpxtpx:TrackPointExtension>
            <gpxtpx:hr>162</gpxtpx:hr>
          </gpxtpx:TrackPointExtension>
        </extensions>
      </trkpt>
      <trkpt lat="40.002459239805845" lon="116.45113371466408">
        <ele>37.952649507671595</ele>
        <time>1970-01-01T00:25:56.200000Z</time>
        <extensions>
          <gpxtpx:TrackPointExtension>
            <gpxtpx:hr>162</gpxtpx:hr>
          </gpxtpx:TrackPointExtension>
        </extensions>
      </trkpt>
      <trkpt lat="40.00246946343699" lon="116.45115981142075">
        <ele>37.961762075312436</ele>
        <time>1970-01-01T00:25:57.200000Z</time>
        <extensions>
          <gpxtpx:TrackPointExtension>
            <gpxtpx:hr>162</gpxtpx:hr>
          </gpxtpx:TrackPointExtension>
        </extensions>
      </trkpt>
      <trkpt lat="40.002479767350565" lon="116.45118615726965">
        <ele>37.97331187874079</ele>
        <time>1970-01-01T00:25:58.200000Z</time>
        <extensions>
          <gpxtpx:TrackPointExtension>
            <gpxtpx:hr>162</gpxtpx:hr>
          </gpxtpx:TrackPointExtension>
        </extensions>
      </trkpt>
      <trkpt lat="40.002490222832655" lon="116.45121290665165">
        <ele>37.98789586126804</ele>
        <time>1970-01-01T00:25:59.200000Z</time>
        <extensions>
          <gpxtpx:TrackPointExtension>
            <gpxtpx:hr>162</gpxtpx:hr>
          </gpxtpx:TrackPointExtension>
        </extensions>
      </trkpt>
      <trkpt lat="40.00250080007525" lon="116.45123995972624">
        <ele>38.005808915011585</ele>
        <time>1970-01-01T00:26:00.200000Z</time>
        <extensions>
          <gpxtpx:TrackPointExtension>
            <gpxtpx:hr>162</gpxtpx:hr>
          </gpxtpx:TrackPointExtension>
        </extensions>
      </trkpt>
      <trkpt lat="40.002511477214696" lon="116.45126724112704">
        <ele>38.02713060658425</ele>
        <time>1970-01-01T00:26:01.200000Z</time>
        <extensions>
          <gpxtpx:TrackPointExtension>
            <gpxtpx:hr>162</gpxtpx:hr>
          </gpxtpx:TrackPointExtension>
        </extensions>
      </trkpt>
      <trkpt lat="40.00252230377224" lon="116.45129486003593">
        <ele>38.05193765088916</ele>
        <time>1970-01-01T00:26:02.200000Z</time>
        <extensions>
          <gpxtpx:TrackPointExtension>
            <gpxtpx:hr>162</gpxtpx:hr>
          </gpxtpx:TrackPointExtension>
        </extensions>
      </trkpt>
      <trkpt lat="40.00253349149501" lon="116.45132334091372">
        <ele>38.080314942635596</ele>
        <time>1970-01-01T00:26:03.200000Z</time>
        <extensions>
          <gpxtpx:TrackPointExtension>
            <gpxtpx:hr>162</gpxtpx:hr>
          </gpxtpx:TrackPointExtension>
        </extensions>
      </trkpt>
      <trkpt lat="40.00254529980966" lon="116.45135332321868">
        <ele>38.11234567966312</ele>
        <time>1970-01-01T00:26:04.200000Z</time>
        <extensions>
          <gpxtpx:TrackPointExtension>
            <gpxtpx:hr>162</gpxtpx:hr>
          </gpxtpx:TrackPointExtension>
        </extensions>
      </trkpt>
      <trkpt lat="40.002557819659074" lon="116.4513850015709">
        <ele>38.147606558166444</ele>
        <time>1970-01-01T00:26:05.200000Z</time>
        <extensions>
          <gpxtpx:TrackPointExtension>
            <gpxtpx:hr>162</gpxtpx:hr>
          </gpxtpx:TrackPointExtension>
        </extensions>
      </trkpt>
      <trkpt lat="40.00257073725737" lon="116.45141751204937">
        <ele>38.18467027042061</ele>
        <time>1970-01-01T00:26:06.200000Z</time>
        <extensions>
          <gpxtpx:TrackPointExtension>
            <gpxtpx:hr>162</gpxtpx:hr>
          </gpxtpx:TrackPointExtension>
        </extensions>
      </trkpt>
      <trkpt lat="40.00258343864135" lon="116.45144919338098">
        <ele>38.220553300343454</ele>
        <time>1970-01-01T00:26:07.200000Z</time>
        <extensions>
          <gpxtpx:TrackPointExtension>
            <gpxtpx:hr>162</gpxtpx:hr>
          </gpxtpx:TrackPointExtension>
        </extensions>
      </trkpt>
      <trkpt lat="40.002595549602724" lon="116.45147896889888">
        <ele>38.25069557595998</ele>
        <time>1970-01-01T00:26:08.200000Z</time>
        <extensions>
          <gpxtpx:TrackPointExtension>
            <gpxtpx:hr>162</gpxtpx:hr>
          </gpxtpx:TrackPointExtension>
        </extensions>
      </trkpt>
      <trkpt lat="40.00260705512272" lon="116.45150668031515">
        <ele>38.26999757066369</ele>
        <time>1970-01-01T00:26:09.200000Z</time>
        <extensions>
          <gpxtpx:TrackPointExtension>
            <gpxtpx:hr>162</gpxtpx:hr>
          </gpxtpx:TrackPointExtension>
        </extensions>
      </trkpt>
      <trkpt lat="40.00261806139437" lon="116.45153250058019">
        <ele>38.27269701752812</ele>
        <time>1970-01-01T00:26:10.200000Z</time>
        <extensions>
          <gpxtpx:TrackPointExtension>
            <gpxtpx:hr>161</gpxtpx:hr>
          </gpxtpx:TrackPointExtension>
        </extensions>
      </trkpt>
      <trkpt lat="40.00262874403619" lon="116.45155677407159">
        <ele>38.255062345415354</ele>
        <time>1970-01-01T00:26:11.200000Z</time>
        <extensions>
          <gpxtpx:TrackPointExtension>
            <gpxtpx:hr>161</gpxtpx:hr>
          </gpxtpx:TrackPointExtension>
        </extensions>
      </trkpt>
      <trkpt lat="40.00263937650264" lon="116.45157997864656">
        <ele>38.219025660306215</ele>
        <time>1970-01-01T00:26:12.200000Z</time>
        <extensions>
          <gpxtpx:TrackPointExtension>
            <gpxtpx:hr>161</gpxtpx:hr>
          </gpxtpx:TrackPointExtension>
        </extensions>
      </trkpt>
      <trkpt lat="40.002650273844274" lon="116.45160260601673">
        <ele>38.17303624935448</ele>
        <time>1970-01-01T00:26:13.200000Z</time>
        <extensions>
          <gpxtpx:TrackPointExtension>
            <gpxtpx:hr>161</gpxtpx:hr>
          </gpxtpx:TrackPointExtension>
        </extensions>
      </trkpt>
      <trkpt lat="40.002661711653126" lon="116.45162507609756">
        <ele>38.13157832343131</ele>
        <time>1970-01-01T00:26:14.200000Z</time>
        <extensions>
          <gpxtpx:TrackPointExtension>
            <gpxtpx:hr>161</gpxtpx:hr>
          </gpxtpx:TrackPointExtension>
        </extensions>
      </trkpt>
      <trkpt lat="40.00267392161099" lon="116.45164773129817">
        <ele>38.10781882982701</ele>
        <time>1970-01-01T00:26:15.200000Z</time>
        <extensions>
          <gpxtpx:TrackPointExtension>
            <gpxtpx:hr>163</gpxtpx:hr>
          </gpxtpx:TrackPointExtension>
        </extensions>
      </trkpt>
      <trkpt lat="40.00268709617897" lon="116.45167084663426">
        <ele>38.10756788495928</ele>
        <time>1970-01-01T00:26:16.200000Z</time>
        <extensions>
          <gpxtpx:TrackPointExtension>
            <gpxtpx:hr>163</gpxtpx:hr>
          </gpxtpx:TrackPointExtension>
        </extensions>
      </trkpt>
      <trkpt lat="40.002701386182146" lon="116.45169462503">
        <ele>38.12834810744971</ele>
        <time>1970-01-01T00:26:17.200000Z</time>
        <extensions>
          <gpxtpx:TrackPointExtension>
            <gpxtpx:hr>163</gpxtpx:hr>
          </gpxtpx:TrackPointExtension>
        </extensions>
      </trkpt>
      <trkpt lat="40.002716857625565" lon="116.45171919357234">
        <ele>38.16096131224185</ele>
        <time>1970-01-01T00:26:18.200000Z</time>
        <extensions>
          <gpxtpx:TrackPointExtension>
            <gpxtpx:hr>163</gpxtpx:hr>
          </gpxtpx:TrackPointExtension>
        </extensions>
      </trkpt>
      <trkpt lat="40.002733485397194" lon="116.45174459671294">
        <ele>38.19643125217408</ele>
        <time>1970-01-01T00:26:19.200000Z</time>
        <extensions>
          <gpxtpx:TrackPointExtension>
            <gpxtpx:hr>163</gpxtpx:hr>
          </gpxtpx:TrackPointExtension>
        </extensions>
      </trkpt>
      <trkpt lat="40.00274249170644" lon="116.45175805832366">
        <ele>38.21462988294661</ele>
        <time>1970-01-01T00:26:19.800000Z</time>
        <extensions>
          <gpxtpx:TrackPointExtension>
            <gpxtpx:hr>163</gpxtpx:hr>
          </gpxtpx:TrackPointExtension>
        </extensions>
      </trkpt>
      <trkpt lat="40.00289160324019" lon="116.45198363660916">
        <ele>38.31944940984249</ele>
        <time>1970-01-01T00:26:27.700000Z</time>
        <extensions>
          <gpxtpx:TrackPointExtension>
            <gpxtpx:hr>162</gpxtpx:hr>
          </gpxtpx:TrackPointExtension>
        </extensions>
      </trkpt>
      <trkpt lat="40.00291131895716" lon="116.45201457946564">
        <ele>38.310082654468715</ele>
        <time>1970-01-01T00:26:28.700000Z</time>
        <extensions>
          <gpxtpx:TrackPointExtension>
            <gpxtpx:hr>162</gpxtpx:hr>
          </gpxtpx:TrackPointExtension>
        </extensions>
      </trkpt>
      <trkpt lat="40.00292239974848" lon="116.4520324852271">
        <ele>38.303815309889615</ele>
        <time>1970-01-01T00:26:29.300000Z</time>
        <extensions>
          <gpxtpx:TrackPointExtension>
            <gpxtpx:hr>162</gpxtpx:hr>
          </gpxtpx:TrackPointExtension>
        </extensions>
      </trkpt>
      <trkpt lat="40.00294090147837" lon="116.45206271470671">
        <ele>38.29135141707957</ele>
        <time>1970-01-01T00:26:30.300000Z</time>
        <extensions>
          <gpxtpx:TrackPointExtension>
            <gpxtpx:hr>163</gpxtpx:hr>
          </gpxtpx:TrackPointExtension>
        </extensions>
      </trkpt>
      <trkpt lat="40.00295886798371" lon="116.45209194818817">
        <ele>38.27742091473192</ele>
        <time>1970-01-01T00:26:31.300000Z</time>
        <extensions>
          <gpxtpx:TrackPointExtension>
            <gpxtpx:hr>163</gpxtpx:hr>
          </gpxtpx:TrackPointExtension>
        </extensions>
      </trkpt>
      <trkpt lat="40.00297699914565" lon="116.45212064232399">
        <ele>38.26329267863184</ele>
        <time>1970-01-01T00:26:32.300000Z</time>
        <extensions>
          <gpxtpx:TrackPointExtension>
            <gpxtpx:hr>163</gpxtpx:hr>
          </gpxtpx:TrackPointExtension>
        </extensions>
      </trkpt>
      <trkpt lat="40.00299573457553" lon="116.45214869409077">
        <ele>38.25003615394235</ele>
        <time>1970-01-01T00:26:33.300000Z</time>
        <extensions>
          <gpxtpx:TrackPointExtension>
            <gpxtpx:hr>163</gpxtpx:hr>
          </gpxtpx:TrackPointExtension>
        </extensions>
      </trkpt>
      <trkpt lat="40.00301518924847" lon="116.45217546819575">
        <ele>38.237797369249165</ele>
        <time>1970-01-01T00:26:34.300000Z</time>
        <extensions>
          <gpxtpx:TrackPointExtension>
            <gpxtpx:hr>163</gpxtpx:hr>
          </gpxtpx:TrackPointExtension>
        </extensions>
      </trkpt>
      <trkpt lat="40.00303511824193" lon="116.45220006329231">
        <ele>38.22674902435392</ele>
        <time>1970-01-01T00:26:35.300000Z</time>
        <extensions>
          <gpxtpx:TrackPointExtension>
            <gpxtpx:hr>163</gpxtpx:hr>
          </gpxtpx:TrackPointExtension>
        </extensions>
      </trkpt>
      <trkpt lat="40.00305504079955" lon="116.45222204810698">
        <ele>38.2169081736356</ele>
        <time>1970-01-01T00:26:36.300000Z</time>
        <extensions>
          <gpxtpx:TrackPointExtension>
            <gpxtpx:hr>163</gpxtpx:hr>
          </gpxtpx:TrackPointExtension>
        </extensions>
      </trkpt>
      <trkpt lat="40.00307491632269" lon="116.45224186807468">
        <ele>38.207840168848634</ele>
        <time>1970-01-01T00:26:37.300000Z</time>
        <extensions>
          <gpxtpx:TrackPointExtension>
            <gpxtpx:hr>163</gpxtpx:hr>
          </gpxtpx:TrackPointExtension>
        </extensions>
      </trkpt>
      <trkpt lat="40.003095265006635" lon="116.45226036417948">
        <ele>38.19985128007829</ele>
        <time>1970-01-01T00:26:38.300000Z</time>
        <extensions>
          <gpxtpx:TrackPointExtension>
            <gpxtpx:hr>163</gpxtpx:hr>
          </gpxtpx:TrackPointExtension>
        </extensions>
      </trkpt>
      <trkpt lat="40.003116263075704" lon="116.45227823377883">
        <ele>38.1919483076781</ele>
        <time>1970-01-01T00:26:39.300000Z</time>
        <extensions>
          <gpxtpx:TrackPointExtension>
            <gpxtpx:hr>163</gpxtpx:hr>
          </gpxtpx:TrackPointExtension>
        </extensions>
      </trkpt>
      <trkpt lat="40.003137596267294" lon="116.4522965115902">
        <ele>38.18428996577859</ele>
        <time>1970-01-01T00:26:40.300000Z</time>
        <extensions>
          <gpxtpx:TrackPointExtension>
            <gpxtpx:hr>163</gpxtpx:hr>
          </gpxtpx:TrackPointExtension>
        </extensions>
      </trkpt>
      <trkpt lat="40.003158536777555" lon="116.45231623928605">
        <ele>38.17681446671486</ele>
        <time>1970-01-01T00:26:41.300000Z</time>
        <extensions>
          <gpxtpx:TrackPointExtension>
            <gpxtpx:hr>164</gpxtpx:hr>
          </gpxtpx:TrackPointExtension>
        </extensions>
      </trkpt>
      <trkpt lat="40.003178386040176" lon="116.45233828765247">
        <ele>38.169839933514595</ele>
        <time>1970-01-01T00:26:42.300000Z</time>
        <extensions>
          <gpxtpx:TrackPointExtension>
            <gpxtpx:hr>164</gpxtpx:hr>
          </gpxtpx:TrackPointExtension>
        </extensions>
      </trkpt>
      <trkpt lat="40.003196802598126" lon="116.4523629823999">
        <ele>38.16405669320375</ele>
        <time>1970-01-01T00:26:43.300000Z</time>
        <extensions>
          <gpxtpx:TrackPointExtension>
            <gpxtpx:hr>164</gpxtpx:hr>
          </gpxtpx:TrackPointExtension>
        </extensions>
      </trkpt>
      <trkpt lat="40.003213881584394" lon="116.45238981032215">
        <ele>38.160003806464374</ele>
        <time>1970-01-01T00:26:44.300000Z</time>
        <extensions>
          <gpxtpx:TrackPointExtension>
            <gpxtpx:hr>164</gpxtpx:hr>
          </gpxtpx:TrackPointExtension>
        </extensions>
      </trkpt>
      <trkpt lat="40.003230279017636" lon="116.45241790899075">
        <ele>38.158310434781015</ele>
        <time>1970-01-01T00:26:45.300000Z</time>
        <extensions>
          <gpxtpx:TrackPointExtension>
            <gpxtpx:hr>164</gpxtpx:hr>
          </gpxtpx:TrackPointExtension>
        </extensions>
      </trkpt>
      <trkpt lat="40.00324651931616" lon="116.45244633594336">
        <ele>38.15944893471897</ele>
        <time>1970-01-01T00:26:46.300000Z</time>
        <extensions>
          <gpxtpx:TrackPointExtension>
            <gpxtpx:hr>164</gpxtpx:hr>
          </gpxtpx:TrackPointExtension>
        </extensions>
      </trkpt>
      <trkpt lat="40.003262565482764" lon="116.45247414263389">
        <ele>38.16360771935433</ele>
        <time>1970-01-01T00:26:47.300000Z</time>
        <extensions>
          <gpxtpx:TrackPointExtension>
            <gpxtpx:hr>164</gpxtpx:hr>
          </gpxtpx:TrackPointExtension>
        </extensions>
      </trkpt>
      <trkpt lat="40.00327830091415" lon="116.45250034004252">
        <ele>38.17150289658457</ele>
        <time>1970-01-01T00:26:48.300000Z</time>
        <extensions>
          <gpxtpx:TrackPointExtension>
            <gpxtpx:hr>164</gpxtpx:hr>
          </gpxtpx:TrackPointExtension>
        </extensions>
      </trkpt>
      <trkpt lat="40.003294357100835" lon="116.45252467938325">
        <ele>38.18230504076928</ele>
        <time>1970-01-01T00:26:49.300000Z</time>
        <extensions>
          <gpxtpx:TrackPointExtension>
            <gpxtpx:hr>164</gpxtpx:hr>
          </gpxtpx:TrackPointExtension>
        </extensions>
      </trkpt>
      <trkpt lat="40.003311614447504" lon="116.45254714853971">
        <ele>38.19539977423847</ele>
        <time>1970-01-01T00:26:50.300000Z</time>
        <extensions>
          <gpxtpx:TrackPointExtension>
            <gpxtpx:hr>165</gpxtpx:hr>
          </gpxtpx:TrackPointExtension>
        </extensions>
      </trkpt>
      <trkpt lat="40.00332995105936" lon="116.45256768200178">
        <ele>38.20981973037124</ele>
        <time>1970-01-01T00:26:51.300000Z</time>
        <extensions>
          <gpxtpx:TrackPointExtension>
            <gpxtpx:hr>165</gpxtpx:hr>
          </gpxtpx:TrackPointExtension>
        </extensions>
      </trkpt>
      <trkpt lat="40.00334855683833" lon="116.45258613226818">
        <ele>38.22527770139277</ele>
        <time>1970-01-01T00:26:52.300000Z</time>
        <extensions>
          <gpxtpx:TrackPointExtension>
            <gpxtpx:hr>165</gpxtpx:hr>
          </gpxtpx:TrackPointExtension>
        </extensions>
      </trkpt>
      <trkpt lat="40.00336672601316" lon="116.4526024472432">
        <ele>38.24265199434012</ele>
        <time>1970-01-01T00:26:53.300000Z</time>
        <extensions>
          <gpxtpx:TrackPointExtension>
            <gpxtpx:hr>165</gpxtpx:hr>
          </gpxtpx:TrackPointExtension>
        </extensions>
      </trkpt>
      <trkpt lat="40.003384064999686" lon="116.45261688793506">
        <ele>38.26193205360323</ele>
        <time>1970-01-01T00:26:54.300000Z</time>
        <extensions>
          <gpxtpx:TrackPointExtension>
            <gpxtpx:hr>165</gpxtpx:hr>
          </gpxtpx:TrackPointExtension>
        </extensions>
      </trkpt>
      <trkpt lat="40.00340059221946" lon="116.45263030285874">
        <ele>38.28629458975047</ele>
        <time>1970-01-01T00:26:55.300000Z</time>
        <extensions>
          <gpxtpx:TrackPointExtension>
            <gpxtpx:hr>165</gpxtpx:hr>
          </gpxtpx:TrackPointExtension>
        </extensions>
      </trkpt>
      <trkpt lat="40.00341628536846" lon="116.45264378625261">
        <ele>38.315621386282146</ele>
        <time>1970-01-01T00:26:56.300000Z</time>
        <extensions>
          <gpxtpx:TrackPointExtension>
            <gpxtpx:hr>165</gpxtpx:hr>
          </gpxtpx:TrackPointExtension>
        </extensions>
      </trkpt>
      <trkpt lat="40.00343181914019" lon="116.45265901858396">
        <ele>38.35143295209855</ele>
        <time>1970-01-01T00:26:57.300000Z</time>
        <extensions>
          <gpxtpx:TrackPointExtension>
            <gpxtpx:hr>165</gpxtpx:hr>
          </gpxtpx:TrackPointExtension>
        </extensions>
      </trkpt>
      <trkpt lat="40.00344771505563" lon="116.4526775588153">
        <ele>38.39287086762488</ele>
        <time>1970-01-01T00:26:58.300000Z</time>
        <extensions>
          <gpxtpx:TrackPointExtension>
            <gpxtpx:hr>166</gpxtpx:hr>
          </gpxtpx:TrackPointExtension>
        </extensions>
      </trkpt>
      <trkpt lat="40.00346374580726" lon="116.45270019788414">
        <ele>38.440475488081574</ele>
        <time>1970-01-01T00:26:59.300000Z</time>
        <extensions>
          <gpxtpx:TrackPointExtension>
            <gpxtpx:hr>166</gpxtpx:hr>
          </gpxtpx:TrackPointExtension>
        </extensions>
      </trkpt>
      <trkpt lat="40.00347984116699" lon="116.45272615880168">
        <ele>38.493810505606234</ele>
        <time>1970-01-01T00:27:00.300000Z</time>
        <extensions>
          <gpxtpx:TrackPointExtension>
            <gpxtpx:hr>166</gpxtpx:hr>
          </gpxtpx:TrackPointExtension>
        </extensions>
      </trkpt>
      <trkpt lat="40.00349590340118" lon="116.45275343233833">
        <ele>38.55191530287266</ele>
        <time>1970-01-01T00:27:01.300000Z</time>
        <extensions>
          <gpxtpx:TrackPointExtension>
            <gpxtpx:hr>166</gpxtpx:hr>
          </gpxtpx:TrackPointExtension>
        </extensions>
      </trkpt>
      <trkpt lat="40.0035122831217" lon="116.45278040970135">
        <ele>38.61413785908371</ele>
        <time>1970-01-01T00:27:02.300000Z</time>
        <extensions>
          <gpxtpx:TrackPointExtension>
            <gpxtpx:hr>166</gpxtpx:hr>
          </gpxtpx:TrackPointExtension>
        </extensions>
      </trkpt>
      <trkpt lat="40.00352926599367" lon="116.45280600216411">
        <ele>38.678528738208115</ele>
        <time>1970-01-01T00:27:03.300000Z</time>
        <extensions>
          <gpxtpx:TrackPointExtension>
            <gpxtpx:hr>165</gpxtpx:hr>
          </gpxtpx:TrackPointExtension>
        </extensions>
      </trkpt>
      <trkpt lat="40.003546052460436" lon="116.45283032499789">
        <ele>38.74320302344859</ele>
        <time>1970-01-01T00:27:04.300000Z</time>
        <extensions>
          <gpxtpx:TrackPointExtension>
            <gpxtpx:hr>165</gpxtpx:hr>
          </gpxtpx:TrackPointExtension>
        </extensions>
      </trkpt>
      <trkpt lat="40.00356156764723" lon="116.45285440664072">
        <ele>38.80566594470292</ele>
        <time>1970-01-01T00:27:05.300000Z</time>
        <extensions>
          <gpxtpx:TrackPointExtension>
            <gpxtpx:hr>165</gpxtpx:hr>
          </gpxtpx:TrackPointExtension>
        </extensions>
      </trkpt>
      <trkpt lat="40.00357537767312" lon="116.45287862013116">
        <ele>38.8631648812443</ele>
        <time>1970-01-01T00:27:06.300000Z</time>
        <extensions>
          <gpxtpx:TrackPointExtension>
            <gpxtpx:hr>165</gpxtpx:hr>
          </gpxtpx:TrackPointExtension>
        </extensions>
      </trkpt>
      <trkpt lat="40.00358795432094" lon="116.45290396038921">
        <ele>38.913908602669835</ele>
        <time>1970-01-01T00:27:07.300000Z</time>
        <extensions>
          <gpxtpx:TrackPointExtension>
            <gpxtpx:hr>165</gpxtpx:hr>
          </gpxtpx:TrackPointExtension>
        </extensions>
      </trkpt>
      <trkpt lat="40.00359991477492" lon="116.45293152456652">
        <ele>38.95664362516254</ele>
        <time>1970-01-01T00:27:08.300000Z</time>
        <extensions>
          <gpxtpx:TrackPointExtension>
            <gpxtpx:hr>165</gpxtpx:hr>
          </gpxtpx:TrackPointExtension>
        </extensions>
      </trkpt>
      <trkpt lat="40.00361158667554" lon="116.4529610963436">
        <ele>38.99069849494845</ele>
        <time>1970-01-01T00:27:09.300000Z</time>
        <extensions>
          <gpxtpx:TrackPointExtension>
            <gpxtpx:hr>164</gpxtpx:hr>
          </gpxtpx:TrackPointExtension>
        </extensions>
      </trkpt>
      <trkpt lat="40.00362366139335" lon="116.45299166500655">
        <ele>39.0156266503036</ele>
        <time>1970-01-01T00:27:10.300000Z</time>
        <extensions>
          <gpxtpx:TrackPointExtension>
            <gpxtpx:hr>164</gpxtpx:hr>
          </gpxtpx:TrackPointExtension>
        </extensions>
      </trkpt>
      <trkpt lat="40.00363666457559" lon="116.45302154598377">
        <ele>39.030083927325904</ele>
        <time>1970-01-01T00:27:11.300000Z</time>
        <extensions>
          <gpxtpx:TrackPointExtension>
            <gpxtpx:hr>164</gpxtpx:hr>
          </gpxtpx:TrackPointExtension>
        </extensions>
      </trkpt>
      <trkpt lat="40.00365058208151" lon="116.45304962239197">
        <ele>39.034379763528705</ele>
        <time>1970-01-01T00:27:12.300000Z</time>
        <extensions>
          <gpxtpx:TrackPointExtension>
            <gpxtpx:hr>164</gpxtpx:hr>
          </gpxtpx:TrackPointExtension>
        </extensions>
      </trkpt>
      <trkpt lat="40.00366523781454" lon="116.45307555734593">
        <ele>39.0286935409531</ele>
        <time>1970-01-01T00:27:13.300000Z</time>
        <extensions>
          <gpxtpx:TrackPointExtension>
            <gpxtpx:hr>164</gpxtpx:hr>
          </gpxtpx:TrackPointExtension>
        </extensions>
      </trkpt>
      <trkpt lat="40.003680420466026" lon="116.45309966957488">
        <ele>39.01453480590135</ele>
        <time>1970-01-01T00:27:14.300000Z</time>
        <extensions>
          <gpxtpx:TrackPointExtension>
            <gpxtpx:hr>164</gpxtpx:hr>
          </gpxtpx:TrackPointExtension>
        </extensions>
      </trkpt>
      <trkpt lat="40.00369583152592" lon="116.45312224472742">
        <ele>38.99315956700593</ele>
        <time>1970-01-01T00:27:15.300000Z</time>
        <extensions>
          <gpxtpx:TrackPointExtension>
            <gpxtpx:hr>164</gpxtpx:hr>
          </gpxtpx:TrackPointExtension>
        </extensions>
      </trkpt>
      <trkpt lat="40.00371153518738" lon="116.45314394948498">
        <ele>38.96622394770384</ele>
        <time>1970-01-01T00:27:16.300000Z</time>
        <extensions>
          <gpxtpx:TrackPointExtension>
            <gpxtpx:hr>164</gpxtpx:hr>
          </gpxtpx:TrackPointExtension>
        </extensions>
      </trkpt>
      <trkpt lat="40.00372776993304" lon="116.45316553236096">
        <ele>38.93495888821781</ele>
        <time>1970-01-01T00:27:17.300000Z</time>
        <extensions>
          <gpxtpx:TrackPointExtension>
            <gpxtpx:hr>164</gpxtpx:hr>
          </gpxtpx:TrackPointExtension>
        </extensions>
      </trkpt>
      <trkpt lat="40.0037446337379" lon="116.45318765586708">
        <ele>38.90064393635839</ele>
        <time>1970-01-01T00:27:18.300000Z</time>
        <extensions>
          <gpxtpx:TrackPointExtension>
            <gpxtpx:hr>164</gpxtpx:hr>
          </gpxtpx:TrackPointExtension>
        </extensions>
      </trkpt>
      <trkpt lat="40.00376218509477" lon="116.45321126431243">
        <ele>38.864811710081995</ele>
        <time>1970-01-01T00:27:19.300000Z</time>
        <extensions>
          <gpxtpx:TrackPointExtension>
            <gpxtpx:hr>164</gpxtpx:hr>
          </gpxtpx:TrackPointExtension>
        </extensions>
      </trkpt>
      <trkpt lat="40.00378017674087" lon="116.45323686816421">
        <ele>38.82845146674663</ele>
        <time>1970-01-01T00:27:20.300000Z</time>
        <extensions>
          <gpxtpx:TrackPointExtension>
            <gpxtpx:hr>164</gpxtpx:hr>
          </gpxtpx:TrackPointExtension>
        </extensions>
      </trkpt>
      <trkpt lat="40.00379819009202" lon="116.45326398886175">
        <ele>38.79417414031923</ele>
        <time>1970-01-01T00:27:21.300000Z</time>
        <extensions>
          <gpxtpx:TrackPointExtension>
            <gpxtpx:hr>164</gpxtpx:hr>
          </gpxtpx:TrackPointExtension>
        </extensions>
      </trkpt>
      <trkpt lat="40.003816146658295" lon="116.45329157566083">
        <ele>38.76450718380511</ele>
        <time>1970-01-01T00:27:22.300000Z</time>
        <extensions>
          <gpxtpx:TrackPointExtension>
            <gpxtpx:hr>164</gpxtpx:hr>
          </gpxtpx:TrackPointExtension>
        </extensions>
      </trkpt>
      <trkpt lat="40.00383377008628" lon="116.453318918352">
        <ele>38.74325752258301</ele>
        <time>1970-01-01T00:27:23.300000Z</time>
        <extensions>
          <gpxtpx:TrackPointExtension>
            <gpxtpx:hr>164</gpxtpx:hr>
          </gpxtpx:TrackPointExtension>
        </extensions>
      </trkpt>
      <trkpt lat="40.003850373084575" lon="116.45334610851788">
        <ele>38.734242242760956</ele>
        <time>1970-01-01T00:27:24.300000Z</time>
        <extensions>
          <gpxtpx:TrackPointExtension>
            <gpxtpx:hr>165</gpxtpx:hr>
          </gpxtpx:TrackPointExtension>
        </extensions>
      </trkpt>
      <trkpt lat="40.003865652953" lon="116.45337348360223">
        <ele>38.74097167421132</ele>
        <time>1970-01-01T00:27:25.300000Z</time>
        <extensions>
          <gpxtpx:TrackPointExtension>
            <gpxtpx:hr>165</gpxtpx:hr>
          </gpxtpx:TrackPointExtension>
        </extensions>
      </trkpt>
      <trkpt lat="40.00387971943323" lon="116.45340123752096">
        <ele>38.76576228439808</ele>
        <time>1970-01-01T00:27:26.300000Z</time>
        <extensions>
          <gpxtpx:TrackPointExtension>
            <gpxtpx:hr>165</gpxtpx:hr>
          </gpxtpx:TrackPointExtension>
        </extensions>
      </trkpt>
      <trkpt lat="40.00389268624259" lon="116.45342928910793">
        <ele>38.810190461575985</ele>
        <time>1970-01-01T00:27:27.300000Z</time>
        <extensions>
          <gpxtpx:TrackPointExtension>
            <gpxtpx:hr>165</gpxtpx:hr>
          </gpxtpx:TrackPointExtension>
        </extensions>
      </trkpt>
      <trkpt lat="40.00390507902694" lon="116.45345710400748">
        <ele>38.873982469551265</ele>
        <time>1970-01-01T00:27:28.300000Z</time>
        <extensions>
          <gpxtpx:TrackPointExtension>
            <gpxtpx:hr>165</gpxtpx:hr>
          </gpxtpx:TrackPointExtension>
        </extensions>
      </trkpt>
      <trkpt lat="40.003918026615025" lon="116.45348450831519">
        <ele>38.956204066984355</ele>
        <time>1970-01-01T00:27:29.300000Z</time>
        <extensions>
          <gpxtpx:TrackPointExtension>
            <gpxtpx:hr>165</gpxtpx:hr>
          </gpxtpx:TrackPointExtension>
        </extensions>
      </trkpt>
      <trkpt lat="40.00393219848942" lon="116.45351161313056">
        <ele>39.05482689477503</ele>
        <time>1970-01-01T00:27:30.300000Z</time>
        <extensions>
          <gpxtpx:TrackPointExtension>
            <gpxtpx:hr>165</gpxtpx:hr>
          </gpxtpx:TrackPointExtension>
        </extensions>
      </trkpt>
      <trkpt lat="40.003947036237804" lon="116.45353818632255">
        <ele>39.16750671621412</ele>
        <time>1970-01-01T00:27:31.300000Z</time>
        <extensions>
          <gpxtpx:TrackPointExtension>
            <gpxtpx:hr>165</gpxtpx:hr>
          </gpxtpx:TrackPointExtension>
        </extensions>
      </trkpt>
      <trkpt lat="40.00396183788576" lon="116.4535640020271">
        <ele>39.29079786594957</ele>
        <time>1970-01-01T00:27:32.300000Z</time>
        <extensions>
          <gpxtpx:TrackPointExtension>
            <gpxtpx:hr>165</gpxtpx:hr>
          </gpxtpx:TrackPointExtension>
        </extensions>
      </trkpt>
      <trkpt lat="40.003975892233036" lon="116.45358805177324">
        <ele>39.41999403107911</ele>
        <time>1970-01-01T00:27:33.300000Z</time>
        <extensions>
          <gpxtpx:TrackPointExtension>
            <gpxtpx:hr>165</gpxtpx:hr>
          </gpxtpx:TrackPointExtension>
        </extensions>
      </trkpt>
      <trkpt lat="40.00398859560289" lon="116.4536096057158">
        <ele>39.5493662180379</ele>
        <time>1970-01-01T00:27:34.300000Z</time>
        <extensions>
          <gpxtpx:TrackPointExtension>
            <gpxtpx:hr>165</gpxtpx:hr>
          </gpxtpx:TrackPointExtension>
        </extensions>
      </trkpt>
      <trkpt lat="40.00399996632151" lon="116.45362903468602">
        <ele>39.67260928452015</ele>
        <time>1970-01-01T00:27:35.300000Z</time>
        <extensions>
          <gpxtpx:TrackPointExtension>
            <gpxtpx:hr>165</gpxtpx:hr>
          </gpxtpx:TrackPointExtension>
        </extensions>
      </trkpt>
      <trkpt lat="40.00401088783924" lon="116.45364792802934">
        <ele>39.78408074565232</ele>
        <time>1970-01-01T00:27:36.300000Z</time>
        <extensions>
          <gpxtpx:TrackPointExtension>
            <gpxtpx:hr>165</gpxtpx:hr>
          </gpxtpx:TrackPointExtension>
        </extensions>
      </trkpt>
      <trkpt lat="40.004022676087374" lon="116.45366839384806">
        <ele>39.87937925476581</ele>
        <time>1970-01-01T00:27:37.300000Z</time>
        <extensions>
          <gpxtpx:TrackPointExtension>
            <gpxtpx:hr>165</gpxtpx:hr>
          </gpxtpx:TrackPointExtension>
        </extensions>
      </trkpt>
      <trkpt lat="40.00403612466691" lon="116.45369159372744">
        <ele>39.9555515088141</ele>
        <time>1970-01-01T00:27:38.300000Z</time>
        <extensions>
          <gpxtpx:TrackPointExtension>
            <gpxtpx:hr>166</gpxtpx:hr>
          </gpxtpx:TrackPointExtension>
        </extensions>
      </trkpt>
      <trkpt lat="40.00405144933076" lon="116.45371802204417">
        <ele>40.01116688270122</ele>
        <time>1970-01-01T00:27:39.300000Z</time>
        <extensions>
          <gpxtpx:TrackPointExtension>
            <gpxtpx:hr>166</gpxtpx:hr>
          </gpxtpx:TrackPointExtension>
        </extensions>
      </trkpt>
      <trkpt lat="40.00406836256513" lon="116.45374746608375">
        <ele>40.046406861394644</ele>
        <time>1970-01-01T00:27:40.300000Z</time>
        <extensions>
          <gpxtpx:TrackPointExtension>
            <gpxtpx:hr>166</gpxtpx:hr>
          </gpxtpx:TrackPointExtension>
        </extensions>
      </trkpt>
      <trkpt lat="40.004086215797805" lon="116.45377902385357">
        <ele>40.06295481417328</ele>
        <time>1970-01-01T00:27:41.300000Z</time>
        <extensions>
          <gpxtpx:TrackPointExtension>
            <gpxtpx:hr>166</gpxtpx:hr>
          </gpxtpx:TrackPointExtension>
        </extensions>
      </trkpt>
      <trkpt lat="40.00410397706008" lon="116.45381120983714">
        <ele>40.06329860165715</ele>
        <time>1970-01-01T00:27:42.300000Z</time>
        <extensions>
          <gpxtpx:TrackPointExtension>
            <gpxtpx:hr>166</gpxtpx:hr>
          </gpxtpx:TrackPointExtension>
        </extensions>
      </trkpt>
      <trkpt lat="40.00412088027052" lon="116.45384286556023">
        <ele>40.04998156521469</ele>
        <time>1970-01-01T00:27:43.300000Z</time>
        <extensions>
          <gpxtpx:TrackPointExtension>
            <gpxtpx:hr>167</gpxtpx:hr>
          </gpxtpx:TrackPointExtension>
        </extensions>
      </trkpt>
      <trkpt lat="40.00413650926355" lon="116.45387288819072">
        <ele>40.025483682751656</ele>
        <time>1970-01-01T00:27:44.300000Z</time>
        <extensions>
          <gpxtpx:TrackPointExtension>
            <gpxtpx:hr>167</gpxtpx:hr>
          </gpxtpx:TrackPointExtension>
        </extensions>
      </trkpt>
      <trkpt lat="40.004150846340536" lon="116.45390133216699">
        <ele>39.99194877687842</ele>
        <time>1970-01-01T00:27:45.300000Z</time>
        <extensions>
          <gpxtpx:TrackPointExtension>
            <gpxtpx:hr>167</gpxtpx:hr>
          </gpxtpx:TrackPointExtension>
        </extensions>
      </trkpt>
      <trkpt lat="40.00416442351064" lon="116.45392939838382">
        <ele>39.95089146308601</ele>
        <time>1970-01-01T00:27:46.300000Z</time>
        <extensions>
          <gpxtpx:TrackPointExtension>
            <gpxtpx:hr>167</gpxtpx:hr>
          </gpxtpx:TrackPointExtension>
        </extensions>
      </trkpt>
      <trkpt lat="40.00417773804743" lon="116.4539578934756">
        <ele>39.904210198670626</ele>
        <time>1970-01-01T00:27:47.300000Z</time>
        <extensions>
          <gpxtpx:TrackPointExtension>
            <gpxtpx:hr>167</gpxtpx:hr>
          </gpxtpx:TrackPointExtension>
        </extensions>
      </trkpt>
      <trkpt lat="40.00419081134735" lon="116.45398698299256">
        <ele>39.85450759995729</ele>
        <time>1970-01-01T00:27:48.300000Z</time>
        <extensions>
          <gpxtpx:TrackPointExtension>
            <gpxtpx:hr>168</gpxtpx:hr>
          </gpxtpx:TrackPointExtension>
        </extensions>
      </trkpt>
      <trkpt lat="40.004203549123424" lon="116.45401681314492">
        <ele>39.80432101059705</ele>
        <time>1970-01-01T00:27:49.300000Z</time>
        <extensions>
          <gpxtpx:TrackPointExtension>
            <gpxtpx:hr>168</gpxtpx:hr>
          </gpxtpx:TrackPointExtension>
        </extensions>
      </trkpt>
      <trkpt lat="40.00421564106206" lon="116.45404739351011">
        <ele>39.75473967939615</ele>
        <time>1970-01-01T00:27:50.300000Z</time>
        <extensions>
          <gpxtpx:TrackPointExtension>
            <gpxtpx:hr>168</gpxtpx:hr>
          </gpxtpx:TrackPointExtension>
        </extensions>
      </trkpt>
      <trkpt lat="40.00422630826963" lon="116.4540789837607">
        <ele>39.705398458987474</ele>
        <time>1970-01-01T00:27:51.300000Z</time>
        <extensions>
          <gpxtpx:TrackPointExtension>
            <gpxtpx:hr>168</gpxtpx:hr>
          </gpxtpx:TrackPointExtension>
        </extensions>
      </trkpt>
      <trkpt lat="40.00423462103936" lon="116.45411161954046">
        <ele>39.65545682515949</ele>
        <time>1970-01-01T00:27:52.300000Z</time>
        <extensions>
          <gpxtpx:TrackPointExtension>
            <gpxtpx:hr>168</gpxtpx:hr>
          </gpxtpx:TrackPointExtension>
        </extensions>
      </trkpt>
      <trkpt lat="40.004240405979" lon="116.45414474675215">
        <ele>39.60413262434304</ele>
        <time>1970-01-01T00:27:53.300000Z</time>
        <extensions>
          <gpxtpx:TrackPointExtension>
            <gpxtpx:hr>168</gpxtpx:hr>
          </gpxtpx:TrackPointExtension>
        </extensions>
      </trkpt>
      <trkpt lat="40.00424483141509" lon="116.45417759336134">
        <ele>39.55130710173398</ele>
        <time>1970-01-01T00:27:54.300000Z</time>
        <extensions>
          <gpxtpx:TrackPointExtension>
            <gpxtpx:hr>168</gpxtpx:hr>
          </gpxtpx:TrackPointExtension>
        </extensions>
      </trkpt>
      <trkpt lat="40.00424895772465" lon="116.45420957158078">
        <ele>39.49728827923536</ele>
        <time>1970-01-01T00:27:55.300000Z</time>
        <extensions>
          <gpxtpx:TrackPointExtension>
            <gpxtpx:hr>168</gpxtpx:hr>
          </gpxtpx:TrackPointExtension>
        </extensions>
      </trkpt>
      <trkpt lat="40.00425325991318" lon="116.45424101002037">
        <ele>39.442685356363654</ele>
        <time>1970-01-01T00:27:56.300000Z</time>
        <extensions>
          <gpxtpx:TrackPointExtension>
            <gpxtpx:hr>168</gpxtpx:hr>
          </gpxtpx:TrackPointExtension>
        </extensions>
      </trkpt>
      <trkpt lat="40.00425808332753" lon="116.4542721733841">
        <ele>39.38810554984957</ele>
        <time>1970-01-01T00:27:57.300000Z</time>
        <extensions>
          <gpxtpx:TrackPointExtension>
            <gpxtpx:hr>167</gpxtpx:hr>
          </gpxtpx:TrackPointExtension>
        </extensions>
      </trkpt>
      <trkpt lat="40.00426364960705" lon="116.4543030346028">
        <ele>39.33350329194218</ele>
        <time>1970-01-01T00:27:58.300000Z</time>
        <extensions>
          <gpxtpx:TrackPointExtension>
            <gpxtpx:hr>167</gpxtpx:hr>
          </gpxtpx:TrackPointExtension>
        </extensions>
      </trkpt>
      <trkpt lat="40.00427011835264" lon="116.45433368614863">
        <ele>39.278152246028185</ele>
        <time>1970-01-01T00:27:59.300000Z</time>
        <extensions>
          <gpxtpx:TrackPointExtension>
            <gpxtpx:hr>167</gpxtpx:hr>
          </gpxtpx:TrackPointExtension>
        </extensions>
      </trkpt>
      <trkpt lat="40.00427762308389" lon="116.45436427252098">
        <ele>39.22082297503948</ele>
        <time>1970-01-01T00:28:00.300000Z</time>
        <extensions>
          <gpxtpx:TrackPointExtension>
            <gpxtpx:hr>167</gpxtpx:hr>
          </gpxtpx:TrackPointExtension>
        </extensions>
      </trkpt>
      <trkpt lat="40.004286196214245" lon="116.45439505492931">
        <ele>39.160178513266146</ele>
        <time>1970-01-01T00:28:01.300000Z</time>
        <extensions>
          <gpxtpx:TrackPointExtension>
            <gpxtpx:hr>167</gpxtpx:hr>
          </gpxtpx:TrackPointExtension>
        </extensions>
      </trkpt>
      <trkpt lat="40.004295677528646" lon="116.45442601037261">
        <ele>39.095132355578244</ele>
        <time>1970-01-01T00:28:02.300000Z</time>
        <extensions>
          <gpxtpx:TrackPointExtension>
            <gpxtpx:hr>167</gpxtpx:hr>
          </gpxtpx:TrackPointExtension>
        </extensions>
      </trkpt>
      <trkpt lat="40.00430607400993" lon="116.45445701678833">
        <ele>39.02506756875664</ele>
        <time>1970-01-01T00:28:03.300000Z</time>
        <extensions>
          <gpxtpx:TrackPointExtension>
            <gpxtpx:hr>167</gpxtpx:hr>
          </gpxtpx:TrackPointExtension>
        </extensions>
      </trkpt>
      <trkpt lat="40.00431755117532" lon="116.45448815445981">
        <ele>38.95033446140587</ele>
        <time>1970-01-01T00:28:04.300000Z</time>
        <extensions>
          <gpxtpx:TrackPointExtension>
            <gpxtpx:hr>167</gpxtpx:hr>
          </gpxtpx:TrackPointExtension>
        </extensions>
      </trkpt>
      <trkpt lat="40.00433009548512" lon="116.45451895297951">
        <ele>38.872599923983216</ele>
        <time>1970-01-01T00:28:05.300000Z</time>
        <extensions>
          <gpxtpx:TrackPointExtension>
            <gpxtpx:hr>167</gpxtpx:hr>
          </gpxtpx:TrackPointExtension>
        </extensions>
      </trkpt>
      <trkpt lat="40.00434291370158" lon="116.45454927993076">
        <ele>38.794133636169136</ele>
        <time>1970-01-01T00:28:06.300000Z</time>
        <extensions>
          <gpxtpx:TrackPointExtension>
            <gpxtpx:hr>167</gpxtpx:hr>
          </gpxtpx:TrackPointExtension>
        </extensions>
      </trkpt>
      <trkpt lat="40.004354951312905" lon="116.45457957629074">
        <ele>38.71745625510812</ele>
        <time>1970-01-01T00:28:07.300000Z</time>
        <extensions>
          <gpxtpx:TrackPointExtension>
            <gpxtpx:hr>167</gpxtpx:hr>
          </gpxtpx:TrackPointExtension>
        </extensions>
      </trkpt>
      <trkpt lat="40.00436597231655" lon="116.4546103436512">
        <ele>38.644807138480246</ele>
        <time>1970-01-01T00:28:08.300000Z</time>
        <extensions>
          <gpxtpx:TrackPointExtension>
            <gpxtpx:hr>167</gpxtpx:hr>
          </gpxtpx:TrackPointExtension>
        </extensions>
      </trkpt>
      <trkpt lat="40.004376307620866" lon="116.45464225071714">
        <ele>38.57754788082093</ele>
        <time>1970-01-01T00:28:09.300000Z</time>
        <extensions>
          <gpxtpx:TrackPointExtension>
            <gpxtpx:hr>167</gpxtpx:hr>
          </gpxtpx:TrackPointExtension>
        </extensions>
      </trkpt>
      <trkpt lat="40.004386214303494" lon="116.45467550625699">
        <ele>38.51685422100127</ele>
        <time>1970-01-01T00:28:10.300000Z</time>
        <extensions>
          <gpxtpx:TrackPointExtension>
            <gpxtpx:hr>166</gpxtpx:hr>
          </gpxtpx:TrackPointExtension>
        </extensions>
      </trkpt>
      <trkpt lat="40.00439557151485" lon="116.45470939983339">
        <ele>38.46433403901756</ele>
        <time>1970-01-01T00:28:11.300000Z</time>
        <extensions>
          <gpxtpx:TrackPointExtension>
            <gpxtpx:hr>166</gpxtpx:hr>
          </gpxtpx:TrackPointExtension>
        </extensions>
      </trkpt>
      <trkpt lat="40.00440426758824" lon="116.45474314446626">
        <ele>38.42287176288664</ele>
        <time>1970-01-01T00:28:12.300000Z</time>
        <extensions>
          <gpxtpx:TrackPointExtension>
            <gpxtpx:hr>166</gpxtpx:hr>
          </gpxtpx:TrackPointExtension>
        </extensions>
      </trkpt>
      <trkpt lat="40.004412554084126" lon="116.45477611962701">
        <ele>38.395314045250416</ele>
        <time>1970-01-01T00:28:13.300000Z</time>
        <extensions>
          <gpxtpx:TrackPointExtension>
            <gpxtpx:hr>166</gpxtpx:hr>
          </gpxtpx:TrackPointExtension>
        </extensions>
      </trkpt>
      <trkpt lat="40.004420811555136" lon="116.45480808959852">
        <ele>38.3835185226053</ele>
        <time>1970-01-01T00:28:14.300000Z</time>
        <extensions>
          <gpxtpx:TrackPointExtension>
            <gpxtpx:hr>166</gpxtpx:hr>
          </gpxtpx:TrackPointExtension>
        </extensions>
      </trkpt>
      <trkpt lat="40.00442939328178" lon="116.45483931931189">
        <ele>38.38684174884111</ele>
        <time>1970-01-01T00:28:15.300000Z</time>
        <extensions>
          <gpxtpx:TrackPointExtension>
            <gpxtpx:hr>166</gpxtpx:hr>
          </gpxtpx:TrackPointExtension>
        </extensions>
      </trkpt>
      <trkpt lat="40.00443863119045" lon="116.45487042077002">
        <ele>38.40309000853449</ele>
        <time>1970-01-01T00:28:16.300000Z</time>
        <extensions>
          <gpxtpx:TrackPointExtension>
            <gpxtpx:hr>166</gpxtpx:hr>
          </gpxtpx:TrackPointExtension>
        </extensions>
      </trkpt>
      <trkpt lat="40.004448698360555" lon="116.45490156798215">
        <ele>38.429970365948975</ele>
        <time>1970-01-01T00:28:17.300000Z</time>
        <extensions>
          <gpxtpx:TrackPointExtension>
            <gpxtpx:hr>166</gpxtpx:hr>
          </gpxtpx:TrackPointExtension>
        </extensions>
      </trkpt>
      <trkpt lat="40.00445942734185" lon="116.45493257862401">
        <ele>38.465351334773004</ele>
        <time>1970-01-01T00:28:18.300000Z</time>
        <extensions>
          <gpxtpx:TrackPointExtension>
            <gpxtpx:hr>166</gpxtpx:hr>
          </gpxtpx:TrackPointExtension>
        </extensions>
      </trkpt>
      <trkpt lat="40.00447052046949" lon="116.45496346904679">
        <ele>38.507853153161705</ele>
        <time>1970-01-01T00:28:19.300000Z</time>
        <extensions>
          <gpxtpx:TrackPointExtension>
            <gpxtpx:hr>165</gpxtpx:hr>
          </gpxtpx:TrackPointExtension>
        </extensions>
      </trkpt>
      <trkpt lat="40.00448152742382" lon="116.45499388574996">
        <ele>38.557131834328175</ele>
        <time>1970-01-01T00:28:20.300000Z</time>
        <extensions>
          <gpxtpx:TrackPointExtension>
            <gpxtpx:hr>165</gpxtpx:hr>
          </gpxtpx:TrackPointExtension>
        </extensions>
      </trkpt>
      <trkpt lat="40.00449215772793" lon="116.45502386733932">
        <ele>38.61278101336211</ele>
        <time>1970-01-01T00:28:21.300000Z</time>
        <extensions>
          <gpxtpx:TrackPointExtension>
            <gpxtpx:hr>165</gpxtpx:hr>
          </gpxtpx:TrackPointExtension>
        </extensions>
      </trkpt>
      <trkpt lat="40.004502322830554" lon="116.45505394006223">
        <ele>38.673647774383426</ele>
        <time>1970-01-01T00:28:22.300000Z</time>
        <extensions>
          <gpxtpx:TrackPointExtension>
            <gpxtpx:hr>165</gpxtpx:hr>
          </gpxtpx:TrackPointExtension>
        </extensions>
      </trkpt>
      <trkpt lat="40.004511834437906" lon="116.45508433763679">
        <ele>38.73757575638592</ele>
        <time>1970-01-01T00:28:23.300000Z</time>
        <extensions>
          <gpxtpx:TrackPointExtension>
            <gpxtpx:hr>165</gpxtpx:hr>
          </gpxtpx:TrackPointExtension>
        </extensions>
      </trkpt>
      <trkpt lat="40.00452043258912" lon="116.45511481656786">
        <ele>38.80325521994382</ele>
        <time>1970-01-01T00:28:24.300000Z</time>
        <extensions>
          <gpxtpx:TrackPointExtension>
            <gpxtpx:hr>165</gpxtpx:hr>
          </gpxtpx:TrackPointExtension>
        </extensions>
      </trkpt>
      <trkpt lat="40.0045280287945" lon="116.45514519374991">
        <ele>38.8697597887367</ele>
        <time>1970-01-01T00:28:25.300000Z</time>
        <extensions>
          <gpxtpx:TrackPointExtension>
            <gpxtpx:hr>165</gpxtpx:hr>
          </gpxtpx:TrackPointExtension>
        </extensions>
      </trkpt>
      <trkpt lat="40.0045346073726" lon="116.455175137171">
        <ele>38.93621614668518</ele>
        <time>1970-01-01T00:28:26.300000Z</time>
        <extensions>
          <gpxtpx:TrackPointExtension>
            <gpxtpx:hr>165</gpxtpx:hr>
          </gpxtpx:TrackPointExtension>
        </extensions>
      </trkpt>
      <trkpt lat="40.00454027103607" lon="116.45520418913527">
        <ele>39.001169465482235</ele>
        <time>1970-01-01T00:28:27.300000Z</time>
        <extensions>
          <gpxtpx:TrackPointExtension>
            <gpxtpx:hr>165</gpxtpx:hr>
          </gpxtpx:TrackPointExtension>
        </extensions>
      </trkpt>
      <trkpt lat="40.00454531546282" lon="116.45523263648457">
        <ele>39.06127539277077</ele>
        <time>1970-01-01T00:28:28.300000Z</time>
        <extensions>
          <gpxtpx:TrackPointExtension>
            <gpxtpx:hr>165</gpxtpx:hr>
          </gpxtpx:TrackPointExtension>
        </extensions>
      </trkpt>
      <trkpt lat="40.00454996657136" lon="116.45526106078631">
        <ele>39.112184644676745</ele>
        <time>1970-01-01T00:28:29.300000Z</time>
        <extensions>
          <gpxtpx:TrackPointExtension>
            <gpxtpx:hr>164</gpxtpx:hr>
          </gpxtpx:TrackPointExtension>
        </extensions>
      </trkpt>
      <trkpt lat="40.00455431077231" lon="116.45528980362813">
        <ele>39.14790924452245</ele>
        <time>1970-01-01T00:28:30.300000Z</time>
        <extensions>
          <gpxtpx:TrackPointExtension>
            <gpxtpx:hr>164</gpxtpx:hr>
          </gpxtpx:TrackPointExtension>
        </extensions>
      </trkpt>
      <trkpt lat="40.00455835643737" lon="116.45531949177494">
        <ele>39.16270989086479</ele>
        <time>1970-01-01T00:28:31.300000Z</time>
        <extensions>
          <gpxtpx:TrackPointExtension>
            <gpxtpx:hr>164</gpxtpx:hr>
          </gpxtpx:TrackPointExtension>
        </extensions>
      </trkpt>
      <trkpt lat="40.00456204290346" lon="116.45535090775883">
        <ele>39.15280865877867</ele>
        <time>1970-01-01T00:28:32.300000Z</time>
        <extensions>
          <gpxtpx:TrackPointExtension>
            <gpxtpx:hr>164</gpxtpx:hr>
          </gpxtpx:TrackPointExtension>
        </extensions>
      </trkpt>
      <trkpt lat="40.00456551769856" lon="116.45538500337756">
        <ele>39.118217749521136</ele>
        <time>1970-01-01T00:28:33.300000Z</time>
        <extensions>
          <gpxtpx:TrackPointExtension>
            <gpxtpx:hr>164</gpxtpx:hr>
          </gpxtpx:TrackPointExtension>
        </extensions>
      </trkpt>
      <trkpt lat="40.0045689591634" lon="116.45542161051631">
        <ele>39.062764584086835</ele>
        <time>1970-01-01T00:28:34.300000Z</time>
        <extensions>
          <gpxtpx:TrackPointExtension>
            <gpxtpx:hr>164</gpxtpx:hr>
          </gpxtpx:TrackPointExtension>
        </extensions>
      </trkpt>
      <trkpt lat="40.00457208877129" lon="116.45545895299396">
        <ele>38.992025109007955</ele>
        <time>1970-01-01T00:28:35.300000Z</time>
        <extensions>
          <gpxtpx:TrackPointExtension>
            <gpxtpx:hr>164</gpxtpx:hr>
          </gpxtpx:TrackPointExtension>
        </extensions>
      </trkpt>
      <trkpt lat="40.0045743220966" lon="116.45549577460426">
        <ele>38.91173561103642</ele>
        <time>1970-01-01T00:28:36.300000Z</time>
        <extensions>
          <gpxtpx:TrackPointExtension>
            <gpxtpx:hr>164</gpxtpx:hr>
          </gpxtpx:TrackPointExtension>
        </extensions>
      </trkpt>
      <trkpt lat="40.00457517844536" lon="116.45553219201824">
        <ele>38.827559154480696</ele>
        <time>1970-01-01T00:28:37.300000Z</time>
        <extensions>
          <gpxtpx:TrackPointExtension>
            <gpxtpx:hr>164</gpxtpx:hr>
          </gpxtpx:TrackPointExtension>
        </extensions>
      </trkpt>
      <trkpt lat="40.004574474547525" lon="116.45556855288737">
        <ele>38.74501614738256</ele>
        <time>1970-01-01T00:28:38.300000Z</time>
        <extensions>
          <gpxtpx:TrackPointExtension>
            <gpxtpx:hr>164</gpxtpx:hr>
          </gpxtpx:TrackPointExtension>
        </extensions>
      </trkpt>
      <trkpt lat="40.004572147229844" lon="116.45560520160873">
        <ele>38.66939741745591</ele>
        <time>1970-01-01T00:28:39.300000Z</time>
        <extensions>
          <gpxtpx:TrackPointExtension>
            <gpxtpx:hr>165</gpxtpx:hr>
          </gpxtpx:TrackPointExtension>
        </extensions>
      </trkpt>
      <trkpt lat="40.004568457567764" lon="116.45564178428403">
        <ele>38.60483114607632</ele>
        <time>1970-01-01T00:28:40.300000Z</time>
        <extensions>
          <gpxtpx:TrackPointExtension>
            <gpxtpx:hr>165</gpxtpx:hr>
          </gpxtpx:TrackPointExtension>
        </extensions>
      </trkpt>
      <trkpt lat="40.00456407168079" lon="116.45567761347313">
        <ele>38.554016263224185</ele>
        <time>1970-01-01T00:28:41.300000Z</time>
        <extensions>
          <gpxtpx:TrackPointExtension>
            <gpxtpx:hr>165</gpxtpx:hr>
          </gpxtpx:TrackPointExtension>
        </extensions>
      </trkpt>
      <trkpt lat="40.00455963794304" lon="116.45571276470825">
        <ele>38.518976697698236</ele>
        <time>1970-01-01T00:28:42.300000Z</time>
        <extensions>
          <gpxtpx:TrackPointExtension>
            <gpxtpx:hr>165</gpxtpx:hr>
          </gpxtpx:TrackPointExtension>
        </extensions>
      </trkpt>
      <trkpt lat="40.00455535676618" lon="116.45574748137052">
        <ele>38.50157109647989</ele>
        <time>1970-01-01T00:28:43.300000Z</time>
        <extensions>
          <gpxtpx:TrackPointExtension>
            <gpxtpx:hr>165</gpxtpx:hr>
          </gpxtpx:TrackPointExtension>
        </extensions>
      </trkpt>
      <trkpt lat="40.00455132336713" lon="116.4557816561474">
        <ele>38.503843979910016</ele>
        <time>1970-01-01T00:28:44.300000Z</time>
        <extensions>
          <gpxtpx:TrackPointExtension>
            <gpxtpx:hr>165</gpxtpx:hr>
          </gpxtpx:TrackPointExtension>
        </extensions>
      </trkpt>
      <trkpt lat="40.00454788923883" lon="116.45581469136988">
        <ele>38.5280504822731</ele>
        <time>1970-01-01T00:28:45.300000Z</time>
        <extensions>
          <gpxtpx:TrackPointExtension>
            <gpxtpx:hr>165</gpxtpx:hr>
          </gpxtpx:TrackPointExtension>
        </extensions>
      </trkpt>
      <trkpt lat="40.00454487054564" lon="116.45584666223701">
        <ele>38.576205858029425</ele>
        <time>1970-01-01T00:28:46.300000Z</time>
        <extensions>
          <gpxtpx:TrackPointExtension>
            <gpxtpx:hr>165</gpxtpx:hr>
          </gpxtpx:TrackPointExtension>
        </extensions>
      </trkpt>
      <trkpt lat="40.004541877532425" lon="116.45587825309825">
        <ele>38.648399628698826</ele>
        <time>1970-01-01T00:28:47.300000Z</time>
        <extensions>
          <gpxtpx:TrackPointExtension>
            <gpxtpx:hr>165</gpxtpx:hr>
          </gpxtpx:TrackPointExtension>
        </extensions>
      </trkpt>
      <trkpt lat="40.004538407226455" lon="116.45590971814491">
        <ele>38.74170916154981</ele>
        <time>1970-01-01T00:28:48.300000Z</time>
        <extensions>
          <gpxtpx:TrackPointExtension>
            <gpxtpx:hr>165</gpxtpx:hr>
          </gpxtpx:TrackPointExtension>
        </extensions>
      </trkpt>
      <trkpt lat="40.004534388836476" lon="116.45594089617342">
        <ele>38.85110316518694</ele>
        <time>1970-01-01T00:28:49.300000Z</time>
        <extensions>
          <gpxtpx:TrackPointExtension>
            <gpxtpx:hr>165</gpxtpx:hr>
          </gpxtpx:TrackPointExtension>
        </extensions>
      </trkpt>
      <trkpt lat="40.004530566591825" lon="116.45597179285325">
        <ele>38.97059103101492</ele>
        <time>1970-01-01T00:28:50.300000Z</time>
        <extensions>
          <gpxtpx:TrackPointExtension>
            <gpxtpx:hr>165</gpxtpx:hr>
          </gpxtpx:TrackPointExtension>
        </extensions>
      </trkpt>
      <trkpt lat="40.00452731062007" lon="116.45600291827589">
        <ele>39.0939763514325</ele>
        <time>1970-01-01T00:28:51.300000Z</time>
        <extensions>
          <gpxtpx:TrackPointExtension>
            <gpxtpx:hr>165</gpxtpx:hr>
          </gpxtpx:TrackPointExtension>
        </extensions>
      </trkpt>
      <trkpt lat="40.00452477285692" lon="116.45603470012284">
        <ele>39.215455669909716</ele>
        <time>1970-01-01T00:28:52.300000Z</time>
        <extensions>
          <gpxtpx:TrackPointExtension>
            <gpxtpx:hr>165</gpxtpx:hr>
          </gpxtpx:TrackPointExtension>
        </extensions>
      </trkpt>
      <trkpt lat="40.00452303411049" lon="116.4560668146432">
        <ele>39.32984655350447</ele>
        <time>1970-01-01T00:28:53.300000Z</time>
        <extensions>
          <gpxtpx:TrackPointExtension>
            <gpxtpx:hr>165</gpxtpx:hr>
          </gpxtpx:TrackPointExtension>
        </extensions>
      </trkpt>
      <trkpt lat="40.00452190148563" lon="116.45609870659084">
        <ele>39.432900592684746</ele>
        <time>1970-01-01T00:28:54.300000Z</time>
        <extensions>
          <gpxtpx:TrackPointExtension>
            <gpxtpx:hr>165</gpxtpx:hr>
          </gpxtpx:TrackPointExtension>
        </extensions>
      </trkpt>
      <trkpt lat="40.004521254625" lon="116.45613002935089">
        <ele>39.521663649939</ele>
        <time>1970-01-01T00:28:55.300000Z</time>
        <extensions>
          <gpxtpx:TrackPointExtension>
            <gpxtpx:hr>165</gpxtpx:hr>
          </gpxtpx:TrackPointExtension>
        </extensions>
      </trkpt>
      <trkpt lat="40.00452114678555" lon="116.45616116493649">
        <ele>39.5943503594026</ele>
        <time>1970-01-01T00:28:56.300000Z</time>
        <extensions>
          <gpxtpx:TrackPointExtension>
            <gpxtpx:hr>165</gpxtpx:hr>
          </gpxtpx:TrackPointExtension>
        </extensions>
      </trkpt>
      <trkpt lat="40.0045215710244" lon="116.45619219848388">
        <ele>39.65000669751316</ele>
        <time>1970-01-01T00:28:57.300000Z</time>
        <extensions>
          <gpxtpx:TrackPointExtension>
            <gpxtpx:hr>165</gpxtpx:hr>
          </gpxtpx:TrackPointExtension>
        </extensions>
      </trkpt>
      <trkpt lat="40.00452248811025" lon="116.45622283357892">
        <ele>39.68773207440972</ele>
        <time>1970-01-01T00:28:58.300000Z</time>
        <extensions>
          <gpxtpx:TrackPointExtension>
            <gpxtpx:hr>165</gpxtpx:hr>
          </gpxtpx:TrackPointExtension>
        </extensions>
      </trkpt>
      <trkpt lat="40.00452389707375" lon="116.45625307834779">
        <ele>39.706314011476934</ele>
        <time>1970-01-01T00:28:59.300000Z</time>
        <extensions>
          <gpxtpx:TrackPointExtension>
            <gpxtpx:hr>165</gpxtpx:hr>
          </gpxtpx:TrackPointExtension>
        </extensions>
      </trkpt>
      <trkpt lat="40.00452595114633" lon="116.45628337261523">
        <ele>39.70442904159427</ele>
        <time>1970-01-01T00:29:00.400000Z</time>
        <extensions>
          <gpxtpx:TrackPointExtension>
            <gpxtpx:hr>165</gpxtpx:hr>
          </gpxtpx:TrackPointExtension>
        </extensions>
      </trkpt>
      <trkpt lat="40.00452901094512" lon="116.45631430266735">
        <ele>39.681168338283896</ele>
        <time>1970-01-01T00:29:01.400000Z</time>
        <extensions>
          <gpxtpx:TrackPointExtension>
            <gpxtpx:hr>165</gpxtpx:hr>
          </gpxtpx:TrackPointExtension>
        </extensions>
      </trkpt>
      <trkpt lat="40.00453311695554" lon="116.4563457431342">
        <ele>39.63666960224509</ele>
        <time>1970-01-01T00:29:02.400000Z</time>
        <extensions>
          <gpxtpx:TrackPointExtension>
            <gpxtpx:hr>165</gpxtpx:hr>
          </gpxtpx:TrackPointExtension>
        </extensions>
      </trkpt>
      <trkpt lat="40.00453799093316" lon="116.45637708864342">
        <ele>39.572473981417716</ele>
        <time>1970-01-01T00:29:03.400000Z</time>
        <extensions>
          <gpxtpx:TrackPointExtension>
            <gpxtpx:hr>165</gpxtpx:hr>
          </gpxtpx:TrackPointExtension>
        </extensions>
      </trkpt>
      <trkpt lat="40.00454343216619" lon="116.45640834875476">
        <ele>39.491729458794</ele>
        <time>1970-01-01T00:29:04.400000Z</time>
        <extensions>
          <gpxtpx:TrackPointExtension>
            <gpxtpx:hr>165</gpxtpx:hr>
          </gpxtpx:TrackPointExtension>
        </extensions>
      </trkpt>
      <trkpt lat="40.004549364859" lon="116.456440223486">
        <ele>39.39803471323103</ele>
        <time>1970-01-01T00:29:05.400000Z</time>
        <extensions>
          <gpxtpx:TrackPointExtension>
            <gpxtpx:hr>165</gpxtpx:hr>
          </gpxtpx:TrackPointExtension>
        </extensions>
      </trkpt>
      <trkpt lat="40.0045558053159" lon="116.45647334153593">
        <ele>39.29450421594083</ele>
        <time>1970-01-01T00:29:06.400000Z</time>
        <extensions>
          <gpxtpx:TrackPointExtension>
            <gpxtpx:hr>165</gpxtpx:hr>
          </gpxtpx:TrackPointExtension>
        </extensions>
      </trkpt>
      <trkpt lat="40.0045624940324" lon="116.45650818193552">
        <ele>39.183875411748886</ele>
        <time>1970-01-01T00:29:07.400000Z</time>
        <extensions>
          <gpxtpx:TrackPointExtension>
            <gpxtpx:hr>165</gpxtpx:hr>
          </gpxtpx:TrackPointExtension>
        </extensions>
      </trkpt>
      <trkpt lat="40.00456891671042" lon="116.45654468537455">
        <ele>39.06858412362635</ele>
        <time>1970-01-01T00:29:08.400000Z</time>
        <extensions>
          <gpxtpx:TrackPointExtension>
            <gpxtpx:hr>165</gpxtpx:hr>
          </gpxtpx:TrackPointExtension>
        </extensions>
      </trkpt>
      <trkpt lat="40.0045746295665" lon="116.45658157977135">
        <ele>38.95153241790831</ele>
        <time>1970-01-01T00:29:09.400000Z</time>
        <extensions>
          <gpxtpx:TrackPointExtension>
            <gpxtpx:hr>165</gpxtpx:hr>
          </gpxtpx:TrackPointExtension>
        </extensions>
      </trkpt>
      <trkpt lat="40.004579241039096" lon="116.45661745158274">
        <ele>38.83629553951323</ele>
        <time>1970-01-01T00:29:10.400000Z</time>
        <extensions>
          <gpxtpx:TrackPointExtension>
            <gpxtpx:hr>165</gpxtpx:hr>
          </gpxtpx:TrackPointExtension>
        </extensions>
      </trkpt>
      <trkpt lat="40.00458257884134" lon="116.45665169131115">
        <ele>38.726236341521144</ele>
        <time>1970-01-01T00:29:11.400000Z</time>
        <extensions>
          <gpxtpx:TrackPointExtension>
            <gpxtpx:hr>165</gpxtpx:hr>
          </gpxtpx:TrackPointExtension>
        </extensions>
      </trkpt>
      <trkpt lat="40.00458509509403" lon="116.45668477179412">
        <ele>38.62387681752443</ele>
        <time>1970-01-01T00:29:12.400000Z</time>
        <extensions>
          <gpxtpx:TrackPointExtension>
            <gpxtpx:hr>165</gpxtpx:hr>
          </gpxtpx:TrackPointExtension>
        </extensions>
      </trkpt>
      <trkpt lat="40.00458716077797" lon="116.45671738859483">
        <ele>38.53081115428358</ele>
        <time>1970-01-01T00:29:13.400000Z</time>
        <extensions>
          <gpxtpx:TrackPointExtension>
            <gpxtpx:hr>165</gpxtpx:hr>
          </gpxtpx:TrackPointExtension>
        </extensions>
      </trkpt>
      <trkpt lat="40.00458872618568" lon="116.45674925334156">
        <ele>38.44775362405926</ele>
        <time>1970-01-01T00:29:14.400000Z</time>
        <extensions>
          <gpxtpx:TrackPointExtension>
            <gpxtpx:hr>165</gpxtpx:hr>
          </gpxtpx:TrackPointExtension>
        </extensions>
      </trkpt>
      <trkpt lat="40.00458954445189" lon="116.45678014204485">
        <ele>38.374489455483854</ele>
        <time>1970-01-01T00:29:15.400000Z</time>
        <extensions>
          <gpxtpx:TrackPointExtension>
            <gpxtpx:hr>165</gpxtpx:hr>
          </gpxtpx:TrackPointExtension>
        </extensions>
      </trkpt>
      <trkpt lat="40.00458975104041" lon="116.45681003639692">
        <ele>38.31040795054287</ele>
        <time>1970-01-01T00:29:16.400000Z</time>
        <extensions>
          <gpxtpx:TrackPointExtension>
            <gpxtpx:hr>165</gpxtpx:hr>
          </gpxtpx:TrackPointExtension>
        </extensions>
      </trkpt>
      <trkpt lat="40.004589562820236" lon="116.45683930612172">
        <ele>38.254763138480484</ele>
        <time>1970-01-01T00:29:17.400000Z</time>
        <extensions>
          <gpxtpx:TrackPointExtension>
            <gpxtpx:hr>165</gpxtpx:hr>
          </gpxtpx:TrackPointExtension>
        </extensions>
      </trkpt>
      <trkpt lat="40.004589073991845" lon="116.45686781350578">
        <ele>38.20632706582546</ele>
        <time>1970-01-01T00:29:18.400000Z</time>
        <extensions>
          <gpxtpx:TrackPointExtension>
            <gpxtpx:hr>165</gpxtpx:hr>
          </gpxtpx:TrackPointExtension>
        </extensions>
      </trkpt>
      <trkpt lat="40.004588191928846" lon="116.45689552963154">
        <ele>38.16340998187661</ele>
        <time>1970-01-01T00:29:19.400000Z</time>
        <extensions>
          <gpxtpx:TrackPointExtension>
            <gpxtpx:hr>165</gpxtpx:hr>
          </gpxtpx:TrackPointExtension>
        </extensions>
      </trkpt>
      <trkpt lat="40.00458616865153" lon="116.45693171423186">
        <ele>38.11221847962588</ele>
        <time>1970-01-01T00:29:20.700000Z</time>
        <extensions>
          <gpxtpx:TrackPointExtension>
            <gpxtpx:hr>165</gpxtpx:hr>
          </gpxtpx:TrackPointExtension>
        </extensions>
      </trkpt>
    </trkseg>
  </trk>
</gpx>